row_index,patient_id,model,fold,y_true,y_pred,y_proba
0,1,logistic_regression_tuned,0,0,0,0.0130156234909306
9,11,logistic_regression_tuned,0,0,1,0.748912946024711
12,14,logistic_regression_tuned,0,0,0,0.011056394622506587
18,21,logistic_regression_tuned,0,0,0,0.006613461566504258
21,25,logistic_regression_tuned,0,1,0,0.0972773846498891
23,29,logistic_regression_tuned,0,0,0,0.04086469456316603
29,36,logistic_regression_tuned,0,0,0,0.006021163349663487
32,39,logistic_regression_tuned,0,0,0,0.059725283810937835
33,40,logistic_regression_tuned,0,0,1,0.8340019896849852
34,41,logistic_regression_tuned,0,0,0,0.10329562773301738
43,52,logistic_regression_tuned,0,0,0,0.2813759893795719
57,75,logistic_regression_tuned,0,0,0,0.008378877208161037
59,77,logistic_regression_tuned,0,1,0,0.19127128593901746
60,78,logistic_regression_tuned,0,0,0,0.06652231528357935
61,79,logistic_regression_tuned,0,0,0,0.007606413001054047
64,82,logistic_regression_tuned,0,0,0,0.12183184661867076
76,95,logistic_regression_tuned,0,0,0,0.027794071389108495
78,97,logistic_regression_tuned,0,1,1,0.9006073942553089
90,111,logistic_regression_tuned,0,0,0,0.3241775044638199
92,115,logistic_regression_tuned,0,1,1,0.85089773741724
102,126,logistic_regression_tuned,0,0,0,0.07366265945024723
103,127,logistic_regression_tuned,0,0,0,0.006764557728704933
116,145,logistic_regression_tuned,0,0,0,0.02857934628956489
118,147,logistic_regression_tuned,0,0,0,0.027687856960634295
125,155,logistic_regression_tuned,0,0,0,0.036144712374248676
130,160,logistic_regression_tuned,0,0,0,0.15964841268296595
132,162,logistic_regression_tuned,0,0,0,0.04552742867404385
139,170,logistic_regression_tuned,0,1,1,0.9988969104054165
145,176,logistic_regression_tuned,0,1,1,0.9874280578155376
153,189,logistic_regression_tuned,0,0,0,0.0212220675654593
157,194,logistic_regression_tuned,0,0,0,0.015686886859167776
161,198,logistic_regression_tuned,0,0,0,0.3831143404433892
164,202,logistic_regression_tuned,0,0,0,0.0373281347522046
165,203,logistic_regression_tuned,0,0,0,0.34778970963836414
167,205,logistic_regression_tuned,0,0,0,0.06138039944098168
169,208,logistic_regression_tuned,0,0,0,0.2329821088725236
180,224,logistic_regression_tuned,0,0,0,0.02350752110803939
184,229,logistic_regression_tuned,0,0,0,0.06714502058915117
196,244,logistic_regression_tuned,0,1,0,0.4735693820895945
200,249,logistic_regression_tuned,0,1,1,0.9940705170325671
203,252,logistic_regression_tuned,0,0,0,0.03089248649557757
206,255,logistic_regression_tuned,0,0,0,0.01587508786092277
213,263,logistic_regression_tuned,0,0,0,0.008789529338980934
225,281,logistic_regression_tuned,0,0,0,0.0683243917642491
226,282,logistic_regression_tuned,0,0,0,0.25044550107973657
230,286,logistic_regression_tuned,0,0,0,0.005285469528767864
233,289,logistic_regression_tuned,0,0,0,0.08402689694008382
235,291,logistic_regression_tuned,0,1,0,0.03072276592539871
240,298,logistic_regression_tuned,0,0,0,0.3151947058849865
261,327,logistic_regression_tuned,0,0,0,0.008334526378401657
266,332,logistic_regression_tuned,0,0,0,0.05896578595603465
267,333,logistic_regression_tuned,0,0,0,0.027779961273554837
269,335,logistic_regression_tuned,0,0,0,0.24128023281851088
273,340,logistic_regression_tuned,0,0,0,0.051078088217856144
274,342,logistic_regression_tuned,0,1,1,0.7673532809199148
280,350,logistic_regression_tuned,0,0,0,0.37264570191016716
283,353,logistic_regression_tuned,0,1,0,0.13838741218763506
286,358,logistic_regression_tuned,0,0,0,0.017673733864128276
289,362,logistic_regression_tuned,0,0,0,0.03567548475418818
292,365,logistic_regression_tuned,0,0,0,0.023052535983734617
298,374,logistic_regression_tuned,0,0,0,0.11610742477797308
306,386,logistic_regression_tuned,0,0,0,0.22010109721524115
308,388,logistic_regression_tuned,0,1,1,0.9911986973444565
311,391,logistic_regression_tuned,0,1,1,0.9212842250762932
313,395,logistic_regression_tuned,0,0,0,0.2515927644040758
319,404,logistic_regression_tuned,0,1,1,0.6424785520378634
325,410,logistic_regression_tuned,0,0,0,0.016885750342035176
328,413,logistic_regression_tuned,0,1,1,0.9958244037938588
333,418,logistic_regression_tuned,0,0,0,0.14049231217753255
341,426,logistic_regression_tuned,0,1,1,0.9769413689520743
343,428,logistic_regression_tuned,0,1,1,0.9590772064264793
353,439,logistic_regression_tuned,0,1,1,0.9809625493253571
354,441,logistic_regression_tuned,0,0,0,0.1565098996458874
361,450,logistic_regression_tuned,0,1,1,0.519929880988101
364,454,logistic_regression_tuned,0,1,1,0.673480639134512
366,457,logistic_regression_tuned,0,1,1,0.7376180763164475
391,489,logistic_regression_tuned,0,0,0,0.44629943874881306
397,495,logistic_regression_tuned,0,0,1,0.7177464159579731
398,496,logistic_regression_tuned,0,1,1,0.9974565342505276
399,497,logistic_regression_tuned,0,0,0,0.02410732216743547
411,512,logistic_regression_tuned,0,0,0,0.10215629184461684
418,520,logistic_regression_tuned,0,0,0,0.09820810753326521
420,525,logistic_regression_tuned,0,1,0,0.4632621280862868
422,527,logistic_regression_tuned,0,0,0,0.11053747241578461
428,536,logistic_regression_tuned,0,0,0,0.31912249976566437
430,539,logistic_regression_tuned,0,0,0,0.003770725530808908
449,289,logistic_regression_tuned,0,0,0,0.08282239645144518
456,29,logistic_regression_tuned,0,0,0,0.03655161234226118
460,489,logistic_regression_tuned,0,0,0,0.48423358584994675
480,374,logistic_regression_tuned,0,0,0,0.11384957117417233
482,170,logistic_regression_tuned,0,1,1,0.9989256160705565
485,198,logistic_regression_tuned,0,0,0,0.42332655615477527
487,388,logistic_regression_tuned,0,1,1,0.9924649172287292
489,202,logistic_regression_tuned,0,0,0,0.02997671762870653
510,489,logistic_regression_tuned,0,0,0,0.4720373968291623
512,281,logistic_regression_tuned,0,0,0,0.06970880080251851
513,95,logistic_regression_tuned,0,0,0,0.03300436636402488
521,249,logistic_regression_tuned,0,1,1,0.9944155359272743
529,111,logistic_regression_tuned,0,0,0,0.349953804326467
532,229,logistic_regression_tuned,0,0,0,0.08243522245308495
535,327,logistic_regression_tuned,0,0,0,0.008120786160031106
540,439,logistic_regression_tuned,0,1,1,0.9759816265141924
541,208,logistic_regression_tuned,0,0,0,0.19661167263155413
543,350,logistic_regression_tuned,0,0,0,0.3619646263675541
545,25,logistic_regression_tuned,0,1,0,0.09623394292407586
552,489,logistic_regression_tuned,0,0,0,0.43938708579735286
556,298,logistic_regression_tuned,0,0,0,0.3573963042767755
557,395,logistic_regression_tuned,0,0,0,0.26893128506655994
561,342,logistic_regression_tuned,0,1,1,0.7314792847375612
567,291,logistic_regression_tuned,0,1,0,0.025965882271587606
568,198,logistic_regression_tuned,0,0,0,0.41551902274251207
569,255,logistic_regression_tuned,0,0,0,0.021165641289774856
580,115,logistic_regression_tuned,0,1,1,0.8469250378789809
582,147,logistic_regression_tuned,0,0,0,0.026226454926997784
586,358,logistic_regression_tuned,0,0,0,0.017741738988164717
589,342,logistic_regression_tuned,0,1,1,0.789542842724787
598,202,logistic_regression_tuned,0,0,0,0.0435085634630342
614,14,logistic_regression_tuned,0,0,0,0.011242464326160533
617,282,logistic_regression_tuned,0,0,0,0.30351898560712154
626,208,logistic_regression_tuned,0,0,0,0.23510575135688533
632,374,logistic_regression_tuned,0,0,0,0.09469868448624914
633,291,logistic_regression_tuned,0,1,0,0.03384182142682054
636,450,logistic_regression_tuned,0,1,0,0.4836750503115543
637,327,logistic_regression_tuned,0,0,0,0.009349773191431576
640,95,logistic_regression_tuned,0,0,0,0.020119534537209736
644,202,logistic_regression_tuned,0,0,0,0.031561491290909995
646,14,logistic_regression_tuned,0,0,0,0.011353654874602423
654,281,logistic_regression_tuned,0,0,0,0.053852878739323186
660,358,logistic_regression_tuned,0,0,0,0.014733429763352958
668,127,logistic_regression_tuned,0,0,0,0.006882109284630304
675,340,logistic_regression_tuned,0,0,0,0.061719947955347486
678,229,logistic_regression_tuned,0,0,0,0.06114814132301295
680,25,logistic_regression_tuned,0,1,0,0.0817065878045999
684,418,logistic_regression_tuned,0,0,0,0.1726986896333277
686,249,logistic_regression_tuned,0,1,1,0.9930948875691881
688,202,logistic_regression_tuned,0,0,0,0.0342928500835304
690,198,logistic_regression_tuned,0,0,0,0.4051963835911958
695,224,logistic_regression_tuned,0,0,0,0.020745097130399542
698,520,logistic_regression_tuned,0,0,0,0.08482357002920135
702,1,logistic_regression_tuned,0,0,0,0.010855077180751087
705,75,logistic_regression_tuned,0,0,0,0.008030126219265942
708,97,logistic_regression_tuned,0,1,1,0.9196080436483658
727,539,logistic_regression_tuned,0,0,0,0.002963947966838715
732,52,logistic_regression_tuned,0,0,0,0.2757169111357016
734,395,logistic_regression_tuned,0,0,0,0.21493653926053521
740,170,logistic_regression_tuned,0,1,1,0.9987087775796089
744,115,logistic_regression_tuned,0,1,1,0.8453801168520132
745,335,logistic_regression_tuned,0,0,0,0.22578440433929428
751,457,logistic_regression_tuned,0,1,1,0.7072561107708253
752,126,logistic_regression_tuned,0,0,0,0.07707991206414824
757,291,logistic_regression_tuned,0,1,0,0.029686523555585626
764,36,logistic_regression_tuned,0,0,0,0.0050861685001207906
766,244,logistic_regression_tuned,0,1,1,0.5294354716543299
769,282,logistic_regression_tuned,0,0,0,0.22455544501692448
776,386,logistic_regression_tuned,0,0,0,0.20353762808617423
780,79,logistic_regression_tuned,0,0,0,0.008187853219117577
785,388,logistic_regression_tuned,0,1,1,0.9922777813686343
786,126,logistic_regression_tuned,0,0,0,0.06327947942696087
787,198,logistic_regression_tuned,0,0,0,0.3748158570302555
797,497,logistic_regression_tuned,0,0,0,0.01967153632230856
800,525,logistic_regression_tuned,0,1,0,0.44683541061479615
801,289,logistic_regression_tuned,0,0,0,0.08600365504631968
803,410,logistic_regression_tuned,0,0,0,0.017595423459378597
806,333,logistic_regression_tuned,0,0,0,0.02906521272875286
807,147,logistic_regression_tuned,0,0,0,0.03847665537641348
809,77,logistic_regression_tuned,0,1,0,0.20766114820583087
816,286,logistic_regression_tuned,0,0,0,0.004298515178862713
817,75,logistic_regression_tuned,0,0,0,0.006926738706152852
823,29,logistic_regression_tuned,0,0,0,0.036343857087751626
842,410,logistic_regression_tuned,0,0,0,0.012917524283246731
847,1,logistic_regression_tuned,0,0,0,0.012515027625968747
852,21,logistic_regression_tuned,0,0,0,0.007998057333363581
859,39,logistic_regression_tuned,0,0,0,0.05968607064077013
862,263,logistic_regression_tuned,0,0,0,0.009191479970346668
863,332,logistic_regression_tuned,0,0,0,0.05042780550852947
865,342,logistic_regression_tuned,0,1,1,0.714472554745608
869,333,logistic_regression_tuned,0,0,0,0.03300563912112871
873,194,logistic_regression_tuned,0,0,0,0.013831861996685714
874,333,logistic_regression_tuned,0,0,0,0.02656931284876754
887,353,logistic_regression_tuned,0,1,0,0.15906921454274403
888,497,logistic_regression_tuned,0,0,0,0.01847480931411349
890,289,logistic_regression_tuned,0,0,0,0.08513348457164724
891,395,logistic_regression_tuned,0,0,0,0.29213219915464156
896,404,logistic_regression_tuned,0,1,1,0.5920270527261942
901,155,logistic_regression_tuned,0,0,0,0.030199028558579886
905,1,logistic_regression_tuned,0,0,0,0.012283881268025128
907,145,logistic_regression_tuned,0,0,0,0.03506656050287101
916,418,logistic_regression_tuned,0,0,0,0.13942125970135832
917,229,logistic_regression_tuned,0,0,0,0.07244621116903717
923,496,logistic_regression_tuned,0,1,1,0.9977870822507335
926,291,logistic_regression_tuned,0,1,0,0.029398390381959242
931,14,logistic_regression_tuned,0,0,0,0.011685978037936477
934,198,logistic_regression_tuned,0,0,0,0.4428645253105439
936,386,logistic_regression_tuned,0,0,0,0.1769502523692494
945,189,logistic_regression_tuned,0,0,0,0.025548758231243786
962,298,logistic_regression_tuned,0,0,0,0.31616768564820225
964,111,logistic_regression_tuned,0,0,0,0.2893592551222941
965,454,logistic_regression_tuned,0,1,1,0.617530215941696
978,450,logistic_regression_tuned,0,1,1,0.5910591002222964
980,39,logistic_regression_tuned,0,0,0,0.06425140137626431
984,25,logistic_regression_tuned,0,1,0,0.07400602318557181
988,82,logistic_regression_tuned,0,0,0,0.09660154259840438
989,155,logistic_regression_tuned,0,0,0,0.028976837853569266
998,404,logistic_regression_tuned,0,1,1,0.6666808353878695
1003,52,logistic_regression_tuned,0,0,0,0.3103217819415869
1021,350,logistic_regression_tuned,0,0,0,0.36698956144318506
1025,79,logistic_regression_tuned,0,0,0,0.007315802996187302
1032,374,logistic_regression_tuned,0,0,0,0.11120968347188002
1038,282,logistic_regression_tuned,0,0,0,0.2863536563323957
1057,11,logistic_regression_tuned,0,0,1,0.7642161320574273
1067,79,logistic_regression_tuned,0,0,0,0.00846648766107048
1074,111,logistic_regression_tuned,0,0,0,0.3607152985345566
1080,21,logistic_regression_tuned,0,0,0,0.005257848549139081
1083,75,logistic_regression_tuned,0,0,0,0.01079750466451365
1085,374,logistic_regression_tuned,0,0,0,0.093368594216281
1092,286,logistic_regression_tuned,0,0,0,0.004090711422958517
1099,244,logistic_regression_tuned,0,1,0,0.44306880865961124
1108,82,logistic_regression_tuned,0,0,0,0.14027042752309948
1111,52,logistic_regression_tuned,0,0,0,0.2393194369710722
1117,289,logistic_regression_tuned,0,0,0,0.08958839901953991
1120,41,logistic_regression_tuned,0,0,0,0.11326643410280414
1121,1,logistic_regression_tuned,0,0,0,0.010152550302464982
1126,495,logistic_regression_tuned,0,0,1,0.7267305266162387
1129,374,logistic_regression_tuned,0,0,0,0.11816318109761151
1130,495,logistic_regression_tuned,0,0,1,0.7270505635343655
1135,525,logistic_regression_tuned,0,1,1,0.5191004852153578
1143,36,logistic_regression_tuned,0,0,0,0.0053486474777356624
1150,229,logistic_regression_tuned,0,0,0,0.05279555191048481
1155,115,logistic_regression_tuned,0,1,1,0.8425377710544977
1157,14,logistic_regression_tuned,0,0,0,0.011234185739191323
1168,289,logistic_regression_tuned,0,0,0,0.1049542145837069
1171,340,logistic_regression_tuned,0,0,0,0.05691638506734433
1176,36,logistic_regression_tuned,0,0,0,0.004990490518220976
1178,536,logistic_regression_tuned,0,0,0,0.3699449269429463
1180,82,logistic_regression_tuned,0,0,0,0.11841821961339304
1181,39,logistic_regression_tuned,0,0,0,0.05509668333647829
1186,395,logistic_regression_tuned,0,0,0,0.20985058590312508
1188,25,logistic_regression_tuned,0,1,0,0.10333851540771062
1190,365,logistic_regression_tuned,0,0,0,0.026759595144894465
1209,457,logistic_regression_tuned,0,1,1,0.7368251976724441
1217,97,logistic_regression_tuned,0,1,1,0.9002299186421655
1225,97,logistic_regression_tuned,0,1,1,0.9200140566049784
1228,342,logistic_regression_tuned,0,1,1,0.7636326675574576
1229,281,logistic_regression_tuned,0,0,0,0.06656074706623201
1234,244,logistic_regression_tuned,0,1,1,0.5061843650493341
1237,198,logistic_regression_tuned,0,0,0,0.34752497319921066
1252,333,logistic_regression_tuned,0,0,0,0.034673588775113465
1259,82,logistic_regression_tuned,0,0,0,0.11842092005893383
1261,29,logistic_regression_tuned,0,0,0,0.04085516377735907
1271,450,logistic_regression_tuned,0,1,1,0.5107637076227111
1273,289,logistic_regression_tuned,0,0,0,0.09686506176506515
1274,52,logistic_regression_tuned,0,0,0,0.30588001171868745
1278,155,logistic_regression_tuned,0,0,0,0.030135473364477538
1288,365,logistic_regression_tuned,0,0,0,0.02242537495498636
1293,413,logistic_regression_tuned,0,1,1,0.9959552444715365
1299,342,logistic_regression_tuned,0,1,1,0.7515180223976401
1300,497,logistic_regression_tuned,0,0,0,0.02268560350743819
1303,520,logistic_regression_tuned,0,0,0,0.1262200681054063
1307,244,logistic_regression_tuned,0,1,0,0.46913939074336264
1311,388,logistic_regression_tuned,0,1,1,0.9898392972512061
1312,52,logistic_regression_tuned,0,0,0,0.24694255168456167
1321,205,logistic_regression_tuned,0,0,0,0.06715812791006902
1324,41,logistic_regression_tuned,0,0,0,0.09699527075571718
1326,395,logistic_regression_tuned,0,0,0,0.29272386075177037
1328,335,logistic_regression_tuned,0,0,0,0.22183403897075893
1335,111,logistic_regression_tuned,0,0,0,0.31649325288014285
1341,111,logistic_regression_tuned,0,0,0,0.3515439023139302
1345,160,logistic_regression_tuned,0,0,0,0.147730079220325
1348,340,logistic_regression_tuned,0,0,0,0.050768181512229414
1352,39,logistic_regression_tuned,0,0,0,0.06500089323224763
1354,194,logistic_regression_tuned,0,0,0,0.017287250818137263
1360,342,logistic_regression_tuned,0,1,1,0.7310415304667205
1362,327,logistic_regression_tuned,0,0,0,0.007019507800534329
1381,127,logistic_regression_tuned,0,0,0,0.007758199289954107
1384,170,logistic_regression_tuned,0,1,1,0.9988113011456666
1387,97,logistic_regression_tuned,0,1,1,0.9072720513932084
1391,170,logistic_regression_tuned,0,1,1,0.9988286715287483
1411,539,logistic_regression_tuned,0,0,0,0.0031235949033732416
1414,281,logistic_regression_tuned,0,0,0,0.07222198324968682
1415,512,logistic_regression_tuned,0,0,0,0.12271606416625226
1422,358,logistic_regression_tuned,0,0,0,0.018647285878192688
1423,428,logistic_regression_tuned,0,1,1,0.964582892312723
1426,147,logistic_regression_tuned,0,0,0,0.028545183293357857
1431,224,logistic_regression_tuned,0,0,0,0.018977289920720918
1436,289,logistic_regression_tuned,0,0,0,0.08176142007682669
1437,194,logistic_regression_tuned,0,0,0,0.015293212065657685
1439,374,logistic_regression_tuned,0,0,0,0.151004694959526
1443,525,logistic_regression_tuned,0,1,0,0.4104455858802296
1445,395,logistic_regression_tuned,0,0,0,0.21610182260836644
1446,520,logistic_regression_tuned,0,0,0,0.11713185340444786
1448,527,logistic_regression_tuned,0,0,0,0.12644049012906877
1449,457,logistic_regression_tuned,0,1,1,0.7429661971013505
1451,36,logistic_regression_tuned,0,0,0,0.0070485422831270085
1456,525,logistic_regression_tuned,0,1,0,0.3904767409933192
1458,520,logistic_regression_tuned,0,0,0,0.09735038187244972
1460,111,logistic_regression_tuned,0,0,0,0.3582089807056744
1472,224,logistic_regression_tuned,0,0,0,0.027529788752581198
1477,52,logistic_regression_tuned,0,0,0,0.2368336963710346
1480,145,logistic_regression_tuned,0,0,0,0.03007434251825331
1495,198,logistic_regression_tuned,0,0,0,0.3859643236731888
1499,155,logistic_regression_tuned,0,0,0,0.03844692385569196
1502,97,logistic_regression_tuned,0,1,1,0.9016339357026198
1508,203,logistic_regression_tuned,0,0,0,0.31618895275206954
1523,263,logistic_regression_tuned,0,0,0,0.009898822601914966
1526,78,logistic_regression_tuned,0,0,0,0.07531877867012475
1528,111,logistic_regression_tuned,0,0,0,0.3455551932279479
1537,29,logistic_regression_tuned,0,0,0,0.03480258008689164
1540,198,logistic_regression_tuned,0,0,0,0.4300458662352763
1545,203,logistic_regression_tuned,0,0,0,0.31955825218873507
1553,170,logistic_regression_tuned,0,1,1,0.9989205263483373
1563,263,logistic_regression_tuned,0,0,0,0.0072128247908102155
1567,512,logistic_regression_tuned,0,0,0,0.08259490003008509
1574,374,logistic_regression_tuned,0,0,0,0.13761356744103936
1577,536,logistic_regression_tuned,0,0,0,0.33371782896207475
1578,291,logistic_regression_tuned,0,1,0,0.03509529075942089
1579,289,logistic_regression_tuned,0,0,0,0.07426515186695645
1592,340,logistic_regression_tuned,0,0,0,0.04261345746053243
1597,162,logistic_regression_tuned,0,0,0,0.04612674156968849
1598,520,logistic_regression_tuned,0,0,0,0.09377407315047534
1601,489,logistic_regression_tuned,0,0,1,0.5113114403639174
1603,202,logistic_regression_tuned,0,0,0,0.030308551491030403
1605,281,logistic_regression_tuned,0,0,0,0.08595142103110738
1611,29,logistic_regression_tuned,0,0,0,0.03582523643252515
1613,388,logistic_regression_tuned,0,1,1,0.9886568412381659
1614,263,logistic_regression_tuned,0,0,0,0.009783148335448423
1619,388,logistic_regression_tuned,0,1,1,0.9908422096880389
1627,82,logistic_regression_tuned,0,0,0,0.12009047041737031
1628,111,logistic_regression_tuned,0,0,0,0.30919588596469033
1633,255,logistic_regression_tuned,0,0,0,0.018217458639530226
1634,1,logistic_regression_tuned,0,0,0,0.015725158508626623
1636,229,logistic_regression_tuned,0,0,0,0.06790194549288539
1639,39,logistic_regression_tuned,0,0,0,0.04744396235205307
1644,176,logistic_regression_tuned,0,1,1,0.986346643392115
1649,255,logistic_regression_tuned,0,0,0,0.013555183813544857
1658,198,logistic_regression_tuned,0,0,0,0.34373016091295644
1686,286,logistic_regression_tuned,0,0,0,0.00496372696592916
1689,127,logistic_regression_tuned,0,0,0,0.006345814077247254
1696,41,logistic_regression_tuned,0,0,0,0.121731866238032
1706,539,logistic_regression_tuned,0,0,0,0.0042923861539720665
1707,224,logistic_regression_tuned,0,0,0,0.02961821688674818
1708,202,logistic_regression_tuned,0,0,0,0.03884144149812908
1715,39,logistic_regression_tuned,0,0,0,0.06313586484583315
1717,194,logistic_regression_tuned,0,0,0,0.019273804475851464
1723,395,logistic_regression_tuned,0,0,0,0.27980644874312804
1724,21,logistic_regression_tuned,0,0,0,0.0051681726298299065
1733,454,logistic_regression_tuned,0,1,1,0.6659383675826347
1747,126,logistic_regression_tuned,0,0,0,0.09412497797245464
1754,441,logistic_regression_tuned,0,0,0,0.1284066065624683
1756,404,logistic_regression_tuned,0,1,1,0.6075970467842398
1767,40,logistic_regression_tuned,0,0,1,0.8349714995761333
1770,208,logistic_regression_tuned,0,0,0,0.254103914849232
1771,14,logistic_regression_tuned,0,0,0,0.011146079816530144
1775,332,logistic_regression_tuned,0,0,0,0.07479884145583031
1790,525,logistic_regression_tuned,0,1,1,0.5198911641170364
1796,512,logistic_regression_tuned,0,0,0,0.10261168027050353
1799,512,logistic_regression_tuned,0,0,0,0.10176445258971957
1811,358,logistic_regression_tuned,0,0,0,0.018754260561646335
1812,536,logistic_regression_tuned,0,0,0,0.31061062991813004
1813,252,logistic_regression_tuned,0,0,0,0.033809599656680706
1815,391,logistic_regression_tuned,0,1,1,0.9253863472988594
1818,1,logistic_regression_tuned,0,0,0,0.011852154271649974
1824,205,logistic_regression_tuned,0,0,0,0.0504635993502663
1826,52,logistic_regression_tuned,0,0,0,0.25533200439081044
1828,145,logistic_regression_tuned,0,0,0,0.02150227080399198
1830,527,logistic_regression_tuned,0,0,0,0.13181771084952337
1831,115,logistic_regression_tuned,0,1,1,0.8638751315405243
1833,255,logistic_regression_tuned,0,0,0,0.01624739145690777
1836,495,logistic_regression_tuned,0,0,1,0.7219737514307171
1839,95,logistic_regression_tuned,0,0,0,0.023340378443017694
1847,160,logistic_regression_tuned,0,0,0,0.165846093340056
1849,439,logistic_regression_tuned,0,1,1,0.9784211322090388
1853,205,logistic_regression_tuned,0,0,0,0.061294302752883924
1858,418,logistic_regression_tuned,0,0,0,0.11874935808786756
1862,155,logistic_regression_tuned,0,0,0,0.04163863350607658
1864,282,logistic_regression_tuned,0,0,0,0.24876498536197655
1872,145,logistic_regression_tuned,0,0,0,0.02582125924746101
1879,194,logistic_regression_tuned,0,0,0,0.01666448384309341
1889,426,logistic_regression_tuned,0,1,1,0.9804396564640764
1897,79,logistic_regression_tuned,0,0,0,0.010749169972305073
1901,395,logistic_regression_tuned,0,0,0,0.26311669881812644
1902,189,logistic_regression_tuned,0,0,0,0.022619427371842988
1904,155,logistic_regression_tuned,0,0,0,0.04122206595461716
1919,208,logistic_regression_tuned,0,0,0,0.2299020465323928
1931,525,logistic_regression_tuned,0,1,1,0.512840649873348
1933,78,logistic_regression_tuned,0,0,0,0.08853018987497009
1938,439,logistic_regression_tuned,0,1,1,0.9776205567471835
1940,255,logistic_regression_tuned,0,0,0,0.01251232568735997
1942,115,logistic_regression_tuned,0,1,1,0.8496097073131204
1944,282,logistic_regression_tuned,0,0,0,0.20729857339877344
1947,457,logistic_regression_tuned,0,1,1,0.7767907542673986
1954,439,logistic_regression_tuned,0,1,1,0.9792860555484193
1955,332,logistic_regression_tuned,0,0,0,0.06946360237547423
1964,358,logistic_regression_tuned,0,0,0,0.016517459969083607
1965,263,logistic_regression_tuned,0,0,0,0.0068027583627513055
1967,176,logistic_regression_tuned,0,1,1,0.9840790922160393
1981,428,logistic_regression_tuned,0,1,1,0.9524802772374197
1986,255,logistic_regression_tuned,0,0,0,0.016232032394273083
1990,14,logistic_regression_tuned,0,0,0,0.012185315117999295
1992,327,logistic_regression_tuned,0,0,0,0.007706421271608999
1999,1,logistic_regression_tuned,0,0,0,0.014321486737970457
2004,489,logistic_regression_tuned,0,0,1,0.5035430389973969
2005,426,logistic_regression_tuned,0,1,1,0.974521862141222
2013,82,logistic_regression_tuned,0,0,0,0.09405989645506735
2014,350,logistic_regression_tuned,0,0,0,0.3606486708590069
2019,365,logistic_regression_tuned,0,0,0,0.025719529903716024
2021,162,logistic_regression_tuned,0,0,0,0.043195539107649714
3,5,logistic_regression_tuned,1,0,0,0.022838565955653756
7,9,logistic_regression_tuned,1,0,0,0.06579670551427888
8,10,logistic_regression_tuned,1,0,0,0.09078747277527952
10,12,logistic_regression_tuned,1,0,0,0.016228269841406608
15,18,logistic_regression_tuned,1,0,0,0.01134352520730149
16,19,logistic_regression_tuned,1,0,0,0.011284901627360934
17,20,logistic_regression_tuned,1,1,1,0.9865301711859781
19,22,logistic_regression_tuned,1,0,0,0.011462203684004746
27,34,logistic_regression_tuned,1,0,0,0.008317487526775223
36,44,logistic_regression_tuned,1,0,0,0.23206134245334095
38,47,logistic_regression_tuned,1,1,0,0.47821185167093355
40,49,logistic_regression_tuned,1,0,0,0.13443140077691984
47,57,logistic_regression_tuned,1,0,0,0.026115932578030368
48,58,logistic_regression_tuned,1,0,0,0.007208939504761209
50,60,logistic_regression_tuned,1,0,0,0.3211090339768216
54,71,logistic_regression_tuned,1,0,0,0.009755896211317427
55,72,logistic_regression_tuned,1,0,0,0.04857138640588144
66,84,logistic_regression_tuned,1,0,0,0.03180628899569989
69,87,logistic_regression_tuned,1,0,1,0.6063394494611416
79,99,logistic_regression_tuned,1,0,0,0.016186754294847665
85,106,logistic_regression_tuned,1,1,1,0.8171446411940507
95,118,logistic_regression_tuned,1,1,1,0.999656404404582
96,120,logistic_regression_tuned,1,0,0,0.04905134388727988
108,134,logistic_regression_tuned,1,1,1,0.9323716721953306
111,138,logistic_regression_tuned,1,0,0,0.07999925614932875
113,142,logistic_regression_tuned,1,1,1,0.954820025970746
114,143,logistic_regression_tuned,1,1,0,0.4616560656095376
115,144,logistic_regression_tuned,1,0,0,0.021291459210428812
123,153,logistic_regression_tuned,1,1,1,0.7657152498413508
135,166,logistic_regression_tuned,1,0,0,0.05593632670583421
141,172,logistic_regression_tuned,1,1,1,0.9806845214995316
144,175,logistic_regression_tuned,1,0,0,0.011890593468630351
147,180,logistic_regression_tuned,1,0,0,0.046104999544676756
148,181,logistic_regression_tuned,1,1,1,0.6547768043680663
151,185,logistic_regression_tuned,1,0,0,0.1417242871578567
152,186,logistic_regression_tuned,1,0,0,0.23570035442248272
160,197,logistic_regression_tuned,1,1,1,0.8057407649588016
166,204,logistic_regression_tuned,1,1,1,0.9960282728424621
172,212,logistic_regression_tuned,1,1,1,0.9750676948166646
173,213,logistic_regression_tuned,1,0,0,0.0590508202032905
179,223,logistic_regression_tuned,1,1,1,0.9691025368814846
183,227,logistic_regression_tuned,1,0,1,0.8833261882008249
193,241,logistic_regression_tuned,1,1,1,0.6930516701515922
198,246,logistic_regression_tuned,1,1,1,0.8610816266927669
204,253,logistic_regression_tuned,1,1,1,0.8228073124019968
216,266,logistic_regression_tuned,1,0,0,0.05302874345419627
217,267,logistic_regression_tuned,1,0,0,0.036761723454982236
219,269,logistic_regression_tuned,1,0,0,0.3397252231800445
220,270,logistic_regression_tuned,1,1,1,0.6300771473838735
229,285,logistic_regression_tuned,1,0,0,0.009796109215698406
231,287,logistic_regression_tuned,1,0,0,0.0352919134634831
237,295,logistic_regression_tuned,1,1,1,0.9989708514731792
242,301,logistic_regression_tuned,1,1,0,0.014757479830766414
253,316,logistic_regression_tuned,1,0,0,0.30411774973549227
255,319,logistic_regression_tuned,1,0,0,0.03084406338903421
268,334,logistic_regression_tuned,1,0,0,0.044679481083884136
278,346,logistic_regression_tuned,1,0,0,0.13974012338922012
279,347,logistic_regression_tuned,1,1,1,0.9945533733586214
281,351,logistic_regression_tuned,1,0,0,0.2646303237276851
284,354,logistic_regression_tuned,1,0,0,0.06321703912806875
285,355,logistic_regression_tuned,1,0,0,0.29646829828244364
287,360,logistic_regression_tuned,1,0,0,0.01856301562581814
290,363,logistic_regression_tuned,1,0,0,0.025608737280806867
291,364,logistic_regression_tuned,1,0,0,0.013119028304452529
293,366,logistic_regression_tuned,1,0,0,0.14190967317821176
299,375,logistic_regression_tuned,1,0,0,0.01284803009294251
300,376,logistic_regression_tuned,1,1,1,0.7502490971455483
323,408,logistic_regression_tuned,1,0,0,0.015115285024513984
330,415,logistic_regression_tuned,1,1,1,0.9836178066980559
336,421,logistic_regression_tuned,1,1,1,0.9022690176733453
350,436,logistic_regression_tuned,1,0,0,0.040924861770556265
355,442,logistic_regression_tuned,1,0,0,0.23962557088626918
359,448,logistic_regression_tuned,1,1,0,0.26506460733838766
362,451,logistic_regression_tuned,1,1,1,0.9898965324803576
379,473,logistic_regression_tuned,1,1,1,0.8909472121750358
389,487,logistic_regression_tuned,1,1,1,0.9988420453516174
395,493,logistic_regression_tuned,1,0,0,0.07502906211197953
396,494,logistic_regression_tuned,1,1,1,0.9310219985717557
400,498,logistic_regression_tuned,1,0,0,0.32062035087333796
404,505,logistic_regression_tuned,1,0,0,0.26670201979853386
407,508,logistic_regression_tuned,1,0,0,0.2983871407290094
408,509,logistic_regression_tuned,1,0,0,0.037474525748069545
409,510,logistic_regression_tuned,1,1,1,0.9616294798964782
413,514,logistic_regression_tuned,1,0,0,0.03544474205007239
419,524,logistic_regression_tuned,1,1,1,0.5874307790054513
425,531,logistic_regression_tuned,1,0,0,0.38448555108564014
433,360,logistic_regression_tuned,1,0,0,0.020071028588705714
434,10,logistic_regression_tuned,1,0,0,0.0908040014393542
436,71,logistic_regression_tuned,1,0,0,0.009381669968001917
437,473,logistic_regression_tuned,1,1,1,0.8917649370784034
440,487,logistic_regression_tuned,1,1,1,0.9988155187524547
441,175,logistic_regression_tuned,1,0,0,0.011517186104949064
450,266,logistic_regression_tuned,1,0,0,0.053136943889128214
467,58,logistic_regression_tuned,1,0,0,0.007439716322808624
469,120,logistic_regression_tuned,1,0,0,0.046739326085002884
474,204,logistic_regression_tuned,1,1,1,0.9957323745620283
478,181,logistic_regression_tuned,1,1,1,0.6587132550450832
479,144,logistic_regression_tuned,1,0,0,0.02230806631226956
493,99,logistic_regression_tuned,1,0,0,0.016513498048028853
499,87,logistic_regression_tuned,1,0,1,0.5908480132503052
500,44,logistic_regression_tuned,1,0,0,0.25975457298755183
501,12,logistic_regression_tuned,1,0,0,0.017186445423905784
507,175,logistic_regression_tuned,1,0,0,0.011718147274776538
509,185,logistic_regression_tuned,1,0,0,0.14365337141254628
511,287,logistic_regression_tuned,1,0,0,0.032435559078796646
514,227,logistic_regression_tuned,1,0,1,0.8772608614162222
515,270,logistic_regression_tuned,1,1,1,0.6176636594904518
518,20,logistic_regression_tuned,1,1,1,0.9877496572146827
520,451,logistic_regression_tuned,1,1,1,0.9910936431066028
522,181,logistic_regression_tuned,1,1,1,0.6736461883108887
527,153,logistic_regression_tuned,1,1,1,0.7679433021851761
530,118,logistic_regression_tuned,1,1,1,0.9996660244752467
533,508,logistic_regression_tuned,1,0,0,0.2873872257733971
539,153,logistic_regression_tuned,1,1,1,0.7629379403688925
549,12,logistic_regression_tuned,1,0,0,0.015913767397917368
550,213,logistic_regression_tuned,1,0,0,0.06074918317067013
555,175,logistic_regression_tuned,1,0,0,0.012417781447113634
563,34,logistic_regression_tuned,1,0,0,0.008292735648043049
579,509,logistic_regression_tuned,1,0,0,0.036812759133147265
584,510,logistic_regression_tuned,1,1,1,0.9611995122995384
591,415,logistic_regression_tuned,1,1,1,0.9812917436470061
592,44,logistic_regression_tuned,1,0,0,0.24426954815637072
593,84,logistic_regression_tuned,1,0,0,0.033167590130233335
596,175,logistic_regression_tuned,1,0,0,0.012251594540686856
620,285,logistic_regression_tuned,1,0,0,0.009893191290805556
627,5,logistic_regression_tuned,1,0,0,0.021807895552055787
635,509,logistic_regression_tuned,1,0,0,0.03730929138147843
641,60,logistic_regression_tuned,1,0,0,0.32153671016246743
645,301,logistic_regression_tuned,1,1,0,0.014477820988979732
648,505,logistic_regression_tuned,1,0,0,0.2509601453443437
653,57,logistic_regression_tuned,1,0,0,0.0250573657359436
655,5,logistic_regression_tuned,1,0,0,0.021540678598708857
659,354,logistic_regression_tuned,1,0,0,0.05898887360173103
661,408,logistic_regression_tuned,1,0,0,0.01481405495499006
665,138,logistic_regression_tuned,1,0,0,0.08090457872574895
673,266,logistic_regression_tuned,1,0,0,0.053716626724750506
676,227,logistic_regression_tuned,1,0,1,0.8801684499196576
683,227,logistic_regression_tuned,1,0,1,0.8820380723512515
685,285,logistic_regression_tuned,1,0,0,0.008550348435839038
687,366,logistic_regression_tuned,1,0,0,0.13480644894338847
715,442,logistic_regression_tuned,1,0,0,0.23594287793296115
719,186,logistic_regression_tuned,1,0,0,0.240214910538436
720,376,logistic_regression_tuned,1,1,1,0.7639032278135598
722,498,logistic_regression_tuned,1,0,0,0.3305281491460992
724,415,logistic_regression_tuned,1,1,1,0.9839816425032796
725,366,logistic_regression_tuned,1,0,0,0.14402636452792592
728,375,logistic_regression_tuned,1,0,0,0.012246058399950943
731,355,logistic_regression_tuned,1,0,0,0.32433020812861046
737,246,logistic_regression_tuned,1,1,1,0.8604794544366152
738,415,logistic_regression_tuned,1,1,1,0.98390441154836
749,509,logistic_regression_tuned,1,0,0,0.03934514986864857
750,175,logistic_regression_tuned,1,0,0,0.011108202210123248
760,172,logistic_regression_tuned,1,1,1,0.978589587064973
763,508,logistic_regression_tuned,1,0,0,0.2998549056627644
770,22,logistic_regression_tuned,1,0,0,0.010486878774054893
775,120,logistic_regression_tuned,1,0,0,0.05363641338643849
779,347,logistic_regression_tuned,1,1,1,0.9952403952562107
781,134,logistic_regression_tuned,1,1,1,0.9332617454754872
784,346,logistic_regression_tuned,1,0,0,0.13938120575459023
788,18,logistic_regression_tuned,1,0,0,0.010970351021113347
789,448,logistic_regression_tuned,1,1,0,0.2532368689498461
790,351,logistic_regression_tuned,1,0,0,0.2582589971466954
796,47,logistic_regression_tuned,1,1,0,0.47381090616285265
804,175,logistic_regression_tuned,1,0,0,0.013257354536870566
808,49,logistic_regression_tuned,1,0,0,0.1433433603580941
811,494,logistic_regression_tuned,1,1,1,0.9259975454969194
813,180,logistic_regression_tuned,1,0,0,0.04709418031376207
814,72,logistic_regression_tuned,1,0,0,0.04868768008414489
825,181,logistic_regression_tuned,1,1,1,0.6698814644904261
844,285,logistic_regression_tuned,1,0,0,0.010037224330560396
848,442,logistic_regression_tuned,1,0,0,0.25425350576089123
855,366,logistic_regression_tuned,1,0,0,0.15056955345916737
856,106,logistic_regression_tuned,1,1,1,0.8231646871812219
860,267,logistic_regression_tuned,1,0,0,0.03962054740617141
876,346,logistic_regression_tuned,1,0,0,0.1418142881520322
878,223,logistic_regression_tuned,1,1,1,0.9702840229891609
880,106,logistic_regression_tuned,1,1,1,0.8133290011456309
884,144,logistic_regression_tuned,1,0,0,0.02312850656674253
894,347,logistic_regression_tuned,1,1,1,0.9941404211030876
902,84,logistic_regression_tuned,1,0,0,0.0322976078566621
903,181,logistic_regression_tuned,1,1,1,0.6521813899696531
910,319,logistic_regression_tuned,1,0,0,0.028145354858061356
912,493,logistic_regression_tuned,1,0,0,0.08083906288341296
918,319,logistic_regression_tuned,1,0,0,0.030127579395758778
920,510,logistic_regression_tuned,1,1,1,0.9585534516419086
924,524,logistic_regression_tuned,1,1,1,0.5979310891329287
927,72,logistic_regression_tuned,1,0,0,0.05077719699047213
939,505,logistic_regression_tuned,1,0,0,0.26731215232444233
948,60,logistic_regression_tuned,1,0,0,0.3172264631414819
954,509,logistic_regression_tuned,1,0,0,0.03851152726218187
956,448,logistic_regression_tuned,1,1,0,0.26505756462291197
958,346,logistic_regression_tuned,1,0,0,0.12143552960835331
963,44,logistic_regression_tuned,1,0,0,0.23685287367564933
966,375,logistic_regression_tuned,1,0,0,0.01216990262291745
967,366,logistic_regression_tuned,1,0,0,0.15161022604223517
968,524,logistic_regression_tuned,1,1,1,0.5660415979726023
969,120,logistic_regression_tuned,1,0,0,0.05479829178521735
975,267,logistic_regression_tuned,1,0,0,0.03874951063331924
977,295,logistic_regression_tuned,1,1,1,0.9989719064629159
983,266,logistic_regression_tuned,1,0,0,0.05449725509421303
990,442,logistic_regression_tuned,1,0,0,0.2623351601582829
995,197,logistic_regression_tuned,1,1,1,0.8126660951235979
996,227,logistic_regression_tuned,1,0,1,0.8872683882512941
999,12,logistic_regression_tuned,1,0,0,0.016203497801649588
1002,494,logistic_regression_tuned,1,1,1,0.9350591298919414
1008,181,logistic_regression_tuned,1,1,1,0.6535740764326816
1009,360,logistic_regression_tuned,1,0,0,0.0203971477002394
1014,508,logistic_regression_tuned,1,0,0,0.3004503487944484
1015,253,logistic_regression_tuned,1,1,1,0.8352687439242719
1016,505,logistic_regression_tuned,1,0,0,0.2540846242753203
1017,118,logistic_regression_tuned,1,1,1,0.9996298461883075
1020,186,logistic_regression_tuned,1,0,0,0.23194511992737643
1024,166,logistic_regression_tuned,1,0,0,0.060508077608907807
1026,524,logistic_regression_tuned,1,1,1,0.5682649878615458
1028,285,logistic_regression_tuned,1,0,0,0.010181916776829008
1035,473,logistic_regression_tuned,1,1,1,0.881563686207949
1036,285,logistic_regression_tuned,1,0,0,0.010364447934803187
1039,360,logistic_regression_tuned,1,0,0,0.018606399219031924
1043,34,logistic_regression_tuned,1,0,0,0.008611089010475081
1045,487,logistic_regression_tuned,1,1,1,0.998848599221476
1054,84,logistic_regression_tuned,1,0,0,0.03268548033544742
1058,71,logistic_regression_tuned,1,0,0,0.01014286994719664
1059,22,logistic_regression_tuned,1,0,0,0.012778775127094234
1061,364,logistic_regression_tuned,1,0,0,0.013916839318544443
1066,270,logistic_regression_tuned,1,1,1,0.6185450514600679
1068,301,logistic_regression_tuned,1,1,0,0.016549257311445513
1070,246,logistic_regression_tuned,1,1,1,0.8589084404944483
1088,301,logistic_regression_tuned,1,1,0,0.014865281631445057
1094,204,logistic_regression_tuned,1,1,1,0.9963180512799337
1095,451,logistic_regression_tuned,1,1,1,0.9902658476082494
1100,144,logistic_regression_tuned,1,0,0,0.021406880850016307
1101,267,logistic_regression_tuned,1,0,0,0.034283206973768174
1104,227,logistic_regression_tuned,1,0,1,0.870525547338828
1109,375,logistic_regression_tuned,1,0,0,0.01347316647781033
1112,9,logistic_regression_tuned,1,0,0,0.0672546866398231
1122,213,logistic_regression_tuned,1,0,0,0.053776476079723995
1124,166,logistic_regression_tuned,1,0,0,0.05438051948163282
1128,166,logistic_regression_tuned,1,0,0,0.053869770725557396
1132,186,logistic_regression_tuned,1,0,0,0.24064248634877505
1133,266,logistic_regression_tuned,1,0,0,0.054721091049406305
1139,287,logistic_regression_tuned,1,0,0,0.03871738890562342
1147,34,logistic_regression_tuned,1,0,0,0.00877441528389083
1148,436,logistic_regression_tuned,1,0,0,0.03979498125111231
1151,57,logistic_regression_tuned,1,0,0,0.028513351976727667
1167,421,logistic_regression_tuned,1,1,1,0.9023521021569645
1170,285,logistic_regression_tuned,1,0,0,0.00958855625175359
1172,421,logistic_regression_tuned,1,1,1,0.9059288299508639
1183,363,logistic_regression_tuned,1,0,0,0.02690110442043732
1184,436,logistic_regression_tuned,1,0,0,0.041320519296559735
1199,120,logistic_regression_tuned,1,0,0,0.051302874106151884
1200,355,logistic_regression_tuned,1,0,0,0.28983972861604257
1211,375,logistic_regression_tuned,1,0,0,0.013944842320268736
1214,72,logistic_regression_tuned,1,0,0,0.04659339393698103
1215,514,logistic_regression_tuned,1,0,0,0.035552318120285586
1218,355,logistic_regression_tuned,1,0,0,0.26686290773554733
1223,212,logistic_regression_tuned,1,1,1,0.9752635082315888
1231,510,logistic_regression_tuned,1,1,1,0.9585978682186744
1233,204,logistic_regression_tuned,1,1,1,0.9961136792891427
1235,375,logistic_regression_tuned,1,0,0,0.012880951459911034
1239,376,logistic_regression_tuned,1,1,1,0.7439411748473471
1243,185,logistic_regression_tuned,1,0,0,0.1430581436460667
1244,473,logistic_regression_tuned,1,1,1,0.8845959678422032
1255,316,logistic_regression_tuned,1,0,0,0.3223650347979151
1256,197,logistic_regression_tuned,1,1,1,0.8018104616866204
1257,143,logistic_regression_tuned,1,1,0,0.4616416173598465
1266,415,logistic_regression_tuned,1,1,1,0.9828765172928612
1267,143,logistic_regression_tuned,1,1,0,0.4642699342406538
1270,57,logistic_regression_tuned,1,0,0,0.02985995210971768
1272,144,logistic_regression_tuned,1,0,0,0.02071054906028497
1286,351,logistic_regression_tuned,1,0,0,0.28380064454345294
1294,172,logistic_regression_tuned,1,1,1,0.9818250761737916
1298,144,logistic_regression_tuned,1,0,0,0.021599437882205398
1310,493,logistic_regression_tuned,1,0,0,0.07327704202775798
1314,269,logistic_regression_tuned,1,0,0,0.34100165505136837
1318,166,logistic_regression_tuned,1,0,0,0.05873041457814018
1322,5,logistic_regression_tuned,1,0,0,0.022566959025358463
1323,175,logistic_regression_tuned,1,0,0,0.011481723530179932
1331,204,logistic_regression_tuned,1,1,1,0.9956930329854948
1340,185,logistic_regression_tuned,1,0,0,0.13893644604152608
1344,319,logistic_regression_tuned,1,0,0,0.030756871903275182
1346,316,logistic_regression_tuned,1,0,0,0.3172146678797254
1347,505,logistic_regression_tuned,1,0,0,0.27099440209283115
1372,514,logistic_regression_tuned,1,0,0,0.036466761741278254
1373,266,logistic_regression_tuned,1,0,0,0.05639657911880756
1382,20,logistic_regression_tuned,1,1,1,0.988402450119222
1383,197,logistic_regression_tuned,1,1,1,0.7948967369394494
1386,186,logistic_regression_tuned,1,0,0,0.2400313217018471
1402,5,logistic_regression_tuned,1,0,0,0.023530096200413058
1403,366,logistic_regression_tuned,1,0,0,0.1428395215242604
1417,44,logistic_regression_tuned,1,0,0,0.21021279170446514
1419,408,logistic_regression_tuned,1,0,0,0.014334049432333877
1424,153,logistic_regression_tuned,1,1,1,0.7556728778550926
1427,346,logistic_regression_tuned,1,0,0,0.13679696872095073
1429,498,logistic_regression_tuned,1,0,0,0.33310744775238843
1430,363,logistic_regression_tuned,1,0,0,0.02563662554762132
1434,448,logistic_regression_tuned,1,1,0,0.2553787813803066
1435,143,logistic_regression_tuned,1,1,0,0.4463201343879247
1450,47,logistic_regression_tuned,1,1,0,0.48235078930032005
1466,185,logistic_regression_tuned,1,0,0,0.14713535772115802
1468,524,logistic_regression_tuned,1,1,1,0.5928785228053772
1470,421,logistic_regression_tuned,1,1,1,0.9028856710495461
1486,295,logistic_regression_tuned,1,1,1,0.9989881393782828
1490,204,logistic_regression_tuned,1,1,1,0.9962725780566366
1493,436,logistic_regression_tuned,1,0,0,0.044653064538992586
1494,84,logistic_regression_tuned,1,0,0,0.030885271717935533
1496,346,logistic_regression_tuned,1,0,0,0.14007810881823624
1498,316,logistic_regression_tuned,1,0,0,0.27817326979187623
1503,514,logistic_regression_tuned,1,0,0,0.032390549231069564
1505,366,logistic_regression_tuned,1,0,0,0.14719511840061597
1506,172,logistic_regression_tuned,1,1,1,0.9809582314363078
1521,241,logistic_regression_tuned,1,1,1,0.6866743203569391
1530,285,logistic_regression_tuned,1,0,0,0.010063716971692708
1532,142,logistic_regression_tuned,1,1,1,0.9538934024674204
1539,360,logistic_regression_tuned,1,0,0,0.02003899322783392
1543,172,logistic_regression_tuned,1,1,1,0.9808192820052343
1544,84,logistic_regression_tuned,1,0,0,0.030244960358371088
1550,22,logistic_regression_tuned,1,0,0,0.010844155407771108
1551,493,logistic_regression_tuned,1,0,0,0.07092471718948874
1573,448,logistic_regression_tuned,1,1,0,0.26787504512275784
1575,44,logistic_regression_tuned,1,0,0,0.22414708178804169
1581,442,logistic_regression_tuned,1,0,0,0.24498209852408176
1591,493,logistic_regression_tuned,1,0,0,0.07037862701875623
1599,166,logistic_regression_tuned,1,0,0,0.05390633524561741
1600,355,logistic_regression_tuned,1,0,0,0.2882781368689606
1612,153,logistic_regression_tuned,1,1,1,0.7876582076804695
1631,301,logistic_regression_tuned,1,1,0,0.015452173711823546
1637,22,logistic_regression_tuned,1,0,0,0.012293302252205153
1638,505,logistic_regression_tuned,1,0,0,0.2775364054533242
1640,144,logistic_regression_tuned,1,0,0,0.02135403668191825
1648,498,logistic_regression_tuned,1,0,0,0.31160727670528793
1650,375,logistic_regression_tuned,1,0,0,0.013003361586608904
1655,493,logistic_regression_tuned,1,0,0,0.0758007665573024
1656,19,logistic_regression_tuned,1,0,0,0.010793201180934539
1662,363,logistic_regression_tuned,1,0,0,0.02420289014889766
1670,12,logistic_regression_tuned,1,0,0,0.016467049205516632
1675,204,logistic_regression_tuned,1,1,1,0.996277246848101
1676,376,logistic_regression_tuned,1,1,1,0.7366822792263862
1681,12,logistic_regression_tuned,1,0,0,0.016917331401599085
1683,134,logistic_regression_tuned,1,1,1,0.9346063103630138
1684,316,logistic_regression_tuned,1,0,0,0.27486326243234166
1685,172,logistic_regression_tuned,1,1,1,0.979842846301104
1698,287,logistic_regression_tuned,1,0,0,0.03318097160007098
1703,212,logistic_regression_tuned,1,1,1,0.9736216207661265
1709,49,logistic_regression_tuned,1,0,0,0.13767640980824458
1710,376,logistic_regression_tuned,1,1,1,0.7545863368488323
1711,319,logistic_regression_tuned,1,0,0,0.031000338640348356
1728,408,logistic_regression_tuned,1,0,0,0.015093215802545513
1731,509,logistic_regression_tuned,1,0,0,0.037245616312735305
1735,531,logistic_regression_tuned,1,0,0,0.36372315943662303
1738,270,logistic_regression_tuned,1,1,1,0.6332712198635276
1744,18,logistic_regression_tuned,1,0,0,0.012052612001804469
1750,505,logistic_regression_tuned,1,0,0,0.2719897986191264
1758,415,logistic_regression_tuned,1,1,1,0.9831373710040806
1759,60,logistic_regression_tuned,1,0,0,0.35346508586868874
1762,346,logistic_regression_tuned,1,0,0,0.1422752089878576
1763,204,logistic_regression_tuned,1,1,1,0.9961585140743551
1768,295,logistic_regression_tuned,1,1,1,0.9989726518786071
1772,487,logistic_regression_tuned,1,1,1,0.9988918836887544
1774,360,logistic_regression_tuned,1,0,0,0.01691086365143109
1776,421,logistic_regression_tuned,1,1,1,0.9048449655935539
1778,204,logistic_regression_tuned,1,1,1,0.9958838753526206
1782,9,logistic_regression_tuned,1,0,0,0.06436763340092758
1786,351,logistic_regression_tuned,1,0,0,0.26950279040552333
1789,60,logistic_regression_tuned,1,0,0,0.3181268720729511
1797,421,logistic_regression_tuned,1,1,1,0.8955700640276161
1805,351,logistic_regression_tuned,1,0,0,0.26691412711303725
1817,18,logistic_regression_tuned,1,0,0,0.012238005882465047
1820,5,logistic_regression_tuned,1,0,0,0.022738812122373674
1821,241,logistic_regression_tuned,1,1,1,0.6829073689913785
1829,505,logistic_regression_tuned,1,0,0,0.28355192768761683
1866,58,logistic_regression_tuned,1,0,0,0.006736425948753116
1869,505,logistic_regression_tuned,1,0,0,0.27314421886693135
1870,269,logistic_regression_tuned,1,0,0,0.3367571904036101
1875,295,logistic_regression_tuned,1,1,1,0.9989853369328403
1877,514,logistic_regression_tuned,1,0,0,0.034879551791414776
1885,319,logistic_regression_tuned,1,0,0,0.028905104625740807
1886,49,logistic_regression_tuned,1,0,0,0.12851968377094403
1887,505,logistic_regression_tuned,1,0,0,0.26592789156371693
1899,364,logistic_regression_tuned,1,0,0,0.013677207683968707
1910,364,logistic_regression_tuned,1,0,0,0.012757401226186196
1912,44,logistic_regression_tuned,1,0,0,0.23714699765313144
1923,175,logistic_regression_tuned,1,0,0,0.011585593200609885
1929,120,logistic_regression_tuned,1,0,0,0.04737619795541868
1937,493,logistic_regression_tuned,1,0,0,0.08404487933371575
1939,493,logistic_regression_tuned,1,0,0,0.08085218314929817
1943,12,logistic_regression_tuned,1,0,0,0.01609442733093225
1951,415,logistic_regression_tuned,1,1,1,0.9842998242559416
1956,270,logistic_regression_tuned,1,1,1,0.6385206108785143
1960,301,logistic_regression_tuned,1,1,0,0.016707895894667583
1961,227,logistic_regression_tuned,1,0,1,0.8791387983166403
1963,44,logistic_regression_tuned,1,0,0,0.2503661495742156
1970,508,logistic_regression_tuned,1,0,0,0.27908578685389657
1972,514,logistic_regression_tuned,1,0,0,0.03520832608477496
1973,295,logistic_regression_tuned,1,1,1,0.9988520384043119
1976,142,logistic_regression_tuned,1,1,1,0.9519873751815681
1977,47,logistic_regression_tuned,1,1,0,0.4415867873840671
1978,347,logistic_regression_tuned,1,1,1,0.9949181821255543
1982,514,logistic_regression_tuned,1,0,0,0.032928375800731366
1989,266,logistic_regression_tuned,1,0,0,0.05159205612100294
2007,363,logistic_regression_tuned,1,0,0,0.025918079386124386
2008,494,logistic_regression_tuned,1,1,1,0.9314668984554023
2022,498,logistic_regression_tuned,1,0,0,0.31761216488982286
2024,87,logistic_regression_tuned,1,0,1,0.6105608279768031
2025,508,logistic_regression_tuned,1,0,0,0.3334282000762557
2026,166,logistic_regression_tuned,1,0,0,0.05870913684441937
2027,266,logistic_regression_tuned,1,0,0,0.05191255254199679
2,4,logistic_regression_tuned,2,0,0,0.026409639174021206
13,15,logistic_regression_tuned,2,0,0,0.0255750616195497
25,32,logistic_regression_tuned,2,1,1,0.7623697569832839
28,35,logistic_regression_tuned,2,0,0,0.11969205369060634
30,37,logistic_regression_tuned,2,0,0,0.10530839535182317
39,48,logistic_regression_tuned,2,0,0,0.043615357083402
44,53,logistic_regression_tuned,2,1,1,0.5119818009693846
56,73,logistic_regression_tuned,2,0,0,0.011804733625303187
62,80,logistic_regression_tuned,2,0,0,0.15192904036963914
67,85,logistic_regression_tuned,2,0,0,0.02686767262830665
80,100,logistic_regression_tuned,2,0,0,0.027014006847260352
81,102,logistic_regression_tuned,2,0,0,0.10609132988745307
87,108,logistic_regression_tuned,2,1,1,0.9713927624236032
91,114,logistic_regression_tuned,2,1,1,0.7133928509378652
93,116,logistic_regression_tuned,2,0,0,0.21412321037017246
98,122,logistic_regression_tuned,2,0,0,0.0029572535063565448
105,129,logistic_regression_tuned,2,0,0,0.004541234993576201
106,131,logistic_regression_tuned,2,1,1,0.9629376161326808
117,146,logistic_regression_tuned,2,0,1,0.5119040634988011
121,151,logistic_regression_tuned,2,1,1,0.9510590645026274
126,156,logistic_regression_tuned,2,0,1,0.7807361190316823
131,161,logistic_regression_tuned,2,0,0,0.026956559982381043
136,167,logistic_regression_tuned,2,0,0,0.2967691525205027
140,171,logistic_regression_tuned,2,0,1,0.7581076381182101
142,173,logistic_regression_tuned,2,0,0,0.015295907187017505
143,174,logistic_regression_tuned,2,1,1,0.995919472089168
146,178,logistic_regression_tuned,2,1,1,0.9927576712652412
154,191,logistic_regression_tuned,2,0,1,0.6032509891974497
156,193,logistic_regression_tuned,2,0,1,0.5420730672237569
158,195,logistic_regression_tuned,2,0,1,0.630477826802856
170,209,logistic_regression_tuned,2,0,0,0.04858089867558384
171,210,logistic_regression_tuned,2,1,1,0.9491384127216704
175,218,logistic_regression_tuned,2,1,1,0.9910337770564367
176,220,logistic_regression_tuned,2,0,1,0.6077894821788256
181,225,logistic_regression_tuned,2,0,0,0.16867461488036486
182,226,logistic_regression_tuned,2,0,0,0.0374135595378995
185,230,logistic_regression_tuned,2,0,0,0.4040354462587321
189,236,logistic_regression_tuned,2,0,0,0.14695431880811763
190,237,logistic_regression_tuned,2,0,0,0.11185971090347199
205,254,logistic_regression_tuned,2,0,0,0.015521048047943227
207,257,logistic_regression_tuned,2,0,0,0.01378265382361335
208,258,logistic_regression_tuned,2,0,0,0.02919500118884526
210,260,logistic_regression_tuned,2,1,1,0.9443219524108608
212,262,logistic_regression_tuned,2,0,0,0.0035360248575711604
215,265,logistic_regression_tuned,2,0,0,0.3397533313272963
222,276,logistic_regression_tuned,2,1,1,0.6142392383566427
232,288,logistic_regression_tuned,2,1,1,0.8500170237795661
239,297,logistic_regression_tuned,2,0,0,0.22485758931499591
243,302,logistic_regression_tuned,2,0,0,0.46875450432518356
244,304,logistic_regression_tuned,2,1,1,0.9632889799857502
248,308,logistic_regression_tuned,2,0,0,0.13517781276085458
251,312,logistic_regression_tuned,2,1,1,0.9865401740548557
260,326,logistic_regression_tuned,2,0,0,0.06902187885323467
262,328,logistic_regression_tuned,2,0,0,0.03977330184877306
265,331,logistic_regression_tuned,2,0,0,0.015579446621735164
275,343,logistic_regression_tuned,2,1,0,0.3446977138244947
277,345,logistic_regression_tuned,2,0,0,0.08587907695725841
282,352,logistic_regression_tuned,2,1,1,0.8241695265215088
288,361,logistic_regression_tuned,2,0,0,0.05349013550822006
301,377,logistic_regression_tuned,2,0,0,0.03304405378683727
304,382,logistic_regression_tuned,2,0,0,0.4973098471983384
312,393,logistic_regression_tuned,2,1,0,0.41267078228462717
315,397,logistic_regression_tuned,2,0,1,0.5462484747703816
316,400,logistic_regression_tuned,2,0,0,0.07399811369114609
320,405,logistic_regression_tuned,2,0,0,0.03075816980260096
321,406,logistic_regression_tuned,2,0,0,0.02431748076243591
327,412,logistic_regression_tuned,2,0,0,0.028379040349243836
334,419,logistic_regression_tuned,2,1,1,0.7404671516169313
337,422,logistic_regression_tuned,2,0,0,0.2501621760952189
344,429,logistic_regression_tuned,2,1,0,0.49458238602134275
346,431,logistic_regression_tuned,2,1,1,0.5688456063228553
347,433,logistic_regression_tuned,2,0,0,0.1166161056312421
351,437,logistic_regression_tuned,2,0,0,0.005635061530335322
356,443,logistic_regression_tuned,2,0,0,0.01365578193890842
360,449,logistic_regression_tuned,2,0,1,0.8968074882508033
365,455,logistic_regression_tuned,2,1,1,0.822214018088457
367,458,logistic_regression_tuned,2,1,1,0.7624559844422285
371,462,logistic_regression_tuned,2,0,0,0.03217954237374753
374,468,logistic_regression_tuned,2,1,1,0.9535920330744144
380,474,logistic_regression_tuned,2,0,0,0.0601086470235649
385,482,logistic_regression_tuned,2,0,0,0.33012372876433294
386,483,logistic_regression_tuned,2,0,0,0.019002239119917472
392,490,logistic_regression_tuned,2,1,1,0.6693050374039409
394,492,logistic_regression_tuned,2,0,1,0.6215258755889174
403,504,logistic_regression_tuned,2,0,0,0.012677284111614427
423,528,logistic_regression_tuned,2,0,1,0.6830763874142984
431,541,logistic_regression_tuned,2,1,1,0.9987230395574476
432,193,logistic_regression_tuned,2,0,1,0.6086479367893257
438,397,logistic_regression_tuned,2,0,1,0.5764773757150287
442,73,logistic_regression_tuned,2,0,0,0.013850043474976264
443,116,logistic_regression_tuned,2,0,0,0.2070961091036224
444,449,logistic_regression_tuned,2,0,1,0.8900674544464711
445,100,logistic_regression_tuned,2,0,0,0.026148259874060498
446,178,logistic_regression_tuned,2,1,1,0.9939351122201174
457,129,logistic_regression_tuned,2,0,0,0.004418245540857906
458,129,logistic_regression_tuned,2,0,0,0.005377895983647988
464,443,logistic_regression_tuned,2,0,0,0.011349919384453467
465,258,logistic_regression_tuned,2,0,0,0.0298278195985494
470,431,logistic_regression_tuned,2,1,1,0.5516773036783152
473,85,logistic_regression_tuned,2,0,0,0.02902561144931821
476,48,logistic_regression_tuned,2,0,0,0.045572423135934174
483,449,logistic_regression_tuned,2,0,1,0.9154821762299529
486,257,logistic_regression_tuned,2,0,0,0.01558017339065946
492,131,logistic_regression_tuned,2,1,1,0.9547663616232474
495,210,logistic_regression_tuned,2,1,1,0.9513099133506628
496,412,logistic_regression_tuned,2,0,0,0.027341844777207726
498,37,logistic_regression_tuned,2,0,0,0.11820563557394234
502,308,logistic_regression_tuned,2,0,0,0.14498566759199136
505,129,logistic_regression_tuned,2,0,0,0.004753174650611442
506,276,logistic_regression_tuned,2,1,1,0.5910972056235041
516,297,logistic_regression_tuned,2,0,0,0.1909223427881498
525,462,logistic_regression_tuned,2,0,0,0.03309201251089252
534,122,logistic_regression_tuned,2,0,0,0.0027360792194069767
537,288,logistic_regression_tuned,2,1,1,0.8496142181454057
542,167,logistic_regression_tuned,2,0,0,0.30629674179143657
544,382,logistic_regression_tuned,2,0,1,0.5022109055705236
551,422,logistic_regression_tuned,2,0,0,0.20654012506011876
553,218,logistic_regression_tuned,2,1,1,0.9894309775911443
554,308,logistic_regression_tuned,2,0,0,0.12702199001765566
565,37,logistic_regression_tuned,2,0,0,0.1014845485846592
573,210,logistic_regression_tuned,2,1,1,0.9548692500955068
576,377,logistic_regression_tuned,2,0,0,0.03357994616072861
597,406,logistic_regression_tuned,2,0,0,0.021281912404532637
601,541,logistic_regression_tuned,2,1,1,0.9986113082266498
602,210,logistic_regression_tuned,2,1,1,0.9520503594980052
609,308,logistic_regression_tuned,2,0,0,0.15526527097386564
612,161,logistic_regression_tuned,2,0,0,0.024174850035654307
624,257,logistic_regression_tuned,2,0,0,0.01285679051009824
631,220,logistic_regression_tuned,2,0,1,0.5523155332446551
649,210,logistic_regression_tuned,2,1,1,0.9492673014077074
651,474,logistic_regression_tuned,2,0,0,0.05785307265801053
662,412,logistic_regression_tuned,2,0,0,0.031339967441833476
666,377,logistic_regression_tuned,2,0,0,0.03396977785766408
667,260,logistic_regression_tuned,2,1,1,0.9471660926057031
671,361,logistic_regression_tuned,2,0,0,0.059634276812278494
672,455,logistic_regression_tuned,2,1,1,0.8311499365013992
677,226,logistic_regression_tuned,2,0,0,0.0317032700825242
679,129,logistic_regression_tuned,2,0,0,0.004849690605001968
682,4,logistic_regression_tuned,2,0,0,0.028826981770412465
691,73,logistic_regression_tuned,2,0,0,0.011676962227871141
694,328,logistic_regression_tuned,2,0,0,0.03727634262781464
696,257,logistic_regression_tuned,2,0,0,0.012773108153971945
697,108,logistic_regression_tuned,2,1,1,0.9699344303551221
701,393,logistic_regression_tuned,2,1,0,0.3692409367425744
703,361,logistic_regression_tuned,2,0,0,0.05210838754878681
711,116,logistic_regression_tuned,2,0,0,0.2008693974498396
712,455,logistic_regression_tuned,2,1,1,0.8500843749027673
713,429,logistic_regression_tuned,2,1,1,0.5262990326387398
714,174,logistic_regression_tuned,2,1,1,0.9963007328782112
718,405,logistic_regression_tuned,2,0,0,0.02956492535002879
735,328,logistic_regression_tuned,2,0,0,0.042838122283005674
739,528,logistic_regression_tuned,2,0,1,0.69959021343788
741,167,logistic_regression_tuned,2,0,0,0.29319294560104964
746,220,logistic_regression_tuned,2,0,1,0.622410261626192
753,156,logistic_regression_tuned,2,0,1,0.8015293031788391
756,449,logistic_regression_tuned,2,0,1,0.9040815986219811
758,4,logistic_regression_tuned,2,0,0,0.02514838318355667
768,393,logistic_regression_tuned,2,1,0,0.3916747600099571
772,230,logistic_regression_tuned,2,0,0,0.41339586648104804
778,397,logistic_regression_tuned,2,0,1,0.5305822463254626
782,171,logistic_regression_tuned,2,0,1,0.7531738570331047
791,326,logistic_regression_tuned,2,0,0,0.06711542483774978
794,178,logistic_regression_tuned,2,1,1,0.9925928850785839
802,116,logistic_regression_tuned,2,0,0,0.221154646235724
820,209,logistic_regression_tuned,2,0,0,0.04719116865951324
833,226,logistic_regression_tuned,2,0,0,0.03381501538065972
834,422,logistic_regression_tuned,2,0,0,0.24450312610251013
838,100,logistic_regression_tuned,2,0,0,0.025462234233049864
839,218,logistic_regression_tuned,2,1,1,0.992323311027824
841,345,logistic_regression_tuned,2,0,0,0.0876616346394871
845,173,logistic_regression_tuned,2,0,0,0.017707584204020424
846,302,logistic_regression_tuned,2,0,0,0.45561794161571484
853,129,logistic_regression_tuned,2,0,0,0.004599549662571946
857,226,logistic_regression_tuned,2,0,0,0.03487385426715771
872,236,logistic_regression_tuned,2,0,0,0.15917288027343993
879,237,logistic_regression_tuned,2,0,0,0.09931142276903983
889,209,logistic_regression_tuned,2,0,0,0.043457303105889016
892,397,logistic_regression_tuned,2,0,1,0.5550993201297337
895,151,logistic_regression_tuned,2,1,1,0.9486723872566021
908,458,logistic_regression_tuned,2,1,1,0.7677646515413773
911,146,logistic_regression_tuned,2,0,0,0.46361088856278265
913,191,logistic_regression_tuned,2,0,1,0.5831221765103916
914,80,logistic_regression_tuned,2,0,0,0.12887956886679072
922,156,logistic_regression_tuned,2,0,1,0.7888838331550379
928,422,logistic_regression_tuned,2,0,0,0.22277290733782276
932,102,logistic_regression_tuned,2,0,0,0.12445626349844624
933,265,logistic_regression_tuned,2,0,0,0.33537445367537405
946,210,logistic_regression_tuned,2,1,1,0.9528378167764963
947,297,logistic_regression_tuned,2,0,0,0.22978596709060203
950,226,logistic_regression_tuned,2,0,0,0.03437020408878166
960,504,logistic_regression_tuned,2,0,0,0.01342961039528705
961,102,logistic_regression_tuned,2,0,0,0.11656749471940875
971,406,logistic_regression_tuned,2,0,0,0.028764350812748724
974,265,logistic_regression_tuned,2,0,0,0.36066070050932103
976,262,logistic_regression_tuned,2,0,0,0.003220127783069596
979,262,logistic_regression_tuned,2,0,0,0.0038408031041039653
991,146,logistic_regression_tuned,2,0,1,0.514181244878092
1000,352,logistic_regression_tuned,2,1,1,0.8433447009394527
1001,302,logistic_regression_tuned,2,0,0,0.47272795123226397
1005,431,logistic_regression_tuned,2,1,1,0.5684324952091693
1013,312,logistic_regression_tuned,2,1,1,0.9879187711954796
1022,237,logistic_regression_tuned,2,0,0,0.11111384170916262
1023,4,logistic_regression_tuned,2,0,0,0.02875936986936411
1029,449,logistic_regression_tuned,2,0,1,0.901680210549405
1040,419,logistic_regression_tuned,2,1,1,0.7330039270490626
1041,258,logistic_regression_tuned,2,0,0,0.028249156610206595
1044,173,logistic_regression_tuned,2,0,0,0.0138470119438839
1052,288,logistic_regression_tuned,2,1,1,0.8430842504381512
1053,80,logistic_regression_tuned,2,0,0,0.1876637727341253
1056,397,logistic_regression_tuned,2,0,1,0.5641482674758604
1063,541,logistic_regression_tuned,2,1,1,0.9989596553888253
1064,328,logistic_regression_tuned,2,0,0,0.03586694042507828
1069,236,logistic_regression_tuned,2,0,0,0.1453288722365144
1075,541,logistic_regression_tuned,2,1,1,0.9986955088487786
1079,195,logistic_regression_tuned,2,0,1,0.6113118780171032
1081,237,logistic_regression_tuned,2,0,0,0.09353890209325907
1082,80,logistic_regression_tuned,2,0,0,0.17518488365364931
1086,161,logistic_regression_tuned,2,0,0,0.025478925935758817
1113,419,logistic_regression_tuned,2,1,1,0.7199648178716803
1137,100,logistic_regression_tuned,2,0,0,0.027618065329484714
1138,37,logistic_regression_tuned,2,0,0,0.11012487595512566
1142,429,logistic_regression_tuned,2,1,0,0.49933283996428574
1145,156,logistic_regression_tuned,2,0,1,0.8053695942201665
1149,412,logistic_regression_tuned,2,0,0,0.02412823048287494
1153,331,logistic_regression_tuned,2,0,0,0.01759600578077761
1156,449,logistic_regression_tuned,2,0,1,0.8955754044410305
1166,258,logistic_regression_tuned,2,0,0,0.027961791802785445
1174,528,logistic_regression_tuned,2,0,1,0.6847006607230175
1177,276,logistic_regression_tuned,2,1,1,0.5715607406048929
1189,161,logistic_regression_tuned,2,0,0,0.0238102423404291
1196,209,logistic_regression_tuned,2,0,0,0.04358969427042499
1197,225,logistic_regression_tuned,2,0,0,0.16818687220753714
1198,173,logistic_regression_tuned,2,0,0,0.01788990813600279
1201,412,logistic_regression_tuned,2,0,0,0.03500244365748477
1202,302,logistic_regression_tuned,2,0,0,0.44937219126590816
1204,412,logistic_regression_tuned,2,0,0,0.02779719409454448
1205,433,logistic_regression_tuned,2,0,0,0.10658727219344065
1213,100,logistic_regression_tuned,2,0,0,0.026048852176144006
1216,412,logistic_regression_tuned,2,0,0,0.029399178113659025
1219,302,logistic_regression_tuned,2,0,0,0.48713343638492257
1226,483,logistic_regression_tuned,2,0,0,0.018000856451684286
1238,131,logistic_regression_tuned,2,1,1,0.9535690244649401
1245,443,logistic_regression_tuned,2,0,0,0.01189266055745092
1248,468,logistic_regression_tuned,2,1,1,0.948434372219763
1251,226,logistic_regression_tuned,2,0,0,0.03312967018830121
1253,171,logistic_regression_tuned,2,0,1,0.7638960426437056
1268,433,logistic_regression_tuned,2,0,0,0.10372055646962554
1269,382,logistic_regression_tuned,2,0,0,0.48236219148487586
1275,474,logistic_regression_tuned,2,0,0,0.060204642248044324
1277,193,logistic_regression_tuned,2,0,1,0.5335087224553157
1282,161,logistic_regression_tuned,2,0,0,0.029138528100839233
1296,422,logistic_regression_tuned,2,0,0,0.2355183521817337
1304,178,logistic_regression_tuned,2,1,1,0.9917366999213237
1308,122,logistic_regression_tuned,2,0,0,0.002976245890359006
1309,405,logistic_regression_tuned,2,0,0,0.02976261761282981
1313,482,logistic_regression_tuned,2,0,0,0.29550892603709666
1316,302,logistic_regression_tuned,2,0,0,0.45460514898892607
1317,220,logistic_regression_tuned,2,0,1,0.5679633983894646
1327,412,logistic_regression_tuned,2,0,0,0.0254035731231288
1330,171,logistic_regression_tuned,2,0,1,0.7755875357345327
1333,220,logistic_regression_tuned,2,0,1,0.5858801911660967
1337,131,logistic_regression_tuned,2,1,1,0.959567605183898
1339,352,logistic_regression_tuned,2,1,1,0.8157535426692007
1342,191,logistic_regression_tuned,2,0,1,0.6093521444772695
1349,361,logistic_regression_tuned,2,0,0,0.06298770277023562
1350,53,logistic_regression_tuned,2,1,1,0.521900498829624
1353,483,logistic_regression_tuned,2,0,0,0.019143499629631335
1369,80,logistic_regression_tuned,2,0,0,0.13679971264570784
1370,114,logistic_regression_tuned,2,1,1,0.7004220845745946
1371,156,logistic_regression_tuned,2,0,1,0.7804477440416611
1374,116,logistic_regression_tuned,2,0,0,0.19091514489059255
1385,209,logistic_regression_tuned,2,0,0,0.048034886508097285
1390,393,logistic_regression_tuned,2,1,0,0.4165678483868063
1400,226,logistic_regression_tuned,2,0,0,0.036473195171136175
1401,528,logistic_regression_tuned,2,0,1,0.6797947494071233
1405,262,logistic_regression_tuned,2,0,0,0.003233905506851677
1407,474,logistic_regression_tuned,2,0,0,0.05221278107621118
1408,218,logistic_regression_tuned,2,1,1,0.9903410684523685
1410,100,logistic_regression_tuned,2,0,0,0.02601158309044206
1413,312,logistic_regression_tuned,2,1,1,0.9866083552356645
1416,352,logistic_regression_tuned,2,1,1,0.8293325238293228
1438,122,logistic_regression_tuned,2,0,0,0.0030375607283776272
1440,37,logistic_regression_tuned,2,0,0,0.11021831983865972
1441,73,logistic_regression_tuned,2,0,0,0.012530881413934394
1452,210,logistic_regression_tuned,2,1,1,0.9498569298567822
1464,102,logistic_regression_tuned,2,0,0,0.11778160928481554
1465,377,logistic_regression_tuned,2,0,0,0.037112364092154626
1467,35,logistic_regression_tuned,2,0,0,0.11110420460073092
1469,361,logistic_regression_tuned,2,0,0,0.048859586433818644
1471,178,logistic_regression_tuned,2,1,1,0.9911422609176993
1483,151,logistic_regression_tuned,2,1,1,0.9508781109335427
1484,220,logistic_regression_tuned,2,0,1,0.6387338645345834
1485,73,logistic_regression_tuned,2,0,0,0.011496356980885133
1487,345,logistic_regression_tuned,2,0,0,0.07275382933724417
1497,302,logistic_regression_tuned,2,0,1,0.5059657353580655
1501,328,logistic_regression_tuned,2,0,0,0.03995845338832718
1511,492,logistic_regression_tuned,2,0,1,0.6114207698933123
1513,257,logistic_regression_tuned,2,0,0,0.015395694177014727
1515,220,logistic_regression_tuned,2,0,1,0.5476864766821603
1516,382,logistic_regression_tuned,2,0,1,0.5110636224841437
1518,35,logistic_regression_tuned,2,0,0,0.13934271568972134
1520,173,logistic_regression_tuned,2,0,0,0.014437258877724707
1524,433,logistic_regression_tuned,2,0,0,0.11401253386965925
1525,541,logistic_regression_tuned,2,1,1,0.9987184080780763
1533,236,logistic_regression_tuned,2,0,0,0.15177398391953875
1535,422,logistic_regression_tuned,2,0,0,0.2336430682278967
1541,541,logistic_regression_tuned,2,1,1,0.9989799409947847
1546,220,logistic_regression_tuned,2,0,1,0.5622070677195932
1547,167,logistic_regression_tuned,2,0,0,0.3106078869721371
1548,32,logistic_regression_tuned,2,1,1,0.7856900996848214
1555,254,logistic_regression_tuned,2,0,0,0.014455443670165182
1558,37,logistic_regression_tuned,2,0,0,0.11148510488551776
1560,288,logistic_regression_tuned,2,1,1,0.8307784049343334
1576,156,logistic_regression_tuned,2,0,1,0.7760258899917113
1582,343,logistic_regression_tuned,2,1,0,0.37459523912726644
1584,226,logistic_regression_tuned,2,0,0,0.0378410912159344
1585,343,logistic_regression_tuned,2,1,0,0.3542724139394508
1588,328,logistic_regression_tuned,2,0,0,0.039655696423081
1590,328,logistic_regression_tuned,2,0,0,0.041328231415298046
1593,174,logistic_regression_tuned,2,1,1,0.9956865434771586
1609,504,logistic_regression_tuned,2,0,0,0.011437171613229938
1615,85,logistic_regression_tuned,2,0,0,0.02820251318512891
1618,449,logistic_regression_tuned,2,0,1,0.8959953240879384
1621,377,logistic_regression_tuned,2,0,0,0.03501303032478887
1630,129,logistic_regression_tuned,2,0,0,0.004101956541867009
1632,237,logistic_regression_tuned,2,0,0,0.09487279705006912
1641,237,logistic_regression_tuned,2,0,0,0.09876994528822054
1643,462,logistic_regression_tuned,2,0,0,0.039420336396896176
1647,48,logistic_regression_tuned,2,0,0,0.04664519112703517
1651,429,logistic_regression_tuned,2,1,1,0.5033385525710098
1653,393,logistic_regression_tuned,2,1,0,0.36774840776399526
1661,230,logistic_regression_tuned,2,0,0,0.42211737435803576
1664,156,logistic_regression_tuned,2,0,1,0.780054200475618
1665,443,logistic_regression_tuned,2,0,0,0.013054344957780956
1669,345,logistic_regression_tuned,2,0,0,0.10190810499052695
1677,80,logistic_regression_tuned,2,0,0,0.13427948811884946
1678,302,logistic_regression_tuned,2,0,0,0.46763979247445436
1679,80,logistic_regression_tuned,2,0,0,0.14181280132604493
1680,226,logistic_regression_tuned,2,0,0,0.03854872747899391
1682,504,logistic_regression_tuned,2,0,0,0.01342804206857676
1688,156,logistic_regression_tuned,2,0,1,0.774262495315448
1690,73,logistic_regression_tuned,2,0,0,0.013572740027964336
1704,361,logistic_regression_tuned,2,0,0,0.056761438543199524
1714,431,logistic_regression_tuned,2,1,1,0.5712690752750964
1716,265,logistic_regression_tuned,2,0,0,0.3445964401786892
1720,195,logistic_regression_tuned,2,0,1,0.621828854600226
1725,53,logistic_regression_tuned,2,1,1,0.5483296986349301
1732,37,logistic_regression_tuned,2,0,0,0.11792995564698878
1734,443,logistic_regression_tuned,2,0,0,0.012923882693291033
1736,108,logistic_regression_tuned,2,1,1,0.9698915975610057
1739,262,logistic_regression_tuned,2,0,0,0.004005045920497078
1740,412,logistic_regression_tuned,2,0,0,0.029241210101159473
1742,433,logistic_regression_tuned,2,0,0,0.1352273286725235
1764,32,logistic_regression_tuned,2,1,1,0.7746045742713112
1765,85,logistic_regression_tuned,2,0,0,0.027580029759618728
1781,541,logistic_regression_tuned,2,1,1,0.9988179582200253
1783,146,logistic_regression_tuned,2,0,1,0.5129558766602612
1784,237,logistic_regression_tuned,2,0,0,0.11046718086098693
1788,102,logistic_regression_tuned,2,0,0,0.0961266844925183
1798,429,logistic_regression_tuned,2,1,0,0.46982032660699286
1801,167,logistic_regression_tuned,2,0,0,0.2878015096593368
1809,262,logistic_regression_tuned,2,0,0,0.0039293956711375045
1814,35,logistic_regression_tuned,2,0,0,0.11642736870665985
1816,345,logistic_regression_tuned,2,0,0,0.08074771554249002
1823,276,logistic_regression_tuned,2,1,1,0.6018374227190145
1825,429,logistic_regression_tuned,2,1,1,0.5161189608344555
1827,108,logistic_regression_tuned,2,1,1,0.9724490439226056
1832,304,logistic_regression_tuned,2,1,1,0.9631715872244937
1835,361,logistic_regression_tuned,2,0,0,0.04963216782088017
1838,167,logistic_regression_tuned,2,0,0,0.25976789168157216
1841,48,logistic_regression_tuned,2,0,0,0.04485324721271445
1843,331,logistic_regression_tuned,2,0,0,0.01892969706014294
1845,32,logistic_regression_tuned,2,1,1,0.7530652555103844
1852,191,logistic_regression_tuned,2,0,1,0.6129377621301657
1861,131,logistic_regression_tuned,2,1,1,0.9695472921927252
1867,406,logistic_regression_tuned,2,0,0,0.024284849628303254
1868,108,logistic_regression_tuned,2,1,1,0.9698756113710433
1873,352,logistic_regression_tuned,2,1,1,0.830679895061823
1874,230,logistic_regression_tuned,2,0,0,0.3934025861686405
1888,156,logistic_regression_tuned,2,0,1,0.7853534347954235
1893,4,logistic_regression_tuned,2,0,0,0.024424687349492494
1903,100,logistic_regression_tuned,2,0,0,0.028057253552062456
1914,146,logistic_regression_tuned,2,0,1,0.5077095821176462
1916,131,logistic_regression_tuned,2,1,1,0.9629992415706783
1918,393,logistic_regression_tuned,2,1,0,0.41750636683731523
1924,174,logistic_regression_tuned,2,1,1,0.995926654273279
1932,361,logistic_regression_tuned,2,0,0,0.058076098039701485
1934,230,logistic_regression_tuned,2,0,0,0.3673948130208808
1945,151,logistic_regression_tuned,2,1,1,0.9468368900457754
1950,100,logistic_regression_tuned,2,0,0,0.026086487438034586
1958,146,logistic_regression_tuned,2,0,1,0.5149298470080326
1959,171,logistic_regression_tuned,2,0,1,0.7235867656828063
1966,122,logistic_regression_tuned,2,0,0,0.0028236939779626093
1968,173,logistic_regression_tuned,2,0,0,0.015650239857726598
1971,35,logistic_regression_tuned,2,0,0,0.12462399085700321
1983,458,logistic_regression_tuned,2,1,1,0.7428299090739451
1985,276,logistic_regression_tuned,2,1,1,0.6085181941486864
1988,412,logistic_regression_tuned,2,0,0,0.025913266524444218
1993,122,logistic_regression_tuned,2,0,0,0.0030098921314249414
1997,15,logistic_regression_tuned,2,0,0,0.024896751873464535
2001,4,logistic_regression_tuned,2,0,0,0.022768036514745595
2003,102,logistic_regression_tuned,2,0,0,0.11388106900469896
2006,114,logistic_regression_tuned,2,1,1,0.715325831229773
2012,173,logistic_regression_tuned,2,0,0,0.016252512086101973
2016,161,logistic_regression_tuned,2,0,0,0.031090832673803217
2017,492,logistic_regression_tuned,2,0,1,0.6008317247084859
6,8,logistic_regression_tuned,3,0,0,0.06768531753294772
11,13,logistic_regression_tuned,3,1,1,0.9903831871838169
14,17,logistic_regression_tuned,3,0,0,0.057946416416565914
20,23,logistic_regression_tuned,3,0,0,0.1299010109727386
22,28,logistic_regression_tuned,3,0,0,0.06803420410968931
24,31,logistic_regression_tuned,3,0,0,0.14033615346678233
26,33,logistic_regression_tuned,3,0,0,0.22918675885070122
31,38,logistic_regression_tuned,3,0,0,0.02346162357490542
35,43,logistic_regression_tuned,3,0,0,0.0079379570351046
37,46,logistic_regression_tuned,3,0,0,0.07980523172681035
45,54,logistic_regression_tuned,3,0,0,0.04229275144848084
53,69,logistic_regression_tuned,3,1,1,0.7547244833368271
58,76,logistic_regression_tuned,3,0,0,0.02237952493277441
68,86,logistic_regression_tuned,3,0,0,0.02887545585743547
70,89,logistic_regression_tuned,3,1,1,0.9090955687021249
71,90,logistic_regression_tuned,3,0,0,0.4041502466662927
84,105,logistic_regression_tuned,3,0,1,0.6832282122363615
86,107,logistic_regression_tuned,3,0,1,0.8165010193075684
94,117,logistic_regression_tuned,3,0,0,0.268318663026523
97,121,logistic_regression_tuned,3,0,0,0.03506225162251218
99,123,logistic_regression_tuned,3,1,1,0.9437391880870316
100,124,logistic_regression_tuned,3,1,1,0.9697616512802457
101,125,logistic_regression_tuned,3,1,1,0.8970355206441435
119,148,logistic_regression_tuned,3,0,0,0.32160824745867933
120,150,logistic_regression_tuned,3,0,0,0.025972040872827045
124,154,logistic_regression_tuned,3,1,0,0.17411110080779477
128,158,logistic_regression_tuned,3,0,0,0.20164315465262841
129,159,logistic_regression_tuned,3,1,1,0.7657151858899846
133,163,logistic_regression_tuned,3,1,1,0.7482661314141333
134,165,logistic_regression_tuned,3,0,0,0.2635362749013785
137,168,logistic_regression_tuned,3,1,1,0.9146267412574963
150,184,logistic_regression_tuned,3,0,0,0.15300718558703638
159,196,logistic_regression_tuned,3,1,1,0.9211151080687774
162,199,logistic_regression_tuned,3,0,0,0.05171302461700784
163,201,logistic_regression_tuned,3,0,0,0.011993165366186246
168,207,logistic_regression_tuned,3,1,1,0.9985902071315305
177,221,logistic_regression_tuned,3,0,0,0.005090991536837396
186,231,logistic_regression_tuned,3,1,0,0.12664428963708896
188,235,logistic_regression_tuned,3,0,0,0.21203825104837562
197,245,logistic_regression_tuned,3,1,1,0.9467129080747959
209,259,logistic_regression_tuned,3,0,0,0.15170222322725246
211,261,logistic_regression_tuned,3,0,0,0.007047174117881648
224,279,logistic_regression_tuned,3,1,1,0.9341977578996267
227,283,logistic_regression_tuned,3,1,1,0.616038338064647
234,290,logistic_regression_tuned,3,0,1,0.6242193260356684
236,292,logistic_regression_tuned,3,0,0,0.04709070527590414
238,296,logistic_regression_tuned,3,1,0,0.4025705992031622
245,305,logistic_regression_tuned,3,0,0,0.028062661923291068
247,307,logistic_regression_tuned,3,1,1,0.8739664973922825
249,310,logistic_regression_tuned,3,1,1,0.6970022303699931
254,318,logistic_regression_tuned,3,0,0,0.15733041884721108
256,322,logistic_regression_tuned,3,0,1,0.7330412450888766
257,323,logistic_regression_tuned,3,0,1,0.6854704032209888
258,324,logistic_regression_tuned,3,1,1,0.9978781318794355
259,325,logistic_regression_tuned,3,0,0,0.2901961800862691
264,330,logistic_regression_tuned,3,0,0,0.0868084950395644
271,337,logistic_regression_tuned,3,1,1,0.9966024454174532
276,344,logistic_regression_tuned,3,0,0,0.3077232855772852
295,371,logistic_regression_tuned,3,1,1,0.9789908826218098
297,373,logistic_regression_tuned,3,1,1,0.9744343670797443
305,383,logistic_regression_tuned,3,0,0,0.19181246023736043
309,389,logistic_regression_tuned,3,0,0,0.21827548889361845
317,401,logistic_regression_tuned,3,0,0,0.07663217984488123
318,403,logistic_regression_tuned,3,1,1,0.9966424858358203
324,409,logistic_regression_tuned,3,0,0,0.270024683757139
329,414,logistic_regression_tuned,3,0,0,0.024867122624774432
339,424,logistic_regression_tuned,3,0,0,0.18755034064529183
342,427,logistic_regression_tuned,3,0,0,0.04800196379517255
348,434,logistic_regression_tuned,3,0,0,0.24963658393752777
357,446,logistic_regression_tuned,3,1,1,0.9750083046069412
358,447,logistic_regression_tuned,3,0,1,0.577764199650819
363,452,logistic_regression_tuned,3,1,1,0.754442883709376
368,459,logistic_regression_tuned,3,1,0,0.33608152932320656
370,461,logistic_regression_tuned,3,0,0,0.19657479641880504
373,466,logistic_regression_tuned,3,0,0,0.10790171220821539
376,470,logistic_regression_tuned,3,1,0,0.44550667423389356
381,475,logistic_regression_tuned,3,0,1,0.5275190927551586
383,478,logistic_regression_tuned,3,1,1,0.9878268577596394
388,485,logistic_regression_tuned,3,0,1,0.7388726539033751
401,499,logistic_regression_tuned,3,0,0,0.008932936539938818
402,500,logistic_regression_tuned,3,0,0,0.24097286015026353
412,513,logistic_regression_tuned,3,1,1,0.8773407322702309
414,515,logistic_regression_tuned,3,0,0,0.3458535328217667
415,517,logistic_regression_tuned,3,0,1,0.7329958398393399
417,519,logistic_regression_tuned,3,0,0,0.04890159008751985
424,529,logistic_regression_tuned,3,0,0,0.007336078865324687
427,535,logistic_regression_tuned,3,0,0,0.18382510897230395
447,148,logistic_regression_tuned,3,0,0,0.3195575019789909
448,424,logistic_regression_tuned,3,0,0,0.1748405505439865
451,245,logistic_regression_tuned,3,1,1,0.945321167165078
455,184,logistic_regression_tuned,3,0,0,0.14485867726082785
459,54,logistic_regression_tuned,3,0,0,0.042594536513741364
462,389,logistic_regression_tuned,3,0,0,0.20191313480693707
463,43,logistic_regression_tuned,3,0,0,0.008882583689735673
466,322,logistic_regression_tuned,3,0,1,0.7179246708643774
468,292,logistic_regression_tuned,3,0,0,0.044137996706467626
475,325,logistic_regression_tuned,3,0,0,0.3162152445875231
490,513,logistic_regression_tuned,3,1,1,0.8660825539413699
491,371,logistic_regression_tuned,3,1,1,0.9804566866392974
494,124,logistic_regression_tuned,3,1,1,0.9716755647900372
504,33,logistic_regression_tuned,3,0,0,0.22756788913754647
523,324,logistic_regression_tuned,3,1,1,0.9981395293702394
524,261,logistic_regression_tuned,3,0,0,0.007861425285568772
526,529,logistic_regression_tuned,3,0,0,0.006857349016759877
528,150,logistic_regression_tuned,3,0,0,0.028630879954651245
531,446,logistic_regression_tuned,3,1,1,0.9731663063409195
536,470,logistic_regression_tuned,3,1,0,0.4576959841041087
546,235,logistic_regression_tuned,3,0,0,0.2216964501944781
547,292,logistic_regression_tuned,3,0,0,0.05297923939395619
548,33,logistic_regression_tuned,3,0,0,0.25972630160794385
559,424,logistic_regression_tuned,3,0,0,0.20497869190761406
562,89,logistic_regression_tuned,3,1,1,0.9100870856945324
571,447,logistic_regression_tuned,3,0,1,0.5781838971829025
575,292,logistic_regression_tuned,3,0,0,0.043493724029109886
578,324,logistic_regression_tuned,3,1,1,0.9979514011231873
581,290,logistic_regression_tuned,3,0,1,0.6351422009924266
585,515,logistic_regression_tuned,3,0,0,0.355632708500745
587,323,logistic_regression_tuned,3,0,1,0.6881820126275163
590,424,logistic_regression_tuned,3,0,0,0.19370492075708648
594,434,logistic_regression_tuned,3,0,0,0.2432562920466779
599,499,logistic_regression_tuned,3,0,0,0.008824299633625368
600,330,logistic_regression_tuned,3,0,0,0.08895471823335645
603,17,logistic_regression_tuned,3,0,0,0.059807357978732954
604,107,logistic_regression_tuned,3,0,1,0.8069782513329198
605,165,logistic_regression_tuned,3,0,0,0.26357242107449513
608,196,logistic_regression_tuned,3,1,1,0.9154289970049226
613,148,logistic_regression_tuned,3,0,0,0.29147654501577763
616,121,logistic_regression_tuned,3,0,0,0.032289244412980506
618,427,logistic_regression_tuned,3,0,0,0.05190669060090578
621,325,logistic_regression_tuned,3,0,0,0.28366712924490334
622,535,logistic_regression_tuned,3,0,0,0.18109275506542957
628,424,logistic_regression_tuned,3,0,0,0.19668186154042008
629,283,logistic_regression_tuned,3,1,1,0.5920446477010424
630,434,logistic_regression_tuned,3,0,0,0.22573276941841178
639,54,logistic_regression_tuned,3,0,0,0.045657429149181646
642,337,logistic_regression_tuned,3,1,1,0.9966305971644801
643,107,logistic_regression_tuned,3,0,1,0.8210804937404684
647,535,logistic_regression_tuned,3,0,0,0.20318598145657313
652,401,logistic_regression_tuned,3,0,0,0.07767841804088513
657,344,logistic_regression_tuned,3,0,0,0.3163516798526048
658,154,logistic_regression_tuned,3,1,0,0.18344113865315478
664,8,logistic_regression_tuned,3,0,0,0.06201514207500133
669,325,logistic_regression_tuned,3,0,0,0.30007059962539373
692,324,logistic_regression_tuned,3,1,1,0.9979352578276758
699,150,logistic_regression_tuned,3,0,0,0.026776405782291124
704,90,logistic_regression_tuned,3,0,0,0.3791839044090904
706,500,logistic_regression_tuned,3,0,0,0.21632861788909508
707,344,logistic_regression_tuned,3,0,0,0.3073053784129119
709,283,logistic_regression_tuned,3,1,1,0.5978318812585839
710,33,logistic_regression_tuned,3,0,0,0.2338610864676608
721,517,logistic_regression_tuned,3,0,1,0.751216133551751
723,499,logistic_regression_tuned,3,0,0,0.008848349371497272
729,23,logistic_regression_tuned,3,0,0,0.13668733698813842
730,461,logistic_regression_tuned,3,0,0,0.17813346108156292
733,105,logistic_regression_tuned,3,0,1,0.6406145662841806
736,519,logistic_regression_tuned,3,0,0,0.05587424483000619
742,310,logistic_regression_tuned,3,1,1,0.658076460281176
743,221,logistic_regression_tuned,3,0,0,0.005311301064314943
754,121,logistic_regression_tuned,3,0,0,0.030840092969971797
755,322,logistic_regression_tuned,3,0,1,0.7046768198815365
762,330,logistic_regression_tuned,3,0,0,0.08938434460600812
773,401,logistic_regression_tuned,3,0,0,0.07241562991146583
774,154,logistic_regression_tuned,3,1,0,0.1879356046427012
783,452,logistic_regression_tuned,3,1,1,0.7495913459462514
793,165,logistic_regression_tuned,3,0,0,0.25767787428949773
799,158,logistic_regression_tuned,3,0,0,0.18430819382186442
805,499,logistic_regression_tuned,3,0,0,0.009300613224576787
810,117,logistic_regression_tuned,3,0,0,0.3067468488162832
815,434,logistic_regression_tuned,3,0,0,0.259265625956938
819,322,logistic_regression_tuned,3,0,1,0.7099317236625502
821,43,logistic_regression_tuned,3,0,0,0.008755954628161455
822,499,logistic_regression_tuned,3,0,0,0.007679724595670618
826,305,logistic_regression_tuned,3,0,0,0.02684030807196207
827,259,logistic_regression_tuned,3,0,0,0.14643717057552344
828,373,logistic_regression_tuned,3,1,1,0.9725512038924308
831,69,logistic_regression_tuned,3,1,1,0.7466701651687521
832,13,logistic_regression_tuned,3,1,1,0.989867743800599
835,168,logistic_regression_tuned,3,1,1,0.9126557704725421
837,290,logistic_regression_tuned,3,0,1,0.6335200072683937
840,307,logistic_regression_tuned,3,1,1,0.879509038489801
843,235,logistic_regression_tuned,3,0,0,0.2022893336139486
849,163,logistic_regression_tuned,3,1,1,0.7371480183457139
854,485,logistic_regression_tuned,3,0,1,0.7399876709095495
864,371,logistic_regression_tuned,3,1,1,0.9794731972766356
866,383,logistic_regression_tuned,3,0,0,0.20242737186207743
867,371,logistic_regression_tuned,3,1,1,0.9804063622121402
868,259,logistic_regression_tuned,3,0,0,0.154013884881899
875,121,logistic_regression_tuned,3,0,0,0.034824788614598694
881,519,logistic_regression_tuned,3,0,0,0.05320913023865649
882,159,logistic_regression_tuned,3,1,1,0.7796545589349129
885,38,logistic_regression_tuned,3,0,0,0.02216316256111911
893,414,logistic_regression_tuned,3,0,0,0.025327121188010494
899,485,logistic_regression_tuned,3,0,1,0.7240591969671911
900,461,logistic_regression_tuned,3,0,0,0.1861072969409682
904,414,logistic_regression_tuned,3,0,0,0.022725648685700584
906,324,logistic_regression_tuned,3,1,1,0.9977919493752314
909,117,logistic_regression_tuned,3,0,0,0.2594830778511821
915,207,logistic_regression_tuned,3,1,1,0.9986087260513317
919,8,logistic_regression_tuned,3,0,0,0.058724729404800224
921,159,logistic_regression_tuned,3,1,1,0.7597439272819296
929,69,logistic_regression_tuned,3,1,1,0.7349976617314804
937,158,logistic_regression_tuned,3,0,0,0.20461542150433343
938,231,logistic_regression_tuned,3,1,0,0.12222511608093493
940,31,logistic_regression_tuned,3,0,0,0.14137694765424677
942,124,logistic_regression_tuned,3,1,1,0.9733915147330551
943,452,logistic_regression_tuned,3,1,1,0.7408223262027459
952,383,logistic_regression_tuned,3,0,0,0.19650659428175654
953,168,logistic_regression_tuned,3,1,1,0.9061692676727988
955,201,logistic_regression_tuned,3,0,0,0.010574686494760548
970,283,logistic_regression_tuned,3,1,1,0.6229852485741185
973,515,logistic_regression_tuned,3,0,0,0.33927614050132177
981,89,logistic_regression_tuned,3,1,1,0.8925248317017431
982,371,logistic_regression_tuned,3,1,1,0.9770317965081523
987,485,logistic_regression_tuned,3,0,1,0.7469830213289188
992,245,logistic_regression_tuned,3,1,1,0.9544331286789802
993,470,logistic_regression_tuned,3,1,0,0.419413174683061
994,184,logistic_regression_tuned,3,0,0,0.13860634442630027
1004,17,logistic_regression_tuned,3,0,0,0.061584572525297115
1006,414,logistic_regression_tuned,3,0,0,0.02561059785531368
1012,452,logistic_regression_tuned,3,1,1,0.7620902738747983
1034,107,logistic_regression_tuned,3,0,1,0.7991621408187272
1042,529,logistic_regression_tuned,3,0,0,0.006963069397031018
1047,107,logistic_regression_tuned,3,0,1,0.8090509974051173
1049,325,logistic_regression_tuned,3,0,0,0.296726721177438
1060,337,logistic_regression_tuned,3,1,1,0.9963844433097565
1073,414,logistic_regression_tuned,3,0,0,0.024956845628535312
1077,344,logistic_regression_tuned,3,0,0,0.3435478863422339
1078,475,logistic_regression_tuned,3,0,1,0.5268207420184142
1084,163,logistic_regression_tuned,3,1,1,0.7447342074305547
1087,427,logistic_regression_tuned,3,0,0,0.05356752715612318
1089,305,logistic_regression_tuned,3,0,0,0.02618742219034667
1090,325,logistic_regression_tuned,3,0,0,0.2772987103619675
1093,159,logistic_regression_tuned,3,1,1,0.7623043347217915
1096,478,logistic_regression_tuned,3,1,1,0.9889475937968732
1097,245,logistic_regression_tuned,3,1,1,0.942235927052235
1103,196,logistic_regression_tuned,3,1,1,0.9168137580258903
1105,446,logistic_regression_tuned,3,1,1,0.973634818916187
1107,33,logistic_regression_tuned,3,0,0,0.219851162540903
1116,8,logistic_regression_tuned,3,0,0,0.07236031799930104
1118,76,logistic_regression_tuned,3,0,0,0.01961178336587984
1127,337,logistic_regression_tuned,3,1,1,0.9959300408189287
1131,292,logistic_regression_tuned,3,0,0,0.04461188324916116
1136,500,logistic_regression_tuned,3,0,0,0.22984317620036807
1140,148,logistic_regression_tuned,3,0,0,0.34373536338049165
1158,259,logistic_regression_tuned,3,0,0,0.1428494419071245
1159,148,logistic_regression_tuned,3,0,0,0.3129184693207906
1160,461,logistic_regression_tuned,3,0,0,0.18663098045436013
1161,470,logistic_regression_tuned,3,1,0,0.458118286110765
1162,283,logistic_regression_tuned,3,1,1,0.6148285112317057
1173,310,logistic_regression_tuned,3,1,1,0.7038728059893324
1175,158,logistic_regression_tuned,3,0,0,0.21197378915889464
1182,43,logistic_regression_tuned,3,0,0,0.008215496463579594
1187,148,logistic_regression_tuned,3,0,0,0.30214580143805564
1191,296,logistic_regression_tuned,3,1,0,0.41879264581156145
1192,105,logistic_regression_tuned,3,0,1,0.7065525485473264
1193,383,logistic_regression_tuned,3,0,0,0.18752700549932036
1194,117,logistic_regression_tuned,3,0,0,0.276965684599906
1195,17,logistic_regression_tuned,3,0,0,0.06135064392818427
1207,245,logistic_regression_tuned,3,1,1,0.9383251079514745
1208,69,logistic_regression_tuned,3,1,1,0.750251875267719
1210,371,logistic_regression_tuned,3,1,1,0.9774788960209991
1220,337,logistic_regression_tuned,3,1,1,0.997120802288517
1221,235,logistic_regression_tuned,3,0,0,0.20334425738712067
1222,452,logistic_regression_tuned,3,1,1,0.7591387122025655
1224,373,logistic_regression_tuned,3,1,1,0.9762886450373957
1236,371,logistic_regression_tuned,3,1,1,0.9812932859212172
1240,148,logistic_regression_tuned,3,0,0,0.33135356965469104
1242,305,logistic_regression_tuned,3,0,0,0.02593917489964291
1247,107,logistic_regression_tuned,3,0,1,0.8149513399627876
1249,46,logistic_regression_tuned,3,0,0,0.0795508771809684
1250,23,logistic_regression_tuned,3,0,0,0.1435359676251955
1254,401,logistic_regression_tuned,3,0,0,0.07901667572046106
1260,199,logistic_regression_tuned,3,0,0,0.04808644217194228
1262,485,logistic_regression_tuned,3,0,1,0.7499618870900284
1263,485,logistic_regression_tuned,3,0,1,0.7663039016545511
1264,499,logistic_regression_tuned,3,0,0,0.008277835779712459
1287,330,logistic_regression_tuned,3,0,0,0.08709474475633995
1291,344,logistic_regression_tuned,3,0,0,0.2838198773798057
1302,121,logistic_regression_tuned,3,0,0,0.039400345226407466
1306,90,logistic_regression_tuned,3,0,0,0.4088905824241376
1315,89,logistic_regression_tuned,3,1,1,0.9158442220719983
1320,409,logistic_regression_tuned,3,0,0,0.26556672099409506
1329,517,logistic_regression_tuned,3,0,1,0.7243775075827042
1334,535,logistic_regression_tuned,3,0,0,0.18369560484034655
1338,121,logistic_regression_tuned,3,0,0,0.03831550196178534
1343,90,logistic_regression_tuned,3,0,0,0.43156112697765137
1355,46,logistic_regression_tuned,3,0,0,0.08646551729194846
1356,123,logistic_regression_tuned,3,1,1,0.9504898688598751
1357,535,logistic_regression_tuned,3,0,0,0.1795040816260652
1359,322,logistic_regression_tuned,3,0,1,0.7437110858043912
1363,485,logistic_regression_tuned,3,0,1,0.7227743195952587
1365,123,logistic_regression_tuned,3,1,1,0.9458972834248525
1368,90,logistic_regression_tuned,3,0,0,0.4313108806256671
1388,279,logistic_regression_tuned,3,1,1,0.9348742433967759
1396,424,logistic_regression_tuned,3,0,0,0.19288713514511793
1420,43,logistic_regression_tuned,3,0,0,0.00772340403832809
1444,148,logistic_regression_tuned,3,0,0,0.31597168093861466
1461,235,logistic_regression_tuned,3,0,0,0.21127288519955137
1463,90,logistic_regression_tuned,3,0,0,0.3823102732841378
1473,461,logistic_regression_tuned,3,0,0,0.19860906377105278
1474,296,logistic_regression_tuned,3,1,0,0.3978971724693815
1476,76,logistic_regression_tuned,3,0,0,0.024144577031983548
1479,261,logistic_regression_tuned,3,0,0,0.006888636666473954
1481,383,logistic_regression_tuned,3,0,0,0.18630838967404295
1488,517,logistic_regression_tuned,3,0,1,0.734099687130522
1507,475,logistic_regression_tuned,3,0,1,0.5409511693189119
1509,86,logistic_regression_tuned,3,0,0,0.031572064767734935
1510,107,logistic_regression_tuned,3,0,1,0.8199703328437671
1514,13,logistic_regression_tuned,3,1,1,0.9891895662897832
1517,373,logistic_regression_tuned,3,1,1,0.9742310497931341
1519,325,logistic_regression_tuned,3,0,0,0.29844776656901684
1522,199,logistic_regression_tuned,3,0,0,0.05162023077513049
1527,470,logistic_regression_tuned,3,1,0,0.452200171479387
1529,165,logistic_regression_tuned,3,0,0,0.263348339590683
1534,515,logistic_regression_tuned,3,0,0,0.35001370129458015
1538,310,logistic_regression_tuned,3,1,1,0.7143360009032184
1549,383,logistic_regression_tuned,3,0,0,0.19178441447609906
1556,123,logistic_regression_tuned,3,1,1,0.9412269374633626
1559,513,logistic_regression_tuned,3,1,1,0.8756580829295063
1561,17,logistic_regression_tuned,3,0,0,0.06286395538677342
1562,283,logistic_regression_tuned,3,1,1,0.623148120741749
1566,324,logistic_regression_tuned,3,1,1,0.9977767720137255
1580,279,logistic_regression_tuned,3,1,1,0.9344565822875206
1583,475,logistic_regression_tuned,3,0,0,0.4993104301999583
1587,159,logistic_regression_tuned,3,1,1,0.7702432011519565
1589,43,logistic_regression_tuned,3,0,0,0.008018775699438752
1602,168,logistic_regression_tuned,3,1,1,0.9138978675782277
1604,325,logistic_regression_tuned,3,0,0,0.29496330178262314
1607,371,logistic_regression_tuned,3,1,1,0.9777546466159843
1610,459,logistic_regression_tuned,3,1,0,0.3458053732876478
1620,8,logistic_regression_tuned,3,0,0,0.07240636814366237
1622,337,logistic_regression_tuned,3,1,1,0.9968619788839339
1629,31,logistic_regression_tuned,3,0,0,0.12713256704957507
1635,414,logistic_regression_tuned,3,0,0,0.026141831804900227
1646,499,logistic_regression_tuned,3,0,0,0.007958555830166738
1654,201,logistic_regression_tuned,3,0,0,0.012416323820226513
1663,158,logistic_regression_tuned,3,0,0,0.20550088657015705
1674,158,logistic_regression_tuned,3,0,0,0.18988126458336865
1691,76,logistic_regression_tuned,3,0,0,0.023476901404728967
1692,207,logistic_regression_tuned,3,1,1,0.9986840473895355
1694,459,logistic_regression_tuned,3,1,0,0.31377842213053764
1695,33,logistic_regression_tuned,3,0,0,0.21090865539646542
1697,199,logistic_regression_tuned,3,0,0,0.04634262579797663
1699,124,logistic_regression_tuned,3,1,1,0.971676422373964
1700,292,logistic_regression_tuned,3,0,0,0.04502098815422374
1702,158,logistic_regression_tuned,3,0,0,0.19781211210759056
1718,323,logistic_regression_tuned,3,0,1,0.6705712042635952
1719,17,logistic_regression_tuned,3,0,0,0.06122858608007038
1727,33,logistic_regression_tuned,3,0,0,0.234022892722513
1729,121,logistic_regression_tuned,3,0,0,0.037388249106475153
1730,76,logistic_regression_tuned,3,0,0,0.025873868044086867
1737,150,logistic_regression_tuned,3,0,0,0.0249422468007711
1745,221,logistic_regression_tuned,3,0,0,0.005338767604043513
1746,283,logistic_regression_tuned,3,1,1,0.615920166401931
1752,434,logistic_regression_tuned,3,0,0,0.23873608801764884
1753,478,logistic_regression_tuned,3,1,1,0.9886155342677317
1760,475,logistic_regression_tuned,3,0,1,0.5191544638987462
1761,446,logistic_regression_tuned,3,1,1,0.973042329718473
1779,163,logistic_regression_tuned,3,1,1,0.7566226932095325
1785,221,logistic_regression_tuned,3,0,0,0.0048754743579999035
1787,124,logistic_regression_tuned,3,1,1,0.9677927643316633
1793,513,logistic_regression_tuned,3,1,1,0.890835249552379
1794,8,logistic_regression_tuned,3,0,0,0.07426843058823664
1795,373,logistic_regression_tuned,3,1,1,0.972862074027922
1800,201,logistic_regression_tuned,3,0,0,0.011438773279626738
1802,69,logistic_regression_tuned,3,1,1,0.7367554993843853
1808,529,logistic_regression_tuned,3,0,0,0.007759561630685764
1810,279,logistic_regression_tuned,3,1,1,0.9391661099114628
1819,459,logistic_regression_tuned,3,1,0,0.32818605196002537
1840,427,logistic_regression_tuned,3,0,0,0.0431030192134735
1846,148,logistic_regression_tuned,3,0,0,0.2981317892095997
1848,245,logistic_regression_tuned,3,1,1,0.9421006894999946
1850,123,logistic_regression_tuned,3,1,1,0.9375305141191602
1859,403,logistic_regression_tuned,3,1,1,0.996146330968366
1871,475,logistic_regression_tuned,3,0,1,0.5383041308538944
1876,519,logistic_regression_tuned,3,0,0,0.05073881702186685
1881,165,logistic_regression_tuned,3,0,0,0.2742121327746757
1890,38,logistic_regression_tuned,3,0,0,0.023280065511949465
1894,76,logistic_regression_tuned,3,0,0,0.024894145816919407
1896,414,logistic_regression_tuned,3,0,0,0.025052823460387823
1898,283,logistic_regression_tuned,3,1,1,0.5936556524338717
1911,535,logistic_regression_tuned,3,0,0,0.17755516023040357
1917,28,logistic_regression_tuned,3,0,0,0.0636693138733267
1921,159,logistic_regression_tuned,3,1,1,0.7635646357385395
1925,261,logistic_regression_tuned,3,0,0,0.006710952472219001
1926,373,logistic_regression_tuned,3,1,1,0.9710981504879538
1927,485,logistic_regression_tuned,3,0,1,0.7367675229516129
1928,201,logistic_regression_tuned,3,0,0,0.01196943345456192
1936,76,logistic_regression_tuned,3,0,0,0.02314330673274434
1952,401,logistic_regression_tuned,3,0,0,0.0753002398184778
1962,207,logistic_regression_tuned,3,1,1,0.9985931880263298
1969,124,logistic_regression_tuned,3,1,1,0.9694876426425949
1974,207,logistic_regression_tuned,3,1,1,0.9986108169450517
1980,519,logistic_regression_tuned,3,0,0,0.046633554514223116
1984,475,logistic_regression_tuned,3,0,0,0.49239357474828427
1987,148,logistic_regression_tuned,3,0,0,0.3065597489068226
1996,245,logistic_regression_tuned,3,1,1,0.9477570174023937
1998,470,logistic_regression_tuned,3,1,0,0.46601148910508017
2000,292,logistic_regression_tuned,3,0,0,0.04943829117020832
2002,325,logistic_regression_tuned,3,0,0,0.2877268678364978
2009,324,logistic_regression_tuned,3,1,1,0.9979099330606235
2011,485,logistic_regression_tuned,3,0,1,0.7435754706463883
2015,107,logistic_regression_tuned,3,0,1,0.8031515435582246
2018,414,logistic_regression_tuned,3,0,0,0.02698952707706295
2023,529,logistic_regression_tuned,3,0,0,0.0068832852290208885
2028,89,logistic_regression_tuned,3,1,1,0.9157623549503654
1,3,logistic_regression_tuned,4,1,1,0.948917286949264
4,6,logistic_regression_tuned,4,0,1,0.5421867974649214
5,7,logistic_regression_tuned,4,0,0,0.09125340247725354
41,50,logistic_regression_tuned,4,1,1,0.9403904532033831
42,51,logistic_regression_tuned,4,1,1,0.999799885817142
46,55,logistic_regression_tuned,4,0,0,0.0726585390427822
49,59,logistic_regression_tuned,4,0,0,0.036018867142207894
51,62,logistic_regression_tuned,4,1,1,0.9798330726177883
52,65,logistic_regression_tuned,4,0,0,0.4994577846624282
63,81,logistic_regression_tuned,4,0,0,0.32711771062716766
65,83,logistic_regression_tuned,4,0,0,0.008747841568979262
72,91,logistic_regression_tuned,4,0,0,0.016604175817861284
73,92,logistic_regression_tuned,4,0,0,0.04591817275787486
74,93,logistic_regression_tuned,4,0,0,0.07232145423493225
75,94,logistic_regression_tuned,4,0,0,0.00605082786153524
77,96,logistic_regression_tuned,4,1,1,0.9178668023114601
82,103,logistic_regression_tuned,4,1,1,0.9962557673096606
83,104,logistic_regression_tuned,4,0,0,0.0031014547464691274
88,109,logistic_regression_tuned,4,1,1,0.9869457212760907
89,110,logistic_regression_tuned,4,0,1,0.7360222049419318
104,128,logistic_regression_tuned,4,0,0,0.004731720660650351
107,132,logistic_regression_tuned,4,0,0,0.40196183947092157
109,135,logistic_regression_tuned,4,0,0,0.05926091580366044
110,137,logistic_regression_tuned,4,0,0,0.16764564518106606
112,141,logistic_regression_tuned,4,0,0,0.03007248754196363
122,152,logistic_regression_tuned,4,1,1,0.9851317693847501
127,157,logistic_regression_tuned,4,0,1,0.5076390612457203
138,169,logistic_regression_tuned,4,1,1,0.9922006339680765
149,182,logistic_regression_tuned,4,0,1,0.9853196571334797
155,192,logistic_regression_tuned,4,1,1,0.9993943210262941
174,216,logistic_regression_tuned,4,0,1,0.8292727022225436
178,222,logistic_regression_tuned,4,1,1,0.8086604988485909
187,233,logistic_regression_tuned,4,1,1,0.9972508281285373
191,238,logistic_regression_tuned,4,1,0,0.29885515738708257
192,239,logistic_regression_tuned,4,0,1,0.5839417109351029
194,242,logistic_regression_tuned,4,0,0,0.10390222657165622
195,243,logistic_regression_tuned,4,0,0,0.3136355628087028
199,248,logistic_regression_tuned,4,1,1,0.9964119428196083
201,250,logistic_regression_tuned,4,0,0,0.0764445013166237
202,251,logistic_regression_tuned,4,1,1,0.9984951487912725
214,264,logistic_regression_tuned,4,0,0,0.14231416741898267
218,268,logistic_regression_tuned,4,1,1,0.9502432486705672
221,271,logistic_regression_tuned,4,0,1,0.7424739334891584
223,278,logistic_regression_tuned,4,1,0,0.17969786338391666
228,284,logistic_regression_tuned,4,0,0,0.19080743006204853
241,299,logistic_regression_tuned,4,0,0,0.1655995143072825
246,306,logistic_regression_tuned,4,0,0,0.09341013252157146
250,311,logistic_regression_tuned,4,0,0,0.04202850895150168
252,315,logistic_regression_tuned,4,1,0,0.33574500454025497
263,329,logistic_regression_tuned,4,1,1,0.9911637493388228
270,336,logistic_regression_tuned,4,0,0,0.015696512409833618
272,338,logistic_regression_tuned,4,1,1,0.9992349122740428
294,369,logistic_regression_tuned,4,1,1,0.9645066602138008
296,372,logistic_regression_tuned,4,0,1,0.5276075044126776
302,379,logistic_regression_tuned,4,0,0,0.1996865363795368
303,381,logistic_regression_tuned,4,0,0,0.35867523901159015
307,387,logistic_regression_tuned,4,0,0,0.03459059420641044
310,390,logistic_regression_tuned,4,0,0,0.12695234666728694
314,396,logistic_regression_tuned,4,1,1,0.9762537457743308
322,407,logistic_regression_tuned,4,0,0,0.0047166947280316155
326,411,logistic_regression_tuned,4,0,0,0.009889354704310977
331,416,logistic_regression_tuned,4,1,1,0.9871741158019425
332,417,logistic_regression_tuned,4,0,0,0.010937815603105385
335,420,logistic_regression_tuned,4,0,0,0.02911387773083934
338,423,logistic_regression_tuned,4,1,1,0.9925154560639392
340,425,logistic_regression_tuned,4,0,0,0.021877036479024396
345,430,logistic_regression_tuned,4,1,1,0.996247443896041
349,435,logistic_regression_tuned,4,1,1,0.965335858354981
352,438,logistic_regression_tuned,4,1,1,0.9854585990306459
369,460,logistic_regression_tuned,4,0,0,0.014615168353382361
372,463,logistic_regression_tuned,4,1,1,0.9950117129303513
375,469,logistic_regression_tuned,4,0,1,0.7345829148765298
377,471,logistic_regression_tuned,4,1,1,0.777420914987861
378,472,logistic_regression_tuned,4,1,0,0.4531155258008781
382,477,logistic_regression_tuned,4,0,0,0.015268538920719313
384,480,logistic_regression_tuned,4,0,0,0.48212465890971884
387,484,logistic_regression_tuned,4,1,1,0.9856842532335653
390,488,logistic_regression_tuned,4,0,1,0.5813427391121433
393,491,logistic_regression_tuned,4,0,0,0.47918029103923127
405,506,logistic_regression_tuned,4,0,0,0.019673743374509292
406,507,logistic_regression_tuned,4,0,0,0.1392470867669232
410,511,logistic_regression_tuned,4,0,1,0.823681512900828
416,518,logistic_regression_tuned,4,0,0,0.22751473181708706
421,526,logistic_regression_tuned,4,0,0,0.038447615251090146
426,532,logistic_regression_tuned,4,0,0,0.015764941092428122
429,537,logistic_regression_tuned,4,0,0,0.004893065147113155
435,278,logistic_regression_tuned,4,1,0,0.18609435150464726
439,315,logistic_regression_tuned,4,1,0,0.30406665213007944
452,152,logistic_regression_tuned,4,1,1,0.9856667496533061
453,511,logistic_regression_tuned,4,0,1,0.8307276898583154
454,460,logistic_regression_tuned,4,0,0,0.01639366619945282
461,336,logistic_regression_tuned,4,0,0,0.014420348316464061
471,83,logistic_regression_tuned,4,0,0,0.010633407779655131
472,92,logistic_regression_tuned,4,0,0,0.05031753078113923
477,132,logistic_regression_tuned,4,0,0,0.41237036653133347
481,306,logistic_regression_tuned,4,0,0,0.08502665143177801
484,96,logistic_regression_tuned,4,1,1,0.9105791999490854
488,369,logistic_regression_tuned,4,1,1,0.9632720359705501
497,59,logistic_regression_tuned,4,0,0,0.04066591692032913
503,81,logistic_regression_tuned,4,0,0,0.3555153997860151
508,372,logistic_regression_tuned,4,0,1,0.5472336221810615
517,329,logistic_regression_tuned,4,1,1,0.9912050962948636
519,411,logistic_regression_tuned,4,0,0,0.012430918221148444
538,526,logistic_regression_tuned,4,0,0,0.043152263991813815
558,430,logistic_regression_tuned,4,1,1,0.9956403719234015
560,62,logistic_regression_tuned,4,1,1,0.9809110249955951
564,233,logistic_regression_tuned,4,1,1,0.9970958766370878
566,460,logistic_regression_tuned,4,0,0,0.017764537294104654
570,81,logistic_regression_tuned,4,0,0,0.3152510680410559
572,137,logistic_regression_tuned,4,0,0,0.1783914772350319
574,369,logistic_regression_tuned,4,1,1,0.9672479915866542
577,169,logistic_regression_tuned,4,1,1,0.9926828483663871
583,222,logistic_regression_tuned,4,1,1,0.8197425527937132
588,92,logistic_regression_tuned,4,0,0,0.04424860904545015
595,94,logistic_regression_tuned,4,0,0,0.006593969687444716
606,537,logistic_regression_tuned,4,0,0,0.005145738591227299
607,192,logistic_regression_tuned,4,1,1,0.999432223787306
610,137,logistic_regression_tuned,4,0,0,0.18124983754166743
611,94,logistic_regression_tuned,4,0,0,0.006095453295875541
615,315,logistic_regression_tuned,4,1,0,0.3385409279743159
619,471,logistic_regression_tuned,4,1,1,0.7886832788249766
623,518,logistic_regression_tuned,4,0,0,0.26609704142304935
625,137,logistic_regression_tuned,4,0,0,0.15319285164881732
634,438,logistic_regression_tuned,4,1,1,0.9874643602106986
638,491,logistic_regression_tuned,4,0,0,0.4689964179144754
650,469,logistic_regression_tuned,4,0,1,0.7619473358317508
656,306,logistic_regression_tuned,4,0,0,0.11085726217007848
663,372,logistic_regression_tuned,4,0,1,0.5392723666013148
670,238,logistic_regression_tuned,4,1,0,0.31099252084407536
674,420,logistic_regression_tuned,4,0,0,0.030831720446872067
681,135,logistic_regression_tuned,4,0,0,0.057765498642021136
689,438,logistic_regression_tuned,4,1,1,0.9854241755033825
693,103,logistic_regression_tuned,4,1,1,0.9960293100347131
700,477,logistic_regression_tuned,4,0,0,0.013106779661517793
716,94,logistic_regression_tuned,4,0,0,0.005900797753104865
717,420,logistic_regression_tuned,4,0,0,0.03243247857314537
726,420,logistic_regression_tuned,4,0,0,0.0289947971511024
747,416,logistic_regression_tuned,4,1,1,0.9863034136415029
748,222,logistic_regression_tuned,4,1,1,0.798735595786306
759,239,logistic_regression_tuned,4,0,1,0.581419845611636
761,110,logistic_regression_tuned,4,0,1,0.7033433347768028
765,238,logistic_regression_tuned,4,1,0,0.3153529656557184
767,251,logistic_regression_tuned,4,1,1,0.9988166173436603
771,430,logistic_regression_tuned,4,1,1,0.99555629156306
777,390,logistic_regression_tuned,4,0,0,0.11510672183896872
792,425,logistic_regression_tuned,4,0,0,0.02135963757955137
795,463,logistic_regression_tuned,4,1,1,0.9938378275577593
798,338,logistic_regression_tuned,4,1,1,0.9993301480675513
812,110,logistic_regression_tuned,4,0,1,0.7268974803094819
818,491,logistic_regression_tuned,4,0,0,0.4850665608284586
824,411,logistic_regression_tuned,4,0,0,0.010134493151232857
829,381,logistic_regression_tuned,4,0,0,0.3034025078413967
830,91,logistic_regression_tuned,4,0,0,0.015703834295833784
836,379,logistic_regression_tuned,4,0,0,0.23550796872422317
850,51,logistic_regression_tuned,4,1,1,0.9997849744328426
851,243,logistic_regression_tuned,4,0,0,0.32904437068813386
858,152,logistic_regression_tuned,4,1,1,0.9831767370223398
861,7,logistic_regression_tuned,4,0,0,0.09845019463407134
870,390,logistic_regression_tuned,4,0,0,0.13921027373951442
871,182,logistic_regression_tuned,4,0,1,0.9848099857910207
877,526,logistic_regression_tuned,4,0,0,0.038619130541681444
883,390,logistic_regression_tuned,4,0,0,0.121655529231193
886,96,logistic_regression_tuned,4,1,1,0.9081813840412734
897,390,logistic_regression_tuned,4,0,0,0.11951771891362145
898,128,logistic_regression_tuned,4,0,0,0.005466605500350219
925,91,logistic_regression_tuned,4,0,0,0.017091414236775848
930,438,logistic_regression_tuned,4,1,1,0.9849688764778033
935,381,logistic_regression_tuned,4,0,0,0.3746722337100929
941,532,logistic_regression_tuned,4,0,0,0.016402406297297754
944,251,logistic_regression_tuned,4,1,1,0.9986256196595483
949,491,logistic_regression_tuned,4,0,0,0.4265190785026428
951,239,logistic_regression_tuned,4,0,1,0.6141595812176371
957,411,logistic_regression_tuned,4,0,0,0.008439799471776387
959,135,logistic_regression_tuned,4,0,0,0.05985528658399096
972,511,logistic_regression_tuned,4,0,1,0.8070952396823763
985,387,logistic_regression_tuned,4,0,0,0.0331302432497057
986,268,logistic_regression_tuned,4,1,1,0.9564981487303295
997,239,logistic_regression_tuned,4,0,1,0.5841195477995812
1007,420,logistic_regression_tuned,4,0,0,0.03299499832516604
1010,264,logistic_regression_tuned,4,0,0,0.12977174076661493
1011,396,logistic_regression_tuned,4,1,1,0.9773752803232745
1018,372,logistic_regression_tuned,4,0,1,0.5730278198435356
1019,471,logistic_regression_tuned,4,1,1,0.8066282337698542
1027,104,logistic_regression_tuned,4,0,0,0.0033610816345826413
1030,396,logistic_regression_tuned,4,1,1,0.9756697708640104
1031,477,logistic_regression_tuned,4,0,0,0.012365336530165713
1033,132,logistic_regression_tuned,4,0,0,0.440068535726977
1037,268,logistic_regression_tuned,4,1,1,0.9520590362066729
1046,329,logistic_regression_tuned,4,1,1,0.9912386730253162
1048,417,logistic_regression_tuned,4,0,0,0.011592794774874723
1050,416,logistic_regression_tuned,4,1,1,0.9873309307855389
1051,65,logistic_regression_tuned,4,0,1,0.5052972404622013
1055,506,logistic_regression_tuned,4,0,0,0.02181474204477645
1062,407,logistic_regression_tuned,4,0,0,0.004716190661880435
1065,284,logistic_regression_tuned,4,0,0,0.1815035524990971
1071,92,logistic_regression_tuned,4,0,0,0.04576503642708481
1072,511,logistic_regression_tuned,4,0,1,0.8279983780214663
1076,50,logistic_regression_tuned,4,1,1,0.9437135556384183
1091,472,logistic_regression_tuned,4,1,0,0.4817749430222088
1098,472,logistic_regression_tuned,4,1,0,0.4611851875723518
1102,132,logistic_regression_tuned,4,0,0,0.4242576392881809
1106,135,logistic_regression_tuned,4,0,0,0.057506195059374134
1110,284,logistic_regression_tuned,4,0,0,0.1971077944096912
1114,477,logistic_regression_tuned,4,0,0,0.014264192490107535
1115,248,logistic_regression_tuned,4,1,1,0.9970327604037663
1119,222,logistic_regression_tuned,4,1,1,0.801544423023634
1123,110,logistic_regression_tuned,4,0,1,0.725196895735756
1125,104,logistic_regression_tuned,4,0,0,0.003619163178962719
1134,51,logistic_regression_tuned,4,1,1,0.9997929100804064
1141,423,logistic_regression_tuned,4,1,1,0.9913686850049394
1144,338,logistic_regression_tuned,4,1,1,0.9991422828083318
1146,132,logistic_regression_tuned,4,0,0,0.39590226944995255
1152,278,logistic_regression_tuned,4,1,0,0.16102833996400562
1154,242,logistic_regression_tuned,4,0,0,0.0908178428924138
1163,372,logistic_regression_tuned,4,0,1,0.5023004040254965
1164,141,logistic_regression_tuned,4,0,0,0.026206864447024438
1165,242,logistic_regression_tuned,4,0,0,0.10500445470746542
1169,511,logistic_regression_tuned,4,0,1,0.8096751592393431
1179,132,logistic_regression_tuned,4,0,0,0.3913017248538513
1185,407,logistic_regression_tuned,4,0,0,0.004032490806024514
1203,338,logistic_regression_tuned,4,1,1,0.9992316775576721
1206,390,logistic_regression_tuned,4,0,0,0.14405500641946303
1212,484,logistic_regression_tuned,4,1,1,0.9849566111244695
1227,390,logistic_regression_tuned,4,0,0,0.14483655337556897
1230,3,logistic_regression_tuned,4,1,1,0.951499494628966
1232,109,logistic_regression_tuned,4,1,1,0.9857856759298609
1241,420,logistic_regression_tuned,4,0,0,0.03152974261369768
1246,251,logistic_regression_tuned,4,1,1,0.9983731234853167
1258,182,logistic_regression_tuned,4,0,1,0.9847950006669953
1265,182,logistic_regression_tuned,4,0,1,0.985643358692454
1276,438,logistic_regression_tuned,4,1,1,0.9876438079823187
1279,469,logistic_regression_tuned,4,0,1,0.7206107738045796
1280,390,logistic_regression_tuned,4,0,0,0.11785053172876236
1281,379,logistic_regression_tuned,4,0,0,0.21594549787339137
1283,242,logistic_regression_tuned,4,0,0,0.11333811209057532
1284,338,logistic_regression_tuned,4,1,1,0.9992075701454607
1285,416,logistic_regression_tuned,4,1,1,0.9866763612934041
1289,417,logistic_regression_tuned,4,0,0,0.009462109795008018
1290,271,logistic_regression_tuned,4,0,1,0.7566210608469396
1292,417,logistic_regression_tuned,4,0,0,0.01246410633447628
1295,109,logistic_regression_tuned,4,1,1,0.9879515154006218
1297,3,logistic_regression_tuned,4,1,1,0.9535776319330479
1301,94,logistic_regression_tuned,4,0,0,0.005608470603875335
1305,110,logistic_regression_tuned,4,0,1,0.753327381094797
1319,435,logistic_regression_tuned,4,1,1,0.9599003295203604
1325,242,logistic_regression_tuned,4,0,0,0.11008968253603274
1332,480,logistic_regression_tuned,4,0,1,0.5350437579709976
1336,469,logistic_regression_tuned,4,0,1,0.7167164883251762
1351,299,logistic_regression_tuned,4,0,0,0.18969595262672742
1358,511,logistic_regression_tuned,4,0,1,0.821327536554047
1361,435,logistic_regression_tuned,4,1,1,0.9682223275025874
1364,152,logistic_regression_tuned,4,1,1,0.9847424838275037
1366,83,logistic_regression_tuned,4,0,0,0.00838540676753894
1367,103,logistic_regression_tuned,4,1,1,0.9965338742770576
1375,396,logistic_regression_tuned,4,1,1,0.9758541179838582
1376,65,logistic_regression_tuned,4,0,1,0.5014030024424347
1377,248,logistic_regression_tuned,4,1,1,0.9961687014696189
1378,506,logistic_regression_tuned,4,0,0,0.0197743163113211
1379,55,logistic_regression_tuned,4,0,0,0.06385651834299402
1380,469,logistic_regression_tuned,4,0,1,0.7313650781873344
1389,132,logistic_regression_tuned,4,0,0,0.40430613268178867
1392,103,logistic_regression_tuned,4,1,1,0.9962873088564518
1393,96,logistic_regression_tuned,4,1,1,0.9161495952878381
1394,109,logistic_regression_tuned,4,1,1,0.9882027267866347
1395,92,logistic_regression_tuned,4,0,0,0.048959319295834504
1397,59,logistic_regression_tuned,4,0,0,0.037212259999879836
1398,6,logistic_regression_tuned,4,0,1,0.5303560160772467
1399,141,logistic_regression_tuned,4,0,0,0.031086631772404016
1404,329,logistic_regression_tuned,4,1,1,0.9917730486663131
1406,336,logistic_regression_tuned,4,0,0,0.014372790929613907
1409,396,logistic_regression_tuned,4,1,1,0.9809966822207408
1412,242,logistic_regression_tuned,4,0,0,0.09494290616405407
1418,6,logistic_regression_tuned,4,0,1,0.5588540488167199
1421,50,logistic_regression_tuned,4,1,1,0.9452369923417071
1425,338,logistic_regression_tuned,4,1,1,0.9990373783158014
1428,169,logistic_regression_tuned,4,1,1,0.992407625064375
1432,104,logistic_regression_tuned,4,0,0,0.003102664352235233
1433,268,logistic_regression_tuned,4,1,1,0.9512137929841621
1442,51,logistic_regression_tuned,4,1,1,0.9997949667993885
1447,93,logistic_regression_tuned,4,0,0,0.07808193597063155
1453,152,logistic_regression_tuned,4,1,1,0.9848668293557146
1454,62,logistic_regression_tuned,4,1,1,0.9800514727656021
1455,182,logistic_regression_tuned,4,0,1,0.9844623882348937
1457,430,logistic_regression_tuned,4,1,1,0.9969132724589913
1459,507,logistic_regression_tuned,4,0,0,0.1465542406799721
1462,463,logistic_regression_tuned,4,1,1,0.9940073212648204
1475,369,logistic_regression_tuned,4,1,1,0.9644065237860203
1478,92,logistic_regression_tuned,4,0,0,0.04883439781786144
1482,268,logistic_regression_tuned,4,1,1,0.944156499727997
1489,416,logistic_regression_tuned,4,1,1,0.9842604130236037
1491,299,logistic_regression_tuned,4,0,0,0.15818986012951972
1492,311,logistic_regression_tuned,4,0,0,0.038825757118985615
1500,417,logistic_regression_tuned,4,0,0,0.011065766900319594
1504,381,logistic_regression_tuned,4,0,0,0.33623518358336196
1512,471,logistic_regression_tuned,4,1,1,0.7911353533856891
1531,65,logistic_regression_tuned,4,0,0,0.4491799817038255
1536,491,logistic_regression_tuned,4,0,1,0.5235549744760832
1542,128,logistic_regression_tuned,4,0,0,0.004980927820758909
1552,372,logistic_regression_tuned,4,0,1,0.5342754056346409
1554,251,logistic_regression_tuned,4,1,1,0.9984840706426956
1557,238,logistic_regression_tuned,4,1,0,0.29105761467287916
1564,268,logistic_regression_tuned,4,1,1,0.944996079479079
1565,338,logistic_regression_tuned,4,1,1,0.9992557056624588
1568,477,logistic_regression_tuned,4,0,0,0.014022572939488855
1569,271,logistic_regression_tuned,4,0,1,0.7193252249576215
1570,271,logistic_regression_tuned,4,0,1,0.7656905808714362
1571,81,logistic_regression_tuned,4,0,0,0.3381009562565162
1572,484,logistic_regression_tuned,4,1,1,0.9876955400788805
1586,251,logistic_regression_tuned,4,1,1,0.9983332707616513
1594,491,logistic_regression_tuned,4,0,0,0.4547630165300722
1595,132,logistic_regression_tuned,4,0,0,0.38774981431668815
1596,250,logistic_regression_tuned,4,0,0,0.07808161058848828
1606,7,logistic_regression_tuned,4,0,0,0.08283225665794654
1608,62,logistic_regression_tuned,4,1,1,0.9798969965446146
1616,278,logistic_regression_tuned,4,1,0,0.18159305040578413
1617,284,logistic_regression_tuned,4,0,0,0.1857258364700807
1623,460,logistic_regression_tuned,4,0,0,0.01336495297101537
1624,387,logistic_regression_tuned,4,0,0,0.03644862585018468
1625,311,logistic_regression_tuned,4,0,0,0.04364360107066836
1626,518,logistic_regression_tuned,4,0,0,0.2216202357160288
1642,407,logistic_regression_tuned,4,0,0,0.004784913440073648
1645,268,logistic_regression_tuned,4,1,1,0.9525332187831297
1652,329,logistic_regression_tuned,4,1,1,0.9905358096809426
1657,3,logistic_regression_tuned,4,1,1,0.9536889536450005
1659,222,logistic_regression_tuned,4,1,1,0.8117890353273076
1660,506,logistic_regression_tuned,4,0,0,0.020282929770043145
1666,396,logistic_regression_tuned,4,1,1,0.9786443603638022
1667,306,logistic_regression_tuned,4,0,0,0.09380334275064352
1668,329,logistic_regression_tuned,4,1,1,0.992756567044207
1671,435,logistic_regression_tuned,4,1,1,0.9698034586555989
1672,132,logistic_regression_tuned,4,0,0,0.3833206575194031
1673,511,logistic_regression_tuned,4,0,1,0.8030673594885782
1687,251,logistic_regression_tuned,4,1,1,0.9987537028417415
1693,268,logistic_regression_tuned,4,1,1,0.9553089494097804
1701,469,logistic_regression_tuned,4,0,1,0.7491857136246238
1705,91,logistic_regression_tuned,4,0,0,0.01599802253414842
1712,6,logistic_regression_tuned,4,0,1,0.540885557892597
1713,477,logistic_regression_tuned,4,0,0,0.014544515568217432
1721,268,logistic_regression_tuned,4,1,1,0.954546091640808
1722,416,logistic_regression_tuned,4,1,1,0.9884077484946383
1726,271,logistic_regression_tuned,4,0,1,0.7452990833177365
1741,526,logistic_regression_tuned,4,0,0,0.03835683108072401
1743,59,logistic_regression_tuned,4,0,0,0.0369828727673088
1748,506,logistic_regression_tuned,4,0,0,0.022074987735910306
1749,7,logistic_regression_tuned,4,0,0,0.07939340562925999
1751,94,logistic_regression_tuned,4,0,0,0.005213143918914935
1755,152,logistic_regression_tuned,4,1,1,0.9862300831989463
1757,51,logistic_regression_tuned,4,1,1,0.9998103991745716
1766,91,logistic_regression_tuned,4,0,0,0.01615832498674566
1769,128,logistic_regression_tuned,4,0,0,0.004374202092687798
1773,396,logistic_regression_tuned,4,1,1,0.9778303803556425
1777,83,logistic_regression_tuned,4,0,0,0.007436825112241217
1780,81,logistic_regression_tuned,4,0,0,0.31629440085397137
1791,284,logistic_regression_tuned,4,0,0,0.16358905708861143
1792,284,logistic_regression_tuned,4,0,0,0.18116066098810024
1803,92,logistic_regression_tuned,4,0,0,0.04266200990587125
1804,329,logistic_regression_tuned,4,1,1,0.9907764447113035
1806,141,logistic_regression_tuned,4,0,0,0.02716981554120907
1807,233,logistic_regression_tuned,4,1,1,0.997434408531874
1822,526,logistic_regression_tuned,4,0,0,0.04316557361092934
1834,460,logistic_regression_tuned,4,0,0,0.013397567865894865
1837,518,logistic_regression_tuned,4,0,0,0.24522221311153589
1842,278,logistic_regression_tuned,4,1,0,0.20458812937406226
1844,109,logistic_regression_tuned,4,1,1,0.9876112520356766
1851,488,logistic_regression_tuned,4,0,1,0.5598334986454349
1854,81,logistic_regression_tuned,4,0,0,0.32758567890367657
1855,511,logistic_regression_tuned,4,0,1,0.8297472602308403
1856,135,logistic_regression_tuned,4,0,0,0.05788291335260675
1857,507,logistic_regression_tuned,4,0,0,0.13764195399467682
1860,135,logistic_regression_tuned,4,0,0,0.05057475044688956
1863,239,logistic_regression_tuned,4,0,1,0.5955703287547067
1865,526,logistic_regression_tuned,4,0,0,0.038897658218998356
1878,192,logistic_regression_tuned,4,1,1,0.9993685770480563
1880,278,logistic_regression_tuned,4,1,0,0.2064098180908087
1882,242,logistic_regression_tuned,4,0,0,0.11019142029209923
1883,62,logistic_regression_tuned,4,1,1,0.9791057821919907
1884,329,logistic_regression_tuned,4,1,1,0.9912337982518791
1891,7,logistic_regression_tuned,4,0,0,0.08363379463726656
1892,315,logistic_regression_tuned,4,1,0,0.3650601685063446
1895,268,logistic_regression_tuned,4,1,1,0.9527580640084297
1900,81,logistic_regression_tuned,4,0,0,0.3344054899337319
1905,336,logistic_regression_tuned,4,0,0,0.014467063255191107
1906,284,logistic_regression_tuned,4,0,0,0.1755569928813819
1907,104,logistic_regression_tuned,4,0,0,0.0033424414315313743
1908,242,logistic_regression_tuned,4,0,0,0.0828335227298828
1909,438,logistic_regression_tuned,4,1,1,0.9853529420275307
1913,7,logistic_regression_tuned,4,0,0,0.08550348005113599
1915,425,logistic_regression_tuned,4,0,0,0.02057394562811416
1920,216,logistic_regression_tuned,4,0,1,0.8421511876697153
1922,526,logistic_regression_tuned,4,0,0,0.03781328667170581
1930,315,logistic_regression_tuned,4,1,0,0.32630963717207595
1935,110,logistic_regression_tuned,4,0,1,0.7427062325922585
1941,372,logistic_regression_tuned,4,0,1,0.5033032281872766
1946,109,logistic_regression_tuned,4,1,1,0.9885447959083828
1948,477,logistic_regression_tuned,4,0,0,0.01466640844262605
1949,104,logistic_regression_tuned,4,0,0,0.003644573410242571
1953,65,logistic_regression_tuned,4,0,1,0.5159741226927859
1957,233,logistic_regression_tuned,4,1,1,0.9967739078582143
1975,435,logistic_regression_tuned,4,1,1,0.9656478877094625
1979,83,logistic_regression_tuned,4,0,0,0.007919002060228443
1991,438,logistic_regression_tuned,4,1,1,0.9834186106567279
1994,390,logistic_regression_tuned,4,0,0,0.11735567053920487
1995,169,logistic_regression_tuned,4,1,1,0.9931112885347811
2010,284,logistic_regression_tuned,4,0,0,0.16921214024193204
2020,55,logistic_regression_tuned,4,0,0,0.06684977780164193
0,1,random_forest_tuned,0,0,0,0.049149060133434425
9,11,random_forest_tuned,0,0,0,0.39690125494437567
12,14,random_forest_tuned,0,0,0,0.020638759126930976
18,21,random_forest_tuned,0,0,0,0.018948148683001494
21,25,random_forest_tuned,0,1,0,0.15738509172102713
23,29,random_forest_tuned,0,0,0,0.04200203016612093
29,36,random_forest_tuned,0,0,0,0.05762300020961578
32,39,random_forest_tuned,0,0,0,0.055586927411500696
33,40,random_forest_tuned,0,0,0,0.3991577577772009
34,41,random_forest_tuned,0,0,0,0.10068473325679407
43,52,random_forest_tuned,0,0,0,0.26513589766020784
57,75,random_forest_tuned,0,0,0,0.043863872016167364
59,77,random_forest_tuned,0,1,0,0.2844717608440902
60,78,random_forest_tuned,0,0,0,0.06728609452156999
61,79,random_forest_tuned,0,0,0,0.01964062433671776
64,82,random_forest_tuned,0,0,0,0.1140293185953796
76,95,random_forest_tuned,0,0,0,0.027061358072884206
78,97,random_forest_tuned,0,1,1,0.5898606511363408
90,111,random_forest_tuned,0,0,0,0.3277037278405388
92,115,random_forest_tuned,0,1,1,0.5993083749851089
102,126,random_forest_tuned,0,0,0,0.1275575877846265
103,127,random_forest_tuned,0,0,0,0.03244490034789159
116,145,random_forest_tuned,0,0,0,0.09714885366741881
118,147,random_forest_tuned,0,0,0,0.10182367574533074
125,155,random_forest_tuned,0,0,0,0.08487172677463144
130,160,random_forest_tuned,0,0,0,0.14047998797466893
132,162,random_forest_tuned,0,0,0,0.21666352776742512
139,170,random_forest_tuned,0,1,1,0.8366884074884439
145,176,random_forest_tuned,0,1,1,0.8197638517257365
153,189,random_forest_tuned,0,0,0,0.230514302334328
157,194,random_forest_tuned,0,0,0,0.12717154793108287
161,198,random_forest_tuned,0,0,0,0.39492456677376747
164,202,random_forest_tuned,0,0,0,0.062104685904279366
165,203,random_forest_tuned,0,0,0,0.3384906856248336
167,205,random_forest_tuned,0,0,0,0.07266800500713268
169,208,random_forest_tuned,0,0,0,0.2581897468103012
180,224,random_forest_tuned,0,0,0,0.05213214431775833
184,229,random_forest_tuned,0,0,0,0.1753957556479474
196,244,random_forest_tuned,0,1,0,0.40679457481244524
200,249,random_forest_tuned,0,1,1,0.7609615718051619
203,252,random_forest_tuned,0,0,0,0.08787734401166317
206,255,random_forest_tuned,0,0,0,0.015220217417518613
213,263,random_forest_tuned,0,0,0,0.021089382613866735
225,281,random_forest_tuned,0,0,0,0.09734916913601616
226,282,random_forest_tuned,0,0,0,0.2043630977195109
230,286,random_forest_tuned,0,0,0,0.0298228626042222
233,289,random_forest_tuned,0,0,0,0.19518730146422708
235,291,random_forest_tuned,0,1,0,0.16362913972010834
240,298,random_forest_tuned,0,0,0,0.26602938100729223
261,327,random_forest_tuned,0,0,0,0.02067257090882049
266,332,random_forest_tuned,0,0,0,0.08070273423513108
267,333,random_forest_tuned,0,0,0,0.005431213153454373
269,335,random_forest_tuned,0,0,0,0.17900726392280394
273,340,random_forest_tuned,0,0,0,0.19153615587653314
274,342,random_forest_tuned,0,1,1,0.605779304445394
280,350,random_forest_tuned,0,0,0,0.29989323945573115
283,353,random_forest_tuned,0,1,0,0.2952121713014588
286,358,random_forest_tuned,0,0,0,0.08500298316640435
289,362,random_forest_tuned,0,0,0,0.058483560731226444
292,365,random_forest_tuned,0,0,0,0.099562484090968
298,374,random_forest_tuned,0,0,0,0.20698977377509103
306,386,random_forest_tuned,0,0,0,0.43250617531941743
308,388,random_forest_tuned,0,1,1,0.7401871753092321
311,391,random_forest_tuned,0,1,1,0.8354436026539546
313,395,random_forest_tuned,0,0,0,0.3587175508242121
319,404,random_forest_tuned,0,1,1,0.5462189833130937
325,410,random_forest_tuned,0,0,0,0.02275470266718565
328,413,random_forest_tuned,0,1,1,0.7109394598499895
333,418,random_forest_tuned,0,0,0,0.09857022243307835
341,426,random_forest_tuned,0,1,1,0.8300188295362875
343,428,random_forest_tuned,0,1,1,0.5466517265937089
353,439,random_forest_tuned,0,1,1,0.8459795380675529
354,441,random_forest_tuned,0,0,0,0.2232170901340316
361,450,random_forest_tuned,0,1,0,0.3629406374958553
364,454,random_forest_tuned,0,1,0,0.4691701533412108
366,457,random_forest_tuned,0,1,1,0.5601436400146431
391,489,random_forest_tuned,0,0,0,0.380401177587591
397,495,random_forest_tuned,0,0,0,0.3874190217735327
398,496,random_forest_tuned,0,1,1,0.9473592915818267
399,497,random_forest_tuned,0,0,0,0.05641730950726293
411,512,random_forest_tuned,0,0,0,0.27648087927872583
418,520,random_forest_tuned,0,0,0,0.07916162670973748
420,525,random_forest_tuned,0,1,0,0.42936480450288844
422,527,random_forest_tuned,0,0,0,0.15979708053213357
428,536,random_forest_tuned,0,0,0,0.27694429463976683
430,539,random_forest_tuned,0,0,0,0.0063865287629190064
449,289,random_forest_tuned,0,0,0,0.18598410355886066
456,29,random_forest_tuned,0,0,0,0.04468299531357401
460,489,random_forest_tuned,0,0,0,0.39495055776455507
480,374,random_forest_tuned,0,0,0,0.2085839481110524
482,170,random_forest_tuned,0,1,1,0.8308103766287819
485,198,random_forest_tuned,0,0,0,0.38849631598000467
487,388,random_forest_tuned,0,1,1,0.7453998669455951
489,202,random_forest_tuned,0,0,0,0.05914514694840142
510,489,random_forest_tuned,0,0,0,0.36004218561249113
512,281,random_forest_tuned,0,0,0,0.09235489802385415
513,95,random_forest_tuned,0,0,0,0.027061358072884206
521,249,random_forest_tuned,0,1,1,0.7547340680430558
529,111,random_forest_tuned,0,0,0,0.33210115715213806
532,229,random_forest_tuned,0,0,0,0.1839256192261461
535,327,random_forest_tuned,0,0,0,0.017991605761367404
540,439,random_forest_tuned,0,1,1,0.838891301466713
541,208,random_forest_tuned,0,0,0,0.2479575851529184
543,350,random_forest_tuned,0,0,0,0.29360986616485535
545,25,random_forest_tuned,0,1,0,0.15782815890335258
552,489,random_forest_tuned,0,0,0,0.36708043772900245
556,298,random_forest_tuned,0,0,0,0.2675082029442245
557,395,random_forest_tuned,0,0,0,0.37175471737873333
561,342,random_forest_tuned,0,1,1,0.611510211818921
567,291,random_forest_tuned,0,1,0,0.14696118980508066
568,198,random_forest_tuned,0,0,0,0.4105847643567854
569,255,random_forest_tuned,0,0,0,0.014354643950318727
580,115,random_forest_tuned,0,1,1,0.6072722262400264
582,147,random_forest_tuned,0,0,0,0.09722326148071316
586,358,random_forest_tuned,0,0,0,0.08050662633869808
589,342,random_forest_tuned,0,1,1,0.6123160306738136
598,202,random_forest_tuned,0,0,0,0.05674275560937321
614,14,random_forest_tuned,0,0,0,0.02012265856217513
617,282,random_forest_tuned,0,0,0,0.21833216355750276
626,208,random_forest_tuned,0,0,0,0.25241234873968393
632,374,random_forest_tuned,0,0,0,0.21633196033294763
633,291,random_forest_tuned,0,1,0,0.17537131946881884
636,450,random_forest_tuned,0,1,0,0.3528024716248907
637,327,random_forest_tuned,0,0,0,0.017991605761367404
640,95,random_forest_tuned,0,0,0,0.026195784605684322
644,202,random_forest_tuned,0,0,0,0.06587940174123537
646,14,random_forest_tuned,0,0,0,0.02012265856217513
654,281,random_forest_tuned,0,0,0,0.08967393287640106
660,358,random_forest_tuned,0,0,0,0.08610608338993521
668,127,random_forest_tuned,0,0,0,0.029763935200438508
675,340,random_forest_tuned,0,0,0,0.2009644750918679
678,229,random_forest_tuned,0,0,0,0.18302452856307125
680,25,random_forest_tuned,0,1,0,0.15853048225148225
684,418,random_forest_tuned,0,0,0,0.1008926544363979
686,249,random_forest_tuned,0,1,1,0.7522451101077143
688,202,random_forest_tuned,0,0,0,0.06322951553728352
690,198,random_forest_tuned,0,0,0,0.36415830781670233
695,224,random_forest_tuned,0,0,0,0.04858560570310537
698,520,random_forest_tuned,0,0,0,0.07734623502948428
702,1,random_forest_tuned,0,0,0,0.051313924716131665
705,75,random_forest_tuned,0,0,0,0.04457419601981284
708,97,random_forest_tuned,0,1,1,0.5915189977686558
727,539,random_forest_tuned,0,0,0,0.010865003914023374
732,52,random_forest_tuned,0,0,0,0.26462914662947995
734,395,random_forest_tuned,0,0,0,0.3682081787640804
740,170,random_forest_tuned,0,1,1,0.8325469398555791
744,115,random_forest_tuned,0,1,1,0.5829612911990043
745,335,random_forest_tuned,0,0,0,0.17999428977143112
751,457,random_forest_tuned,0,1,1,0.5539013380114005
752,126,random_forest_tuned,0,0,0,0.13375779247703776
757,291,random_forest_tuned,0,1,0,0.15180217890676515
764,36,random_forest_tuned,0,0,0,0.06204603436255319
766,244,random_forest_tuned,0,1,0,0.4123179009828046
769,282,random_forest_tuned,0,0,0,0.20533170211840757
776,386,random_forest_tuned,0,0,0,0.4302528645687038
780,79,random_forest_tuned,0,0,0,0.01745757347372041
785,388,random_forest_tuned,0,1,1,0.7462654404127951
786,126,random_forest_tuned,0,0,0,0.12611871151319445
787,198,random_forest_tuned,0,0,0,0.4185688917913421
797,497,random_forest_tuned,0,0,0,0.052786526146756545
800,525,random_forest_tuned,0,1,0,0.41294919518396545
801,289,random_forest_tuned,0,0,0,0.19164076284957413
803,410,random_forest_tuned,0,0,0,0.02275470266718565
806,333,random_forest_tuned,0,0,0,0.0038681464706687304
807,147,random_forest_tuned,0,0,0,0.10114125529294034
809,77,random_forest_tuned,0,1,0,0.282409492873478
816,286,random_forest_tuned,0,0,0,0.028970568506145565
817,75,random_forest_tuned,0,0,0,0.044379972580923216
823,29,random_forest_tuned,0,0,0,0.043105130389651795
842,410,random_forest_tuned,0,0,0,0.022780901404560436
847,1,random_forest_tuned,0,0,0,0.04276427824304452
852,21,random_forest_tuned,0,0,0,0.014704116852762765
859,39,random_forest_tuned,0,0,0,0.058267892558953774
862,263,random_forest_tuned,0,0,0,0.020297131821435725
863,332,random_forest_tuned,0,0,0,0.0819752884585416
865,342,random_forest_tuned,0,1,1,0.5947780652677349
869,333,random_forest_tuned,0,0,0,0.0029459615889626464
873,194,random_forest_tuned,0,0,0,0.1289869396113361
874,333,random_forest_tuned,0,0,0,0.0038681464706687304
887,353,random_forest_tuned,0,1,0,0.2966050566968376
888,497,random_forest_tuned,0,0,0,0.0522820591483636
890,289,random_forest_tuned,0,0,0,0.18162853479033134
891,395,random_forest_tuned,0,0,0,0.3541097354798693
896,404,random_forest_tuned,0,1,1,0.5472609456622616
901,155,random_forest_tuned,0,0,0,0.08013784319059418
905,1,random_forest_tuned,0,0,0,0.051596626753347155
907,145,random_forest_tuned,0,0,0,0.12108345822007155
916,418,random_forest_tuned,0,0,0,0.09685578675894128
917,229,random_forest_tuned,0,0,0,0.17962545329040627
923,496,random_forest_tuned,0,1,1,0.9460506509323015
926,291,random_forest_tuned,0,1,0,0.17663776080773141
931,14,random_forest_tuned,0,0,0,0.02012265856217513
934,198,random_forest_tuned,0,0,0,0.3775355977396397
936,386,random_forest_tuned,0,0,0,0.4275718994212507
945,189,random_forest_tuned,0,0,0,0.22529136069191205
962,298,random_forest_tuned,0,0,0,0.2707895134022868
964,111,random_forest_tuned,0,0,0,0.32369060252703463
965,454,random_forest_tuned,0,1,0,0.46462870241067644
978,450,random_forest_tuned,0,1,0,0.36926839880489243
980,39,random_forest_tuned,0,0,0,0.058267892558953774
984,25,random_forest_tuned,0,1,0,0.17062666733922238
988,82,random_forest_tuned,0,0,0,0.11381175711459654
989,155,random_forest_tuned,0,0,0,0.07882920254106887
998,404,random_forest_tuned,0,1,1,0.5399655483609428
1003,52,random_forest_tuned,0,0,0,0.26461979709545197
1021,350,random_forest_tuned,0,0,0,0.2979799153872785
1025,79,random_forest_tuned,0,0,0,0.012742283334057245
1032,374,random_forest_tuned,0,0,0,0.21183560350524133
1038,282,random_forest_tuned,0,0,0,0.21243164193208702
1057,11,random_forest_tuned,0,0,0,0.398689422454614
1067,79,random_forest_tuned,0,0,0,0.020138538621173492
1074,111,random_forest_tuned,0,0,0,0.33652258762633364
1080,21,random_forest_tuned,0,0,0,0.014704116852762765
1083,75,random_forest_tuned,0,0,0,0.03860763975713525
1085,374,random_forest_tuned,0,0,0,0.20329479377842638
1092,286,random_forest_tuned,0,0,0,0.023608638211239392
1099,244,random_forest_tuned,0,1,0,0.37961980455632865
1108,82,random_forest_tuned,0,0,0,0.11074945828108419
1111,52,random_forest_tuned,0,0,0,0.2532703188395655
1117,289,random_forest_tuned,0,0,0,0.1868505759607224
1120,41,random_forest_tuned,0,0,0,0.08762492507622584
1121,1,random_forest_tuned,0,0,0,0.04423268193630489
1126,495,random_forest_tuned,0,0,0,0.37734180133896333
1129,374,random_forest_tuned,0,0,0,0.21183560350524133
1130,495,random_forest_tuned,0,0,0,0.37971830349059504
1135,525,random_forest_tuned,0,1,0,0.44158220598406006
1143,36,random_forest_tuned,0,0,0,0.051807215972881945
1150,229,random_forest_tuned,0,0,0,0.17797557956943638
1155,115,random_forest_tuned,0,1,1,0.6096827626724772
1157,14,random_forest_tuned,0,0,0,0.02012265856217513
1168,289,random_forest_tuned,0,0,0,0.19088654470351718
1171,340,random_forest_tuned,0,0,0,0.1905755355401495
1176,36,random_forest_tuned,0,0,0,0.03712937943756966
1178,536,random_forest_tuned,0,0,0,0.2879868933698808
1180,82,random_forest_tuned,0,0,0,0.11357039094174555
1181,39,random_forest_tuned,0,0,0,0.058267892558953774
1186,395,random_forest_tuned,0,0,0,0.36728599388237426
1188,25,random_forest_tuned,0,1,0,0.15414726006496493
1190,365,random_forest_tuned,0,0,0,0.09443591453449969
1209,457,random_forest_tuned,0,1,1,0.5588349993651178
1217,97,random_forest_tuned,0,1,1,0.585929708403665
1225,97,random_forest_tuned,0,1,1,0.5866527213512006
1228,342,random_forest_tuned,0,1,1,0.5950554438555817
1229,281,random_forest_tuned,0,0,0,0.09728741498014946
1234,244,random_forest_tuned,0,1,0,0.4111197486750314
1237,198,random_forest_tuned,0,0,0,0.3944960832100768
1252,333,random_forest_tuned,0,0,0,0.006992630994747114
1259,82,random_forest_tuned,0,0,0,0.11199636543434334
1261,29,random_forest_tuned,0,0,0,0.04970160897505014
1271,450,random_forest_tuned,0,1,0,0.3651618967667177
1273,289,random_forest_tuned,0,0,0,0.19366817656474794
1274,52,random_forest_tuned,0,0,0,0.27113314449071596
1278,155,random_forest_tuned,0,0,0,0.08376862655110057
1288,365,random_forest_tuned,0,0,0,0.10991868549803618
1293,413,random_forest_tuned,0,1,1,0.7097320644989187
1299,342,random_forest_tuned,0,1,1,0.6044210611057432
1300,497,random_forest_tuned,0,0,0,0.05909827465471602
1303,520,random_forest_tuned,0,0,0,0.08575624774566183
1307,244,random_forest_tuned,0,1,0,0.4082191467642007
1311,388,random_forest_tuned,0,1,1,0.7416651702897997
1312,52,random_forest_tuned,0,0,0,0.2594065926713331
1321,205,random_forest_tuned,0,0,0,0.07534897015458576
1324,41,random_forest_tuned,0,0,0,0.09624759397005421
1326,395,random_forest_tuned,0,0,0,0.36139851597166517
1328,335,random_forest_tuned,0,0,0,0.18401972131526606
1335,111,random_forest_tuned,0,0,0,0.32369060252703463
1341,111,random_forest_tuned,0,0,0,0.3308221373566991
1345,160,random_forest_tuned,0,0,0,0.13351422505312383
1348,340,random_forest_tuned,0,0,0,0.19324766394133047
1352,39,random_forest_tuned,0,0,0,0.058267892558953774
1354,194,random_forest_tuned,0,0,0,0.11982306226884405
1360,342,random_forest_tuned,0,1,1,0.5839422585318097
1362,327,random_forest_tuned,0,0,0,0.02067257090882049
1381,127,random_forest_tuned,0,0,0,0.03244490034789159
1384,170,random_forest_tuned,0,1,1,0.8361632746178843
1387,97,random_forest_tuned,0,1,1,0.5772860617227218
1391,170,random_forest_tuned,0,1,1,0.8340074423409908
1411,539,random_forest_tuned,0,0,0,0.007758853260846783
1414,281,random_forest_tuned,0,0,0,0.10003013428346924
1415,512,random_forest_tuned,0,0,0,0.29124867997989107
1422,358,random_forest_tuned,0,0,0,0.08500298316640435
1423,428,random_forest_tuned,0,1,1,0.5473192575136208
1426,147,random_forest_tuned,0,0,0,0.10697669823997594
1431,224,random_forest_tuned,0,0,0,0.052844435774480655
1436,289,random_forest_tuned,0,0,0,0.18446344087441474
1437,194,random_forest_tuned,0,0,0,0.12717154793108287
1439,374,random_forest_tuned,0,0,0,0.2151847796954401
1443,525,random_forest_tuned,0,1,0,0.4395101123534142
1445,395,random_forest_tuned,0,0,0,0.3517709154333585
1446,520,random_forest_tuned,0,0,0,0.07916162670973748
1448,527,random_forest_tuned,0,0,0,0.15313585912173006
1449,457,random_forest_tuned,0,1,1,0.5582830730535054
1451,36,random_forest_tuned,0,0,0,0.04404985421695876
1456,525,random_forest_tuned,0,1,0,0.42095673617092144
1458,520,random_forest_tuned,0,0,0,0.07916162670973748
1460,111,random_forest_tuned,0,0,0,0.32736520786581036
1472,224,random_forest_tuned,0,0,0,0.045584988303013205
1477,52,random_forest_tuned,0,0,0,0.2691255034571862
1480,145,random_forest_tuned,0,0,0,0.07907398973695472
1495,198,random_forest_tuned,0,0,0,0.3745993911162692
1499,155,random_forest_tuned,0,0,0,0.08644959169855364
1502,97,random_forest_tuned,0,1,1,0.5877512354953964
1508,203,random_forest_tuned,0,0,0,0.3421333585166787
1523,263,random_forest_tuned,0,0,0,0.0255567818945737
1526,78,random_forest_tuned,0,0,0,0.06773623413779167
1528,111,random_forest_tuned,0,0,0,0.3261258629166166
1537,29,random_forest_tuned,0,0,0,0.045132902667924656
1540,198,random_forest_tuned,0,0,0,0.41412890081163384
1545,203,random_forest_tuned,0,0,0,0.34256277185528955
1553,170,random_forest_tuned,0,1,1,0.8285721893713158
1563,263,random_forest_tuned,0,0,0,0.0179017003604187
1567,512,random_forest_tuned,0,0,0,0.2861932664718118
1574,374,random_forest_tuned,0,0,0,0.20517438209483782
1577,536,random_forest_tuned,0,0,0,0.276078721172567
1578,291,random_forest_tuned,0,1,0,0.15267188060275566
1579,289,random_forest_tuned,0,0,0,0.19352918791225773
1592,340,random_forest_tuned,0,0,0,0.19037595660901946
1597,162,random_forest_tuned,0,0,0,0.20673605499525366
1598,520,random_forest_tuned,0,0,0,0.07965954099419321
1601,489,random_forest_tuned,0,0,0,0.39689608187122144
1603,202,random_forest_tuned,0,0,0,0.06322951553728352
1605,281,random_forest_tuned,0,0,0,0.09503586317130723
1611,29,random_forest_tuned,0,0,0,0.04200203016612093
1613,388,random_forest_tuned,0,1,1,0.751761501478053
1614,263,random_forest_tuned,0,0,0,0.021219316703141804
1619,388,random_forest_tuned,0,1,1,0.7374211384595609
1627,82,random_forest_tuned,0,0,0,0.12877861072902688
1628,111,random_forest_tuned,0,0,0,0.33652258762633364
1633,255,random_forest_tuned,0,0,0,0.01943104055878883
1634,1,random_forest_tuned,0,0,0,0.05312060953496482
1636,229,random_forest_tuned,0,0,0,0.18230641843785936
1639,39,random_forest_tuned,0,0,0,0.060519444367796
1644,176,random_forest_tuned,0,1,1,0.8135921774654333
1649,255,random_forest_tuned,0,0,0,0.013233662050185948
1658,198,random_forest_tuned,0,0,0,0.4081484937481157
1686,286,random_forest_tuned,0,0,0,0.024460932309316032
1689,127,random_forest_tuned,0,0,0,0.029763935200438508
1696,41,random_forest_tuned,0,0,0,0.08874572218474217
1706,539,random_forest_tuned,0,0,0,0.007507510663051784
1707,224,random_forest_tuned,0,0,0,0.06080520572053183
1708,202,random_forest_tuned,0,0,0,0.06374257641786
1715,39,random_forest_tuned,0,0,0,0.058267892558953774
1717,194,random_forest_tuned,0,0,0,0.12449058278362979
1723,395,random_forest_tuned,0,0,0,0.360476331089959
1724,21,random_forest_tuned,0,0,0,0.021032753675962395
1733,454,random_forest_tuned,0,1,0,0.4618225789947959
1747,126,random_forest_tuned,0,0,0,0.12133008402252045
1754,441,random_forest_tuned,0,0,0,0.21904226963907927
1756,404,random_forest_tuned,0,1,1,0.5414321023197975
1767,40,random_forest_tuned,0,0,0,0.40193086706076847
1770,208,random_forest_tuned,0,0,0,0.2534486286563068
1771,14,random_forest_tuned,0,0,0,0.017441693414722046
1775,332,random_forest_tuned,0,0,0,0.08804001849870546
1790,525,random_forest_tuned,0,1,0,0.43189248763986404
1796,512,random_forest_tuned,0,0,0,0.28633224044806005
1799,512,random_forest_tuned,0,0,0,0.286978880603303
1811,358,random_forest_tuned,0,0,0,0.08637530766433214
1812,536,random_forest_tuned,0,0,0,0.2809589268890706
1813,252,random_forest_tuned,0,0,0,0.0885962721293253
1815,391,random_forest_tuned,0,1,1,0.839898520709711
1818,1,random_forest_tuned,0,0,0,0.04930234214391198
1824,205,random_forest_tuned,0,0,0,0.08121189312605638
1826,52,random_forest_tuned,0,0,0,0.27049782795511396
1828,145,random_forest_tuned,0,0,0,0.08308745045377067
1830,527,random_forest_tuned,0,0,0,0.16207196136263644
1831,115,random_forest_tuned,0,1,1,0.608282411464545
1833,255,random_forest_tuned,0,0,0,0.013233662050185948
1836,495,random_forest_tuned,0,0,0,0.3748250255968305
1839,95,random_forest_tuned,0,0,0,0.028643351225597045
1847,160,random_forest_tuned,0,0,0,0.1488782636914286
1849,439,random_forest_tuned,0,1,1,0.8479959612682385
1853,205,random_forest_tuned,0,0,0,0.0756033961878461
1858,418,random_forest_tuned,0,0,0,0.0977046489658785
1862,155,random_forest_tuned,0,0,0,0.08644959169855364
1864,282,random_forest_tuned,0,0,0,0.2117994669924275
1872,145,random_forest_tuned,0,0,0,0.11164374724904792
1879,194,random_forest_tuned,0,0,0,0.12854387242901064
1889,426,random_forest_tuned,0,1,1,0.8359771199856859
1897,79,random_forest_tuned,0,0,0,0.020220664117481586
1901,395,random_forest_tuned,0,0,0,0.36907375223128025
1902,189,random_forest_tuned,0,0,0,0.22234967015727197
1904,155,random_forest_tuned,0,0,0,0.0774568780431411
1919,208,random_forest_tuned,0,0,0,0.2643840418834388
1931,525,random_forest_tuned,0,1,0,0.4446828353224553
1933,78,random_forest_tuned,0,0,0,0.07211429946803578
1938,439,random_forest_tuned,0,1,1,0.8503274535132475
1940,255,random_forest_tuned,0,0,0,0.01253925227006553
1942,115,random_forest_tuned,0,1,1,0.5846668447260593
1944,282,random_forest_tuned,0,0,0,0.21092043551445852
1947,457,random_forest_tuned,0,1,1,0.5640811106527258
1954,439,random_forest_tuned,0,1,1,0.8344537878589433
1955,332,random_forest_tuned,0,0,0,0.08294264825431051
1964,358,random_forest_tuned,0,0,0,0.08473375889200743
1965,263,random_forest_tuned,0,0,0,0.0179017003604187
1967,176,random_forest_tuned,0,1,1,0.8154069068679844
1981,428,random_forest_tuned,0,1,1,0.5538575823722404
1986,255,random_forest_tuned,0,0,0,0.014813571603952785
1990,14,random_forest_tuned,0,0,0,0.01795779397947789
1992,327,random_forest_tuned,0,0,0,0.02335353605627357
1999,1,random_forest_tuned,0,0,0,0.0479300176459842
2004,489,random_forest_tuned,0,0,0,0.402010517301204
2005,426,random_forest_tuned,0,1,1,0.8311367280009551
2013,82,random_forest_tuned,0,0,0,0.11766010195588598
2014,350,random_forest_tuned,0,0,0,0.30672030404522355
2019,365,random_forest_tuned,0,0,0,0.11678730051460481
2021,162,random_forest_tuned,0,0,0,0.21418810304596644
3,5,random_forest_tuned,1,0,0,0.0834205565602437
7,9,random_forest_tuned,1,0,0,0.040090278395787285
8,10,random_forest_tuned,1,0,0,0.16189827480471874
10,12,random_forest_tuned,1,0,0,0.024865535332398877
15,18,random_forest_tuned,1,0,0,0.027699178250434678
16,19,random_forest_tuned,1,0,0,0.017135184486099936
17,20,random_forest_tuned,1,1,1,0.8501231785897686
19,22,random_forest_tuned,1,0,0,0.1408703407809949
27,34,random_forest_tuned,1,0,0,0.031963963286274426
36,44,random_forest_tuned,1,0,0,0.10085758559285096
38,47,random_forest_tuned,1,1,0,0.3518798725349597
40,49,random_forest_tuned,1,0,0,0.1830991927116363
47,57,random_forest_tuned,1,0,0,0.009320788264331905
48,58,random_forest_tuned,1,0,0,0.0007505116824807052
50,60,random_forest_tuned,1,0,0,0.19524077849973456
54,71,random_forest_tuned,1,0,0,0.033449203668946915
55,72,random_forest_tuned,1,0,0,0.047835849534803035
66,84,random_forest_tuned,1,0,0,0.03310951610704241
69,87,random_forest_tuned,1,0,0,0.3102342186413632
79,99,random_forest_tuned,1,0,0,0.04457803064739029
85,106,random_forest_tuned,1,1,1,0.585817143083538
95,118,random_forest_tuned,1,1,1,0.923722120949466
96,120,random_forest_tuned,1,0,0,0.06883887825505439
108,134,random_forest_tuned,1,1,1,0.6758582654359606
111,138,random_forest_tuned,1,0,0,0.15431421148544416
113,142,random_forest_tuned,1,1,1,0.818641851566523
114,143,random_forest_tuned,1,1,1,0.52371029026505
115,144,random_forest_tuned,1,0,0,0.029338496198030962
123,153,random_forest_tuned,1,1,1,0.5509399215579814
135,166,random_forest_tuned,1,0,0,0.09485079954279553
141,172,random_forest_tuned,1,1,1,0.8757004687365819
144,175,random_forest_tuned,1,0,0,0.10242906250536557
147,180,random_forest_tuned,1,0,0,0.08975432912775522
148,181,random_forest_tuned,1,1,1,0.5591986516398996
151,185,random_forest_tuned,1,0,0,0.24082767204817498
152,186,random_forest_tuned,1,0,0,0.23791359161707107
160,197,random_forest_tuned,1,1,1,0.6659566524827423
166,204,random_forest_tuned,1,1,1,0.7972236250588078
172,212,random_forest_tuned,1,1,1,0.7204404188126321
173,213,random_forest_tuned,1,0,0,0.18082812628914696
179,223,random_forest_tuned,1,1,1,0.866412842305758
183,227,random_forest_tuned,1,0,1,0.7002285985100384
193,241,random_forest_tuned,1,1,0,0.4496715013214492
198,246,random_forest_tuned,1,1,1,0.6920680787819351
204,253,random_forest_tuned,1,1,1,0.6289802926825335
216,266,random_forest_tuned,1,0,0,0.1083977847937588
217,267,random_forest_tuned,1,0,0,0.021630807437779457
219,269,random_forest_tuned,1,0,0,0.29501903328062545
220,270,random_forest_tuned,1,1,0,0.3975885175003993
229,285,random_forest_tuned,1,0,0,0.04504991890054926
231,287,random_forest_tuned,1,0,0,0.11145983846979585
237,295,random_forest_tuned,1,1,1,0.7721142997553532
242,301,random_forest_tuned,1,1,0,0.12693221772947186
253,316,random_forest_tuned,1,0,0,0.345578391788951
255,319,random_forest_tuned,1,0,0,0.17454911008108095
268,334,random_forest_tuned,1,0,0,0.1645323528608569
278,346,random_forest_tuned,1,0,0,0.13850024005477904
279,347,random_forest_tuned,1,1,1,0.8845109657368984
281,351,random_forest_tuned,1,0,0,0.30800285758965634
284,354,random_forest_tuned,1,0,0,0.07697835231223925
285,355,random_forest_tuned,1,0,0,0.39106891965069784
287,360,random_forest_tuned,1,0,0,0.03232343629189751
290,363,random_forest_tuned,1,0,0,0.12334932089068008
291,364,random_forest_tuned,1,0,0,0.02268177394493068
293,366,random_forest_tuned,1,0,0,0.2284828690120593
299,375,random_forest_tuned,1,0,0,0.10033844620811223
300,376,random_forest_tuned,1,1,1,0.5811435642144178
323,408,random_forest_tuned,1,0,0,0.018973151269584466
330,415,random_forest_tuned,1,1,1,0.8216459382153165
336,421,random_forest_tuned,1,1,1,0.5432393098160627
350,436,random_forest_tuned,1,0,0,0.058581317634755097
355,442,random_forest_tuned,1,0,0,0.20074277932332524
359,448,random_forest_tuned,1,1,1,0.5206697631078843
362,451,random_forest_tuned,1,1,1,0.7474824928502951
379,473,random_forest_tuned,1,1,1,0.6852497649626684
389,487,random_forest_tuned,1,1,1,0.7836285654214921
395,493,random_forest_tuned,1,0,0,0.17590206757547158
396,494,random_forest_tuned,1,1,1,0.5372236863064007
400,498,random_forest_tuned,1,0,0,0.14046309659589562
404,505,random_forest_tuned,1,0,0,0.18925259426465807
407,508,random_forest_tuned,1,0,0,0.2719173169952449
408,509,random_forest_tuned,1,0,0,0.087633538201115
409,510,random_forest_tuned,1,1,0,0.49831574373165305
413,514,random_forest_tuned,1,0,0,0.05125729033361884
419,524,random_forest_tuned,1,1,0,0.40588124567399425
425,531,random_forest_tuned,1,0,0,0.40124192127886904
433,360,random_forest_tuned,1,0,0,0.03997389710040956
434,10,random_forest_tuned,1,0,0,0.1674570731024895
436,71,random_forest_tuned,1,0,0,0.027653900915485176
437,473,random_forest_tuned,1,1,1,0.6759291889741282
440,487,random_forest_tuned,1,1,1,0.7801431455440269
441,175,random_forest_tuned,1,0,0,0.10462297532884472
450,266,random_forest_tuned,1,0,0,0.1083977847937588
467,58,random_forest_tuned,1,0,0,0.002958251013765013
469,120,random_forest_tuned,1,0,0,0.07071538867249534
474,204,random_forest_tuned,1,1,1,0.8125055606215179
478,181,random_forest_tuned,1,1,1,0.5489480168662559
479,144,random_forest_tuned,1,0,0,0.02650568540871168
493,99,random_forest_tuned,1,0,0,0.043005259958827896
499,87,random_forest_tuned,1,0,0,0.31023421864136325
500,44,random_forest_tuned,1,0,0,0.11582532904073739
501,12,random_forest_tuned,1,0,0,0.031049498296446154
507,175,random_forest_tuned,1,0,0,0.10280040795893515
509,185,random_forest_tuned,1,0,0,0.24709593743569244
511,287,random_forest_tuned,1,0,0,0.11152021967827824
514,227,random_forest_tuned,1,0,1,0.7083385737474067
515,270,random_forest_tuned,1,1,0,0.40505250127200226
518,20,random_forest_tuned,1,1,1,0.846204649435861
520,451,random_forest_tuned,1,1,1,0.745630769791082
522,181,random_forest_tuned,1,1,1,0.5454875414104485
527,153,random_forest_tuned,1,1,1,0.5559666451707799
530,118,random_forest_tuned,1,1,1,0.9245127862795945
533,508,random_forest_tuned,1,0,0,0.27452260249956345
539,153,random_forest_tuned,1,1,1,0.547420753930045
549,12,random_forest_tuned,1,0,0,0.027334788135631158
550,213,random_forest_tuned,1,0,0,0.17814716114169388
555,175,random_forest_tuned,1,0,0,0.10242906250536557
563,34,random_forest_tuned,1,0,0,0.033407364427272865
579,509,random_forest_tuned,1,0,0,0.08788356121940276
584,510,random_forest_tuned,1,1,0,0.4970143394929801
591,415,random_forest_tuned,1,1,1,0.8226334792034834
592,44,random_forest_tuned,1,0,0,0.11502087431072527
593,84,random_forest_tuned,1,0,0,0.025499729941125697
596,175,random_forest_tuned,1,0,0,0.10485051065285649
620,285,random_forest_tuned,1,0,0,0.04485350759952086
627,5,random_forest_tuned,1,0,0,0.08653463098413933
635,509,random_forest_tuned,1,0,0,0.10067504441691245
641,60,random_forest_tuned,1,0,0,0.200129482978472
645,301,random_forest_tuned,1,1,0,0.13850894205703462
648,505,random_forest_tuned,1,0,0,0.1936980030931262
653,57,random_forest_tuned,1,0,0,0.010125242994344015
655,5,random_forest_tuned,1,0,0,0.08779925216802294
659,354,random_forest_tuned,1,0,0,0.07805040799966811
661,408,random_forest_tuned,1,0,0,0.019250437135896397
665,138,random_forest_tuned,1,0,0,0.15189276333795326
673,266,random_forest_tuned,1,0,0,0.11252215108221034
676,227,random_forest_tuned,1,0,1,0.7009892773815632
683,227,random_forest_tuned,1,0,1,0.7027628681452601
685,285,random_forest_tuned,1,0,0,0.03894525355728165
687,366,random_forest_tuned,1,0,0,0.21911946377262048
715,442,random_forest_tuned,1,0,0,0.19724906697784803
719,186,random_forest_tuned,1,0,0,0.24927639861786977
720,376,random_forest_tuned,1,1,1,0.5745578964208622
722,498,random_forest_tuned,1,0,0,0.15527990878690612
724,415,random_forest_tuned,1,1,1,0.8317403463758171
725,366,random_forest_tuned,1,0,0,0.22555344975495553
728,375,random_forest_tuned,1,0,0,0.10033844620811223
731,355,random_forest_tuned,1,0,0,0.4120049593811455
737,246,random_forest_tuned,1,1,1,0.699306519494282
738,415,random_forest_tuned,1,1,1,0.828326638412233
749,509,random_forest_tuned,1,0,0,0.09324549151430891
750,175,random_forest_tuned,1,0,0,0.10179011609437925
760,172,random_forest_tuned,1,1,1,0.8702283307919071
763,508,random_forest_tuned,1,0,0,0.27637657042062214
770,22,random_forest_tuned,1,0,0,0.1437140323312043
775,120,random_forest_tuned,1,0,0,0.0705012148481942
779,347,random_forest_tuned,1,1,1,0.8844046658775082
781,134,random_forest_tuned,1,1,1,0.6672713540346726
784,346,random_forest_tuned,1,0,0,0.13394276448988499
788,18,random_forest_tuned,1,0,0,0.029629631715407057
789,448,random_forest_tuned,1,1,1,0.5076862530602035
790,351,random_forest_tuned,1,0,0,0.30880731231966846
796,47,random_forest_tuned,1,1,0,0.3471774772622069
804,175,random_forest_tuned,1,0,0,0.10696012105286544
808,49,random_forest_tuned,1,0,0,0.18384970439411702
811,494,random_forest_tuned,1,1,1,0.5479506381245267
813,180,random_forest_tuned,1,0,0,0.09387869541620673
814,72,random_forest_tuned,1,0,0,0.046848308546636144
825,181,random_forest_tuned,1,1,1,0.5608156450573784
844,285,random_forest_tuned,1,0,0,0.043257923182370255
848,442,random_forest_tuned,1,0,0,0.20015203340951976
855,366,random_forest_tuned,1,0,0,0.22491242605568418
856,106,random_forest_tuned,1,1,1,0.5765962134211403
860,267,random_forest_tuned,1,0,0,0.024311772585232535
876,346,random_forest_tuned,1,0,0,0.13769578532476692
878,223,random_forest_tuned,1,1,1,0.8659749925846222
880,106,random_forest_tuned,1,1,1,0.5916809259990266
884,144,random_forest_tuned,1,0,0,0.024311772585232535
894,347,random_forest_tuned,1,1,1,0.893223692438051
902,84,random_forest_tuned,1,0,0,0.025499729941125697
903,181,random_forest_tuned,1,1,1,0.5517006939275902
910,319,random_forest_tuned,1,0,0,0.18138301030272086
912,493,random_forest_tuned,1,0,0,0.18602731056981556
918,319,random_forest_tuned,1,0,0,0.17435271314901382
920,510,random_forest_tuned,1,1,0,0.4927479763022032
924,524,random_forest_tuned,1,1,0,0.41912984479811666
927,72,random_forest_tuned,1,0,0,0.04456728050209621
939,505,random_forest_tuned,1,0,0,0.19160233049826786
948,60,random_forest_tuned,1,0,0,0.19005762816194324
954,509,random_forest_tuned,1,0,0,0.08932696236040119
956,448,random_forest_tuned,1,1,1,0.5243258066920884
958,346,random_forest_tuned,1,0,0,0.14518491801995984
963,44,random_forest_tuned,1,0,0,0.09913763679101412
966,375,random_forest_tuned,1,0,0,0.10301941135556532
967,366,random_forest_tuned,1,0,0,0.22784392260107297
968,524,random_forest_tuned,1,1,0,0.39891040591906396
969,120,random_forest_tuned,1,0,0,0.0693284861583572
975,267,random_forest_tuned,1,0,0,0.023262511915414976
977,295,random_forest_tuned,1,1,1,0.7730216433786893
983,266,random_forest_tuned,1,0,0,0.10408511516867021
990,442,random_forest_tuned,1,0,0,0.20095648813953187
995,197,random_forest_tuned,1,1,1,0.6697305490874385
996,227,random_forest_tuned,1,0,1,0.6962749391153937
999,12,random_forest_tuned,1,0,0,0.026308936473397312
1002,494,random_forest_tuned,1,1,1,0.5440679865475668
1008,181,random_forest_tuned,1,1,1,0.5532378914737333
1009,360,random_forest_tuned,1,0,0,0.040961438088576455
1014,508,random_forest_tuned,1,0,0,0.265674193905184
1015,253,random_forest_tuned,1,1,1,0.6393729243585025
1016,505,random_forest_tuned,1,0,0,0.1871462482310345
1017,118,random_forest_tuned,1,1,1,0.9220113311268427
1020,186,random_forest_tuned,1,0,0,0.23667602761061643
1024,166,random_forest_tuned,1,0,0,0.09654422370208171
1026,524,random_forest_tuned,1,1,0,0.4055099002204247
1028,285,random_forest_tuned,1,0,0,0.045841048587687755
1035,473,random_forest_tuned,1,1,1,0.6775350329497102
1036,285,random_forest_tuned,1,0,0,0.046730018016961826
1039,360,random_forest_tuned,1,0,0,0.04205895625662136
1043,34,random_forest_tuned,1,0,0,0.03561908152682158
1045,487,random_forest_tuned,1,1,1,0.7783069899491306
1054,84,random_forest_tuned,1,0,0,0.034986026524483384
1058,71,random_forest_tuned,1,0,0,0.02914140476318196
1059,22,random_forest_tuned,1,0,0,0.1507897466407951
1061,364,random_forest_tuned,1,0,0,0.02455828436237166
1066,270,random_forest_tuned,1,1,0,0.3995323210318968
1068,301,random_forest_tuned,1,1,0,0.15144054197813128
1070,246,random_forest_tuned,1,1,1,0.6883460237812551
1088,301,random_forest_tuned,1,1,0,0.12961318287692497
1094,204,random_forest_tuned,1,1,1,0.8227845190069898
1095,451,random_forest_tuned,1,1,1,0.7393529448531636
1100,144,random_forest_tuned,1,0,0,0.03201946134548404
1101,267,random_forest_tuned,1,0,0,0.021630807437779457
1104,227,random_forest_tuned,1,0,1,0.704517947187834
1109,375,random_forest_tuned,1,0,0,0.10178184734911068
1112,9,random_forest_tuned,1,0,0,0.04031348119366831
1122,213,random_forest_tuned,1,0,0,0.1783777170531291
1124,166,random_forest_tuned,1,0,0,0.09719655800814085
1128,166,random_forest_tuned,1,0,0,0.09654422370208171
1132,186,random_forest_tuned,1,0,0,0.2573594105999552
1133,266,random_forest_tuned,1,0,0,0.1083977847937588
1139,287,random_forest_tuned,1,0,0,0.1397644698534302
1147,34,random_forest_tuned,1,0,0,0.031061605961927523
1148,436,random_forest_tuned,1,0,0,0.052249212015019274
1151,57,random_forest_tuned,1,0,0,0.01119729868177288
1167,421,random_forest_tuned,1,1,1,0.5347231885575348
1170,285,random_forest_tuned,1,0,0,0.045841048587687755
1172,421,random_forest_tuned,1,1,1,0.5552102283940041
1183,363,random_forest_tuned,1,0,0,0.12749140525457572
1184,436,random_forest_tuned,1,0,0,0.056806687579913334
1199,120,random_forest_tuned,1,0,0,0.07200945130581028
1200,355,random_forest_tuned,1,0,0,0.378776474651145
1211,375,random_forest_tuned,1,0,0,0.0991008822016576
1214,72,random_forest_tuned,1,0,0,0.047835849534803035
1215,514,random_forest_tuned,1,0,0,0.04951677360267467
1218,355,random_forest_tuned,1,0,0,0.3926656816557784
1223,212,random_forest_tuned,1,1,1,0.7162150784361012
1231,510,random_forest_tuned,1,1,0,0.49955330773810774
1233,204,random_forest_tuned,1,1,1,0.8040177629748182
1235,375,random_forest_tuned,1,0,0,0.1000884231898245
1239,376,random_forest_tuned,1,1,1,0.5706519549223552
1243,185,random_forest_tuned,1,0,0,0.22521510697962527
1244,473,random_forest_tuned,1,1,1,0.6806922893977744
1255,316,random_forest_tuned,1,0,0,0.3523272245979952
1256,197,random_forest_tuned,1,1,1,0.6644661459881165
1257,143,random_forest_tuned,1,1,1,0.5256182797633986
1266,415,random_forest_tuned,1,1,1,0.8102631990995708
1267,143,random_forest_tuned,1,1,1,0.525674480985525
1270,57,random_forest_tuned,1,0,0,0.007632581183528016
1272,144,random_forest_tuned,1,0,0,0.033311016844616285
1286,351,random_forest_tuned,1,0,0,0.32011362069360677
1294,172,random_forest_tuned,1,1,1,0.8826826028136657
1298,144,random_forest_tuned,1,0,0,0.027797192462697726
1310,493,random_forest_tuned,1,0,0,0.17590206757547158
1314,269,random_forest_tuned,1,0,0,0.3002103398687927
1318,166,random_forest_tuned,1,0,0,0.09485079954279553
1322,5,random_forest_tuned,1,0,0,0.09065899727259086
1323,175,random_forest_tuned,1,0,0,0.10297400023541553
1331,204,random_forest_tuned,1,1,1,0.8021129289455489
1340,185,random_forest_tuned,1,0,0,0.2250092698450815
1344,319,random_forest_tuned,1,0,0,0.1823802931792194
1346,316,random_forest_tuned,1,0,0,0.35179272034553566
1347,505,random_forest_tuned,1,0,0,0.19413111236956873
1372,514,random_forest_tuned,1,0,0,0.04951677360267467
1373,266,random_forest_tuned,1,0,0,0.10820948145712173
1382,20,random_forest_tuned,1,1,1,0.8439567935648505
1383,197,random_forest_tuned,1,1,1,0.6649454724650484
1386,186,random_forest_tuned,1,0,0,0.2420379579055226
1402,5,random_forest_tuned,1,0,0,0.08529706697768469
1403,366,random_forest_tuned,1,0,0,0.2311638341595124
1417,44,random_forest_tuned,1,0,0,0.09080163250255195
1419,408,random_forest_tuned,1,0,0,0.014003655608525508
1424,153,random_forest_tuned,1,1,1,0.55099135747133
1427,346,random_forest_tuned,1,0,0,0.14404525660783998
1429,498,random_forest_tuned,1,0,0,0.13936376023405947
1430,363,random_forest_tuned,1,0,0,0.1310560843072746
1434,448,random_forest_tuned,1,1,1,0.5279082038202314
1435,143,random_forest_tuned,1,1,1,0.5309003219696589
1450,47,random_forest_tuned,1,1,0,0.37115859918109484
1466,185,random_forest_tuned,1,0,0,0.22115855869165651
1468,524,random_forest_tuned,1,1,0,0.40507679094398213
1470,421,random_forest_tuned,1,1,1,0.5410726598406078
1486,295,random_forest_tuned,1,1,1,0.7863146406623474
1490,204,random_forest_tuned,1,1,1,0.8056163778331771
1493,436,random_forest_tuned,1,0,0,0.05590035248730202
1494,84,random_forest_tuned,1,0,0,0.03310951610704241
1496,346,random_forest_tuned,1,0,0,0.13581927490732593
1498,316,random_forest_tuned,1,0,0,0.3481842493596805
1503,514,random_forest_tuned,1,0,0,0.04836777644739493
1505,366,random_forest_tuned,1,0,0,0.24176476387846615
1506,172,random_forest_tuned,1,1,1,0.8843933926362894
1521,241,random_forest_tuned,1,1,0,0.44115935783118554
1530,285,random_forest_tuned,1,0,0,0.040268193922387084
1532,142,random_forest_tuned,1,1,1,0.8199506292363027
1539,360,random_forest_tuned,1,0,0,0.040961438088576455
1543,172,random_forest_tuned,1,1,1,0.8714105941291046
1544,84,random_forest_tuned,1,0,0,0.033542625383484945
1550,22,random_forest_tuned,1,0,0,0.1402286124537391
1551,493,random_forest_tuned,1,0,0,0.17054013728056538
1573,448,random_forest_tuned,1,1,1,0.5303112734086024
1575,44,random_forest_tuned,1,0,0,0.1013137807481435
1581,442,random_forest_tuned,1,0,0,0.20363745328698496
1591,493,random_forest_tuned,1,0,0,0.1685298865829991
1599,166,random_forest_tuned,1,0,0,0.09719655800814085
1600,355,random_forest_tuned,1,0,0,0.3832855412083007
1612,153,random_forest_tuned,1,1,1,0.5781458533445798
1631,301,random_forest_tuned,1,1,0,0.1438708723519408
1637,22,random_forest_tuned,1,0,0,0.14569848879705039
1638,505,random_forest_tuned,1,0,0,0.19203146200644597
1640,144,random_forest_tuned,1,0,0,0.028436138873684052
1648,498,random_forest_tuned,1,0,0,0.13307497090588585
1650,375,random_forest_tuned,1,0,0,0.10132598719627915
1655,493,random_forest_tuned,1,0,0,0.17386004883900483
1656,19,random_forest_tuned,1,0,0,0.019011694903540915
1662,363,random_forest_tuned,1,0,0,0.1171422612231665
1670,12,random_forest_tuned,1,0,0,0.024653822988178073
1675,204,random_forest_tuned,1,1,1,0.8201035538595367
1676,376,random_forest_tuned,1,1,1,0.5567271358766976
1681,12,random_forest_tuned,1,0,0,0.028322329123798052
1683,134,random_forest_tuned,1,1,1,0.6764541714272019
1684,316,random_forest_tuned,1,0,0,0.34172439686598943
1685,172,random_forest_tuned,1,1,1,0.869100974435221
1698,287,random_forest_tuned,1,0,0,0.11290595121502132
1703,212,random_forest_tuned,1,1,1,0.7171050179156045
1709,49,random_forest_tuned,1,0,0,0.17998511828774066
1710,376,random_forest_tuned,1,1,1,0.5742983794209001
1711,319,random_forest_tuned,1,0,0,0.17576879446255156
1728,408,random_forest_tuned,1,0,0,0.01668462075597859
1731,509,random_forest_tuned,1,0,0,0.08822982330906812
1735,531,random_forest_tuned,1,0,0,0.4081593194511995
1738,270,random_forest_tuned,1,1,0,0.39638195929756814
1744,18,random_forest_tuned,1,0,0,0.028295084241675962
1750,505,random_forest_tuned,1,0,0,0.19193355941211115
1758,415,random_forest_tuned,1,1,1,0.8261188990809486
1759,60,random_forest_tuned,1,0,0,0.19964182733963573
1762,346,random_forest_tuned,1,0,0,0.14384154563430548
1763,204,random_forest_tuned,1,1,1,0.8117294295033342
1768,295,random_forest_tuned,1,1,1,0.7655627936753813
1772,487,random_forest_tuned,1,1,1,0.7829416307891167
1774,360,random_forest_tuned,1,0,0,0.03331097728006441
1776,421,random_forest_tuned,1,1,1,0.5400890966207053
1778,204,random_forest_tuned,1,1,1,0.8034998314596871
1782,9,random_forest_tuned,1,0,0,0.0330966436232456
1786,351,random_forest_tuned,1,0,0,0.3193334082241954
1789,60,random_forest_tuned,1,0,0,0.1974485178310189
1797,421,random_forest_tuned,1,1,1,0.5347231885575348
1805,351,random_forest_tuned,1,0,0,0.30427645403048176
1817,18,random_forest_tuned,1,0,0,0.030976049389129044
1820,5,random_forest_tuned,1,0,0,0.08653463098413933
1821,241,random_forest_tuned,1,1,0,0.4518832184209979
1829,505,random_forest_tuned,1,0,0,0.1896857035411006
1866,58,random_forest_tuned,1,0,0,0.0007505116824807052
1869,505,random_forest_tuned,1,0,0,0.18866730171206336
1870,269,random_forest_tuned,1,0,0,0.2893381547332307
1875,295,random_forest_tuned,1,1,1,0.7769419344099455
1877,514,random_forest_tuned,1,0,0,0.04297277887477161
1885,319,random_forest_tuned,1,0,0,0.18274711382293965
1886,49,random_forest_tuned,1,0,0,0.18384970439411702
1887,505,random_forest_tuned,1,0,0,0.19814835344476775
1899,364,random_forest_tuned,1,0,0,0.027950116345249708
1910,364,random_forest_tuned,1,0,0,0.02366931493309758
1912,44,random_forest_tuned,1,0,0,0.09913763679101412
1923,175,random_forest_tuned,1,0,0,0.10109748981797455
1929,120,random_forest_tuned,1,0,0,0.06535345837758917
1937,493,random_forest_tuned,1,0,0,0.18485458187997855
1939,493,random_forest_tuned,1,0,0,0.1774000317729818
1943,12,random_forest_tuned,1,0,0,0.025458277718190186
1951,415,random_forest_tuned,1,1,1,0.8229400008486314
1956,270,random_forest_tuned,1,1,0,0.407303919765109
1960,301,random_forest_tuned,1,1,0,0.15867581908502845
1961,227,random_forest_tuned,1,0,1,0.6953158786941421
1963,44,random_forest_tuned,1,0,0,0.10842409161359148
1970,508,random_forest_tuned,1,0,0,0.27059212203268834
1972,514,random_forest_tuned,1,0,0,0.048911531868273496
1973,295,random_forest_tuned,1,1,1,0.7700369385023578
1976,142,random_forest_tuned,1,1,1,0.8105528582004097
1977,47,random_forest_tuned,1,1,0,0.34875771522809496
1978,347,random_forest_tuned,1,1,1,0.8822206502387159
1982,514,random_forest_tuned,1,0,0,0.04531853734011695
1989,266,random_forest_tuned,1,0,0,0.10928153714455059
2007,363,random_forest_tuned,1,0,0,0.1298833556174376
2008,494,random_forest_tuned,1,1,1,0.5470107498918505
2022,498,random_forest_tuned,1,0,0,0.1418179721894295
2024,87,random_forest_tuned,1,0,0,0.3255155547960696
2025,508,random_forest_tuned,1,0,0,0.27719354556737286
2026,166,random_forest_tuned,1,0,0,0.09654422370208171
2027,266,random_forest_tuned,1,0,0,0.11215080562864076
2,4,random_forest_tuned,2,0,0,0.05617656751619041
13,15,random_forest_tuned,2,0,0,0.1020350444526255
25,32,random_forest_tuned,2,1,1,0.6276652333814513
28,35,random_forest_tuned,2,0,0,0.19797693974527367
30,37,random_forest_tuned,2,0,0,0.12643196440138968
39,48,random_forest_tuned,2,0,0,0.06943204216315263
44,53,random_forest_tuned,2,1,1,0.5708841840618353
56,73,random_forest_tuned,2,0,0,0.06771652925698987
62,80,random_forest_tuned,2,0,0,0.13883005095980777
67,85,random_forest_tuned,2,0,0,0.026403778927570554
80,100,random_forest_tuned,2,0,0,0.06232181064671127
81,102,random_forest_tuned,2,0,0,0.1574651473369309
87,108,random_forest_tuned,2,1,1,0.8185812190018541
91,114,random_forest_tuned,2,1,1,0.5278634418513372
93,116,random_forest_tuned,2,0,0,0.21057113457056764
98,122,random_forest_tuned,2,0,0,0.10070752824866795
105,129,random_forest_tuned,2,0,0,0.03272521437666117
106,131,random_forest_tuned,2,1,1,0.6412047642015383
117,146,random_forest_tuned,2,0,0,0.28861089191006156
121,151,random_forest_tuned,2,1,1,0.6391089149404346
126,156,random_forest_tuned,2,0,0,0.4548111848261918
131,161,random_forest_tuned,2,0,0,0.069527899570888
136,167,random_forest_tuned,2,0,0,0.15750540546352165
140,171,random_forest_tuned,2,0,1,0.5262222883909554
142,173,random_forest_tuned,2,0,0,0.08010216270867254
143,174,random_forest_tuned,2,1,1,0.8186051864763354
146,178,random_forest_tuned,2,1,1,0.8264191258157632
154,191,random_forest_tuned,2,0,0,0.3642405116287975
156,193,random_forest_tuned,2,0,0,0.2562893073464732
158,195,random_forest_tuned,2,0,0,0.4774931507777833
170,209,random_forest_tuned,2,0,0,0.06045701686251911
171,210,random_forest_tuned,2,1,1,0.7752148904402741
175,218,random_forest_tuned,2,1,1,0.8899816715443152
176,220,random_forest_tuned,2,0,0,0.281292223641013
181,225,random_forest_tuned,2,0,0,0.26417944086282513
182,226,random_forest_tuned,2,0,0,0.07369052954644097
185,230,random_forest_tuned,2,0,0,0.46658434425328904
189,236,random_forest_tuned,2,0,0,0.21749399540222675
190,237,random_forest_tuned,2,0,0,0.15272657878589188
205,254,random_forest_tuned,2,0,0,0.0696873933242462
207,257,random_forest_tuned,2,0,0,0.08139096699543118
208,258,random_forest_tuned,2,0,0,0.10008896004714779
210,260,random_forest_tuned,2,1,1,0.6977917621281754
212,262,random_forest_tuned,2,0,0,0.11952103769749639
215,265,random_forest_tuned,2,0,0,0.2895584885279676
222,276,random_forest_tuned,2,1,1,0.5716395610870608
232,288,random_forest_tuned,2,1,1,0.544736814189978
239,297,random_forest_tuned,2,0,0,0.2880635608044541
243,302,random_forest_tuned,2,0,1,0.5182132746256811
244,304,random_forest_tuned,2,1,1,0.6421942417768214
248,308,random_forest_tuned,2,0,0,0.12699396398195678
251,312,random_forest_tuned,2,1,1,0.8107664977537953
260,326,random_forest_tuned,2,0,0,0.09731685300153026
262,328,random_forest_tuned,2,0,0,0.06939454777813837
265,331,random_forest_tuned,2,0,0,0.0573293708164689
275,343,random_forest_tuned,2,1,0,0.36366093294319146
277,345,random_forest_tuned,2,0,0,0.09921674857862577
282,352,random_forest_tuned,2,1,1,0.5041278430828232
288,361,random_forest_tuned,2,0,0,0.12155183423526322
301,377,random_forest_tuned,2,0,0,0.13412379446522069
304,382,random_forest_tuned,2,0,0,0.34688084775533434
312,393,random_forest_tuned,2,1,1,0.5345724437742236
315,397,random_forest_tuned,2,0,0,0.12380299202130163
316,400,random_forest_tuned,2,0,0,0.09321031876025153
320,405,random_forest_tuned,2,0,0,0.15902500974774378
321,406,random_forest_tuned,2,0,0,0.10083541554124353
327,412,random_forest_tuned,2,0,0,0.0789078465449278
334,419,random_forest_tuned,2,1,1,0.564383347144509
337,422,random_forest_tuned,2,0,0,0.3324593194192829
344,429,random_forest_tuned,2,1,0,0.40787377327905516
346,431,random_forest_tuned,2,1,0,0.4082642836533224
347,433,random_forest_tuned,2,0,0,0.0312586456882617
351,437,random_forest_tuned,2,0,0,0.0885100525088561
356,443,random_forest_tuned,2,0,0,0.05623978317788419
360,449,random_forest_tuned,2,0,1,0.675704178362131
365,455,random_forest_tuned,2,1,1,0.5667683953504111
367,458,random_forest_tuned,2,1,0,0.3896344178146967
371,462,random_forest_tuned,2,0,0,0.16816581059486094
374,468,random_forest_tuned,2,1,1,0.7009852566409731
380,474,random_forest_tuned,2,0,0,0.018596172568601792
385,482,random_forest_tuned,2,0,0,0.22471410727485133
386,483,random_forest_tuned,2,0,0,0.0399631872089924
392,490,random_forest_tuned,2,1,0,0.38408296511390494
394,492,random_forest_tuned,2,0,0,0.40725828676832687
403,504,random_forest_tuned,2,0,0,0.019666573979098257
423,528,random_forest_tuned,2,0,1,0.5429794492324713
431,541,random_forest_tuned,2,1,1,0.8606129757872619
432,193,random_forest_tuned,2,0,0,0.2556060387357174
438,397,random_forest_tuned,2,0,0,0.12804800253955825
442,73,random_forest_tuned,2,0,0,0.07547818971883907
443,116,random_forest_tuned,2,0,0,0.21454748194347237
444,449,random_forest_tuned,2,0,1,0.6639781159049034
445,100,random_forest_tuned,2,0,0,0.06500277579416436
446,178,random_forest_tuned,2,1,1,0.8246732347078517
457,129,random_forest_tuned,2,0,0,0.030044249229208085
458,129,random_forest_tuned,2,0,0,0.03672523425222052
464,443,random_forest_tuned,2,0,0,0.04929542547321602
465,258,random_forest_tuned,2,0,0,0.10008896004714779
470,431,random_forest_tuned,2,1,0,0.4043681247630714
473,85,random_forest_tuned,2,0,0,0.02051027617353
476,48,random_forest_tuned,2,0,0,0.06853928642408742
483,449,random_forest_tuned,2,0,1,0.6732562948721742
486,257,random_forest_tuned,2,0,0,0.08192910257652221
492,131,random_forest_tuned,2,1,1,0.6329472485205118
495,210,random_forest_tuned,2,1,1,0.773043661566188
496,412,random_forest_tuned,2,0,0,0.07784253601428569
498,37,random_forest_tuned,2,0,0,0.12281680030841577
502,308,random_forest_tuned,2,0,0,0.12785738229785096
505,129,random_forest_tuned,2,0,0,0.030044249229208085
506,276,random_forest_tuned,2,1,1,0.5648120995707324
516,297,random_forest_tuned,2,0,0,0.29078517891421246
525,462,random_forest_tuned,2,0,0,0.168824551521426
534,122,random_forest_tuned,2,0,0,0.09959155254182447
537,288,random_forest_tuned,2,1,1,0.5435588513533527
542,167,random_forest_tuned,2,0,0,0.1611930290910848
544,382,random_forest_tuned,2,0,0,0.3447490721355313
551,422,random_forest_tuned,2,0,0,0.32333624580697906
553,218,random_forest_tuned,2,1,1,0.8938915743958594
554,308,random_forest_tuned,2,0,0,0.13503685942431606
565,37,random_forest_tuned,2,0,0,0.12439274899461461
573,210,random_forest_tuned,2,1,1,0.7721774280624288
576,377,random_forest_tuned,2,0,0,0.13277886761496197
597,406,random_forest_tuned,2,0,0,0.09998140507837647
601,541,random_forest_tuned,2,1,1,0.8475937960767322
602,210,random_forest_tuned,2,1,1,0.7804702760809182
609,308,random_forest_tuned,2,0,0,0.13313670493473967
612,161,random_forest_tuned,2,0,0,0.06952789957088798
624,257,random_forest_tuned,2,0,0,0.07758297219457554
631,220,random_forest_tuned,2,0,0,0.266592015678296
649,210,random_forest_tuned,2,1,1,0.7834071510382088
651,474,random_forest_tuned,2,0,0,0.0205218272325619
662,412,random_forest_tuned,2,0,0,0.08256175591409984
666,377,random_forest_tuned,2,0,0,0.13425946698858202
667,260,random_forest_tuned,2,1,1,0.6929817289596281
671,361,random_forest_tuned,2,0,0,0.13386994871005675
672,455,random_forest_tuned,2,1,1,0.5671332638217663
677,226,random_forest_tuned,2,0,0,0.062110333566229456
679,129,random_forest_tuned,2,0,0,0.03606499688892472
682,4,random_forest_tuned,2,0,0,0.05479098459418895
691,73,random_forest_tuned,2,0,0,0.07575942469934913
694,328,random_forest_tuned,2,0,0,0.06291664177638873
696,257,random_forest_tuned,2,0,0,0.07792908270096285
697,108,random_forest_tuned,2,1,1,0.8289977143614773
701,393,random_forest_tuned,2,1,1,0.5233599241815023
703,361,random_forest_tuned,2,0,0,0.12029053148754922
711,116,random_forest_tuned,2,0,0,0.21186651679601928
712,455,random_forest_tuned,2,1,1,0.5700111645358783
713,429,random_forest_tuned,2,1,0,0.39685446735905683
714,174,random_forest_tuned,2,1,1,0.8239671167712416
718,405,random_forest_tuned,2,0,0,0.14529154525918167
735,328,random_forest_tuned,2,0,0,0.07127216763892574
739,528,random_forest_tuned,2,0,1,0.5502574041016176
741,167,random_forest_tuned,2,0,0,0.16710265109234906
746,220,random_forest_tuned,2,0,0,0.2771868005898301
753,156,random_forest_tuned,2,0,0,0.4458037857925666
756,449,random_forest_tuned,2,0,1,0.6736204666250334
758,4,random_forest_tuned,2,0,0,0.07160127881300435
768,393,random_forest_tuned,2,1,1,0.5243632668041932
772,230,random_forest_tuned,2,0,0,0.4694945237187896
778,397,random_forest_tuned,2,0,0,0.11930112453667978
782,171,random_forest_tuned,2,0,1,0.5274377223169864
791,326,random_forest_tuned,2,0,0,0.09698039344000153
794,178,random_forest_tuned,2,1,1,0.8267652363221505
802,116,random_forest_tuned,2,0,0,0.21858026245609913
820,209,random_forest_tuned,2,0,0,0.06313798200997219
833,226,random_forest_tuned,2,0,0,0.07509460437705708
834,422,random_forest_tuned,2,0,0,0.34318318000909526
838,100,random_forest_tuned,2,0,0,0.06500277579416436
839,218,random_forest_tuned,2,1,1,0.8876016302951015
841,345,random_forest_tuned,2,0,0,0.10389103806257263
845,173,random_forest_tuned,2,0,0,0.06850061915333851
846,302,random_forest_tuned,2,0,1,0.5044546159202751
853,129,random_forest_tuned,2,0,0,0.03606499688892472
857,226,random_forest_tuned,2,0,0,0.08001097267937461
872,236,random_forest_tuned,2,0,0,0.22312204666848404
879,237,random_forest_tuned,2,0,0,0.15176602366876274
889,209,random_forest_tuned,2,0,0,0.06124449913149098
892,397,random_forest_tuned,2,0,0,0.1127947836967423
895,151,random_forest_tuned,2,1,1,0.6493830442217843
908,458,random_forest_tuned,2,1,0,0.3779763582793636
911,146,random_forest_tuned,2,0,0,0.2866725461882891
913,191,random_forest_tuned,2,0,0,0.36080150799385785
914,80,random_forest_tuned,2,0,0,0.13614908581235466
922,156,random_forest_tuned,2,0,0,0.45713072651048103
928,422,random_forest_tuned,2,0,0,0.3176960525031849
932,102,random_forest_tuned,2,0,0,0.1661393647165514
933,265,random_forest_tuned,2,0,0,0.2895584885279676
946,210,random_forest_tuned,2,1,1,0.7811485073353728
947,297,random_forest_tuned,2,0,0,0.28452858519413393
950,226,random_forest_tuned,2,0,0,0.06313449302506709
960,504,random_forest_tuned,2,0,0,0.02391252856716095
961,102,random_forest_tuned,2,0,0,0.1603099935744921
971,406,random_forest_tuned,2,0,0,0.09815445039379045
974,265,random_forest_tuned,2,0,0,0.28507424119858316
976,262,random_forest_tuned,2,0,0,0.11907966593491182
979,262,random_forest_tuned,2,0,0,0.12132431987942778
991,146,random_forest_tuned,2,0,0,0.28022188596131503
1000,352,random_forest_tuned,2,1,1,0.5007659403206602
1001,302,random_forest_tuned,2,0,1,0.5126650952478398
1005,431,random_forest_tuned,2,1,0,0.4215283263947501
1013,312,random_forest_tuned,2,1,1,0.8177261684152399
1022,237,random_forest_tuned,2,0,0,0.15802198088690286
1023,4,random_forest_tuned,2,0,0,0.08537833888660112
1029,449,random_forest_tuned,2,0,1,0.6680293220120798
1040,419,random_forest_tuned,2,1,1,0.5576312801109304
1041,258,random_forest_tuned,2,0,0,0.10276992519460088
1044,173,random_forest_tuned,2,0,0,0.07474023241376637
1052,288,random_forest_tuned,2,1,1,0.5485488048264188
1053,80,random_forest_tuned,2,0,0,0.13883005095980777
1056,397,random_forest_tuned,2,0,0,0.111187734667414
1063,541,random_forest_tuned,2,1,1,0.8670300995152562
1064,328,random_forest_tuned,2,0,0,0.0606770483915202
1069,236,random_forest_tuned,2,0,0,0.2231885748623792
1075,541,random_forest_tuned,2,1,1,0.8592957573760428
1079,195,random_forest_tuned,2,0,0,0.47006391469259906
1081,237,random_forest_tuned,2,0,0,0.1510850860540529
1082,80,random_forest_tuned,2,0,0,0.14419198125471394
1086,161,random_forest_tuned,2,0,0,0.07265023648092563
1113,419,random_forest_tuned,2,1,1,0.5552196609619402
1137,100,random_forest_tuned,2,0,0,0.06232181064671127
1138,37,random_forest_tuned,2,0,0,0.1249898654993891
1142,429,random_forest_tuned,2,1,0,0.3982400502810583
1145,156,random_forest_tuned,2,0,0,0.4598116916579342
1149,412,random_forest_tuned,2,0,0,0.07362554864874395
1153,331,random_forest_tuned,2,0,0,0.0542504240865016
1156,449,random_forest_tuned,2,0,1,0.670996714982844
1166,258,random_forest_tuned,2,0,0,0.10008896004714779
1174,528,random_forest_tuned,2,0,1,0.5428193614923298
1177,276,random_forest_tuned,2,1,1,0.5656793247699726
1189,161,random_forest_tuned,2,0,0,0.06664631626210844
1196,209,random_forest_tuned,2,0,0,0.05907143394051765
1197,225,random_forest_tuned,2,0,0,0.2564800661001979
1198,173,random_forest_tuned,2,0,0,0.08883748041743132
1201,412,random_forest_tuned,2,0,0,0.07719982561919367
1202,302,random_forest_tuned,2,0,1,0.5275069562134962
1204,412,random_forest_tuned,2,0,0,0.0796694906988717
1205,433,random_forest_tuned,2,0,0,0.025488147168980263
1213,100,random_forest_tuned,2,0,0,0.06500277579416436
1216,412,random_forest_tuned,2,0,0,0.07698852555141864
1219,302,random_forest_tuned,2,0,1,0.5271115360216935
1226,483,random_forest_tuned,2,0,0,0.04134877013099385
1238,131,random_forest_tuned,2,1,1,0.6190117899669394
1245,443,random_forest_tuned,2,0,0,0.05161496715750528
1248,468,random_forest_tuned,2,1,1,0.6803789972154092
1251,226,random_forest_tuned,2,0,0,0.06045352787761401
1253,171,random_forest_tuned,2,0,1,0.5217864298658278
1268,433,random_forest_tuned,2,0,0,0.025488147168980263
1269,382,random_forest_tuned,2,0,0,0.3500546400857237
1275,474,random_forest_tuned,2,0,0,0.01789152726131018
1277,193,random_forest_tuned,2,0,0,0.23639160198831735
1282,161,random_forest_tuned,2,0,0,0.069527899570888
1296,422,random_forest_tuned,2,0,0,0.338121939151504
1304,178,random_forest_tuned,2,1,1,0.8299250568099394
1308,122,random_forest_tuned,2,0,0,0.09570549374780338
1309,405,random_forest_tuned,2,0,0,0.14391692158276947
1313,482,random_forest_tuned,2,0,0,0.21100523864535964
1316,302,random_forest_tuned,2,0,1,0.5318156083961034
1317,220,random_forest_tuned,2,0,0,0.2664629400000178
1327,412,random_forest_tuned,2,0,0,0.07647906858777395
1330,171,random_forest_tuned,2,0,1,0.5172217616836539
1333,220,random_forest_tuned,2,0,0,0.27896899853615426
1337,131,random_forest_tuned,2,1,1,0.6340395517247007
1339,352,random_forest_tuned,2,1,0,0.4965090709924361
1342,191,random_forest_tuned,2,0,0,0.3699499706008991
1349,361,random_forest_tuned,2,0,0,0.1323630128538397
1350,53,random_forest_tuned,2,1,1,0.5664564527124499
1353,483,random_forest_tuned,2,0,0,0.04219513862267934
1369,80,random_forest_tuned,2,0,0,0.1263329883335273
1370,114,random_forest_tuned,2,1,1,0.5143211005372534
1371,156,random_forest_tuned,2,0,0,0.4691499693257451
1374,116,random_forest_tuned,2,0,0,0.20994800903805966
1385,209,random_forest_tuned,2,0,0,0.061752399087970734
1390,393,random_forest_tuned,2,1,1,0.5337690984875579
1400,226,random_forest_tuned,2,0,0,0.07877472191719696
1401,528,random_forest_tuned,2,0,1,0.5519871023864874
1405,262,random_forest_tuned,2,0,0,0.11873355542852451
1407,474,random_forest_tuned,2,0,0,0.01803463518468008
1408,218,random_forest_tuned,2,1,1,0.8899816715443152
1410,100,random_forest_tuned,2,0,0,0.06500277579416436
1413,312,random_forest_tuned,2,1,1,0.8050584569525019
1416,352,random_forest_tuned,2,1,0,0.49919003613988916
1438,122,random_forest_tuned,2,0,0,0.09959155254182447
1440,37,random_forest_tuned,2,0,0,0.1174548700135096
1441,73,random_forest_tuned,2,0,0,0.07695558888884635
1452,210,random_forest_tuned,2,1,1,0.7723551230952733
1464,102,random_forest_tuned,2,0,0,0.15141703064759615
1465,377,random_forest_tuned,2,0,0,0.1355481406077139
1467,35,random_forest_tuned,2,0,0,0.19401964269033647
1469,361,random_forest_tuned,2,0,0,0.1180725163513333
1471,178,random_forest_tuned,2,1,1,0.8227757073507957
1483,151,random_forest_tuned,2,1,1,0.6386591836319718
1484,220,random_forest_tuned,2,0,0,0.28218730742157244
1485,73,random_forest_tuned,2,0,0,0.07575942469934913
1487,345,random_forest_tuned,2,0,0,0.09385481828371958
1497,302,random_forest_tuned,2,0,1,0.5282588491937723
1501,328,random_forest_tuned,2,0,0,0.06559760692384181
1511,492,random_forest_tuned,2,0,0,0.3980335948271901
1513,257,random_forest_tuned,2,0,0,0.08010214789193619
1515,220,random_forest_tuned,2,0,0,0.27204414666975196
1516,382,random_forest_tuned,2,0,0,0.3466559298072058
1518,35,random_forest_tuned,2,0,0,0.19994027762470462
1520,173,random_forest_tuned,2,0,0,0.07656718709835239
1524,433,random_forest_tuned,2,0,0,0.024116930827941918
1525,541,random_forest_tuned,2,1,1,0.8588360370099664
1533,236,random_forest_tuned,2,0,0,0.22403761636232197
1535,422,random_forest_tuned,2,0,0,0.3359330668488242
1541,541,random_forest_tuned,2,1,1,0.8613677071303049
1546,220,random_forest_tuned,2,0,0,0.27052948806947225
1547,167,random_forest_tuned,2,0,0,0.16491871543387077
1548,32,random_forest_tuned,2,1,1,0.6256749866844636
1555,254,random_forest_tuned,2,0,0,0.0696873933242462
1558,37,random_forest_tuned,2,0,0,0.13303276094174837
1560,288,random_forest_tuned,2,1,1,0.5539431944644765
1576,156,random_forest_tuned,2,0,0,0.45073941709843174
1582,343,random_forest_tuned,2,1,0,0.36866167995816684
1584,226,random_forest_tuned,2,0,0,0.06349591648823091
1585,343,random_forest_tuned,2,1,0,0.3735872990501359
1588,328,random_forest_tuned,2,0,0,0.06532799970868383
1590,328,random_forest_tuned,2,0,0,0.06671358263068529
1593,174,random_forest_tuned,2,1,1,0.8107991167511783
1609,504,random_forest_tuned,2,0,0,0.02345255558780559
1615,85,random_forest_tuned,2,0,0,0.026403778927570554
1618,449,random_forest_tuned,2,0,1,0.6725306262149746
1621,377,random_forest_tuned,2,0,0,0.14064981191507714
1630,129,random_forest_tuned,2,0,0,0.033891931697951384
1632,237,random_forest_tuned,2,0,0,0.1554312164359996
1641,237,random_forest_tuned,2,0,0,0.15048698540102337
1643,462,random_forest_tuned,2,0,0,0.17680747586589235
1647,48,random_forest_tuned,2,0,0,0.06853928642408742
1651,429,random_forest_tuned,2,1,0,0.4067577975722117
1653,393,random_forest_tuned,2,1,1,0.5268357353327968
1661,230,random_forest_tuned,2,0,0,0.467821919612058
1664,156,random_forest_tuned,2,0,0,0.4668304276414558
1665,443,random_forest_tuned,2,0,0,0.05319091584370412
1669,345,random_forest_tuned,2,0,0,0.10554543795558173
1677,80,random_forest_tuned,2,0,0,0.14151101610726086
1678,302,random_forest_tuned,2,0,1,0.5224575621861294
1679,80,random_forest_tuned,2,0,0,0.12901395348098038
1680,226,random_forest_tuned,2,0,0,0.08864457204414224
1682,504,random_forest_tuned,2,0,0,0.020090652825642666
1688,156,random_forest_tuned,2,0,0,0.45140737275241105
1690,73,random_forest_tuned,2,0,0,0.07378310485918765
1704,361,random_forest_tuned,2,0,0,0.11581134471781221
1714,431,random_forest_tuned,2,1,0,0.40789709047093575
1716,265,random_forest_tuned,2,0,0,0.2846577324074861
1720,195,random_forest_tuned,2,0,0,0.48415046329814115
1725,53,random_forest_tuned,2,1,1,0.5673998736277165
1732,37,random_forest_tuned,2,0,0,0.13451360511994706
1734,443,random_forest_tuned,2,0,0,0.052553940208946194
1736,108,random_forest_tuned,2,1,1,0.8417439598304438
1739,262,random_forest_tuned,2,0,0,0.11734797250652305
1740,412,random_forest_tuned,2,0,0,0.0789078465449278
1742,433,random_forest_tuned,2,0,0,0.030229266571118563
1764,32,random_forest_tuned,2,1,1,0.6338509385146133
1765,85,random_forest_tuned,2,0,0,0.02372281378011747
1781,541,random_forest_tuned,2,1,1,0.8732161795167436
1783,146,random_forest_tuned,2,0,0,0.2829251896867299
1784,237,random_forest_tuned,2,0,0,0.15167582297221294
1788,102,random_forest_tuned,2,0,0,0.15116925827973693
1798,429,random_forest_tuned,2,1,0,0.40363546066217404
1801,167,random_forest_tuned,2,0,0,0.1611930290910848
1809,262,random_forest_tuned,2,0,0,0.12030851996646828
1814,35,random_forest_tuned,2,0,0,0.19098247373802507
1816,345,random_forest_tuned,2,0,0,0.09596300794881565
1823,276,random_forest_tuned,2,1,1,0.5919002851479787
1825,429,random_forest_tuned,2,1,0,0.4299752772287918
1827,108,random_forest_tuned,2,1,1,0.8392060261681152
1832,304,random_forest_tuned,2,1,1,0.6272627365758275
1835,361,random_forest_tuned,2,0,0,0.10681708330238658
1838,167,random_forest_tuned,2,0,0,0.15524481862389441
1841,48,random_forest_tuned,2,0,0,0.06768527596122037
1843,331,random_forest_tuned,2,0,0,0.0542504240865016
1845,32,random_forest_tuned,2,1,1,0.6243266767598785
1852,191,random_forest_tuned,2,0,0,0.3689476680132208
1861,131,random_forest_tuned,2,1,1,0.6438857293489914
1867,406,random_forest_tuned,2,0,0,0.10019366580056552
1868,108,random_forest_tuned,2,1,1,0.8085620849119886
1873,352,random_forest_tuned,2,1,1,0.5060243735891199
1874,230,random_forest_tuned,2,0,0,0.4687321351421848
1888,156,random_forest_tuned,2,0,0,0.4609605973900698
1893,4,random_forest_tuned,2,0,0,0.045894078688962635
1903,100,random_forest_tuned,2,0,0,0.06500277579416436
1914,146,random_forest_tuned,2,0,0,0.28857583182528784
1916,131,random_forest_tuned,2,1,1,0.6371300773516368
1918,393,random_forest_tuned,2,1,1,0.5256501497468206
1924,174,random_forest_tuned,2,1,1,0.8186051864763354
1932,361,random_forest_tuned,2,0,0,0.12609383354503997
1934,230,random_forest_tuned,2,0,0,0.4511725781723794
1945,151,random_forest_tuned,2,1,1,0.6360767787269468
1950,100,random_forest_tuned,2,0,0,0.06232181064671127
1958,146,random_forest_tuned,2,0,0,0.28737202566460907
1959,171,random_forest_tuned,2,0,1,0.5160244767725928
1966,122,random_forest_tuned,2,0,0,0.10253448293325398
1968,173,random_forest_tuned,2,0,0,0.07118158430079159
1971,35,random_forest_tuned,2,0,0,0.19855469470270318
1983,458,random_forest_tuned,2,1,0,0.38566284454771205
1985,276,random_forest_tuned,2,1,1,0.5689585959396077
1988,412,random_forest_tuned,2,0,0,0.0633217345701768
1993,122,random_forest_tuned,2,0,0,0.10253448293325398
1997,15,random_forest_tuned,2,0,0,0.1052564156779086
2001,4,random_forest_tuned,2,0,0,0.04857504383641572
2003,102,random_forest_tuned,2,0,0,0.15763297140536936
2006,114,random_forest_tuned,2,1,1,0.5259581030532069
2012,173,random_forest_tuned,2,0,0,0.08754209819197971
2016,161,random_forest_tuned,2,0,0,0.07265023648092563
2017,492,random_forest_tuned,2,0,0,0.4017109575382444
6,8,random_forest_tuned,3,0,0,0.16991153533478448
11,13,random_forest_tuned,3,1,1,0.8975536711566072
14,17,random_forest_tuned,3,0,0,0.0988217989976979
20,23,random_forest_tuned,3,0,0,0.043144925447869034
22,28,random_forest_tuned,3,0,0,0.09531007667106155
24,31,random_forest_tuned,3,0,0,0.25256624621841645
26,33,random_forest_tuned,3,0,0,0.08642593507331563
31,38,random_forest_tuned,3,0,0,0.06291928926659189
35,43,random_forest_tuned,3,0,0,0.14396447465540504
37,46,random_forest_tuned,3,0,0,0.04080624009306362
45,54,random_forest_tuned,3,0,0,0.06133766730648743
53,69,random_forest_tuned,3,1,0,0.49373822863039224
58,76,random_forest_tuned,3,0,0,0.04878203481776251
68,86,random_forest_tuned,3,0,0,0.027263614749385313
70,89,random_forest_tuned,3,1,0,0.39600111564227347
71,90,random_forest_tuned,3,0,0,0.38761375016969724
84,105,random_forest_tuned,3,0,1,0.5330268425899324
86,107,random_forest_tuned,3,0,0,0.4810360803113009
94,117,random_forest_tuned,3,0,0,0.24590062195595835
97,121,random_forest_tuned,3,0,0,0.19665991061582708
99,123,random_forest_tuned,3,1,1,0.7565893368605835
100,124,random_forest_tuned,3,1,1,0.7578508974794022
101,125,random_forest_tuned,3,1,1,0.8216978999286263
119,148,random_forest_tuned,3,0,0,0.1865746581365021
120,150,random_forest_tuned,3,0,0,0.06524742415976936
124,154,random_forest_tuned,3,1,0,0.2813599040032105
128,158,random_forest_tuned,3,0,0,0.1972802031328606
129,159,random_forest_tuned,3,1,1,0.6744396402911603
133,163,random_forest_tuned,3,1,1,0.7051909850914233
134,165,random_forest_tuned,3,0,0,0.17457939498977318
137,168,random_forest_tuned,3,1,1,0.6265952587222884
150,184,random_forest_tuned,3,0,0,0.1852642144767542
159,196,random_forest_tuned,3,1,1,0.8125899771330446
162,199,random_forest_tuned,3,0,0,0.04014242818919302
163,201,random_forest_tuned,3,0,0,0.01879394114857156
168,207,random_forest_tuned,3,1,1,0.8988534933744398
177,221,random_forest_tuned,3,0,0,0.05739789365732728
186,231,random_forest_tuned,3,1,0,0.1872776195419269
188,235,random_forest_tuned,3,0,0,0.2352251936197727
197,245,random_forest_tuned,3,1,1,0.5714177831615881
209,259,random_forest_tuned,3,0,0,0.312072489428993
211,261,random_forest_tuned,3,0,0,0.047732087307204484
224,279,random_forest_tuned,3,1,1,0.5833586180301205
227,283,random_forest_tuned,3,1,0,0.36671632989104896
234,290,random_forest_tuned,3,0,0,0.3794122775612879
236,292,random_forest_tuned,3,0,0,0.08417924422058258
238,296,random_forest_tuned,3,1,1,0.5082190380633421
245,305,random_forest_tuned,3,0,0,0.031926478760344976
247,307,random_forest_tuned,3,1,0,0.4342676484281256
249,310,random_forest_tuned,3,1,0,0.3977491326865083
254,318,random_forest_tuned,3,0,0,0.07205302826255798
256,322,random_forest_tuned,3,0,0,0.4071069120931171
257,323,random_forest_tuned,3,0,0,0.45866680749683064
258,324,random_forest_tuned,3,1,1,0.8435127138487959
259,325,random_forest_tuned,3,0,0,0.15705681824728102
264,330,random_forest_tuned,3,0,0,0.08626853437422075
271,337,random_forest_tuned,3,1,1,0.9188226235686425
276,344,random_forest_tuned,3,0,0,0.4113179905226731
295,371,random_forest_tuned,3,1,1,0.7143628311680358
297,373,random_forest_tuned,3,1,1,0.8459429665364874
305,383,random_forest_tuned,3,0,0,0.1994706747105486
309,389,random_forest_tuned,3,0,0,0.11018865810797283
317,401,random_forest_tuned,3,0,0,0.06478883633995113
318,403,random_forest_tuned,3,1,1,0.9407721410835022
324,409,random_forest_tuned,3,0,0,0.11890276581091035
329,414,random_forest_tuned,3,0,0,0.02840138665122179
339,424,random_forest_tuned,3,0,0,0.18957922180903064
342,427,random_forest_tuned,3,0,0,0.1297816885905849
348,434,random_forest_tuned,3,0,0,0.11092091185424287
357,446,random_forest_tuned,3,1,1,0.776173924490845
358,447,random_forest_tuned,3,0,0,0.4585022986960099
363,452,random_forest_tuned,3,1,0,0.31675604982303646
368,459,random_forest_tuned,3,1,0,0.3202919044395449
370,461,random_forest_tuned,3,0,0,0.28341281721536077
373,466,random_forest_tuned,3,0,0,0.21439762804249307
376,470,random_forest_tuned,3,1,0,0.46303153037413713
381,475,random_forest_tuned,3,0,0,0.45121884459954015
383,478,random_forest_tuned,3,1,1,0.694423466399644
388,485,random_forest_tuned,3,0,1,0.5555356638569638
401,499,random_forest_tuned,3,0,0,0.07135695506978273
402,500,random_forest_tuned,3,0,0,0.23782471373117378
412,513,random_forest_tuned,3,1,1,0.6958060855368098
414,515,random_forest_tuned,3,0,0,0.2778590878507074
415,517,random_forest_tuned,3,0,1,0.5202003693286006
417,519,random_forest_tuned,3,0,0,0.033654454602425235
424,529,random_forest_tuned,3,0,0,0.06714890837927408
427,535,random_forest_tuned,3,0,0,0.21941803507070534
447,148,random_forest_tuned,3,0,0,0.18309089011679872
448,424,random_forest_tuned,3,0,0,0.1857914489379121
451,245,random_forest_tuned,3,1,1,0.5711731993283221
455,184,random_forest_tuned,3,0,0,0.18912514887234344
459,54,random_forest_tuned,3,0,0,0.06396792861269299
462,389,random_forest_tuned,3,0,0,0.11223711738753293
463,43,random_forest_tuned,3,0,0,0.14646714901719005
466,322,random_forest_tuned,3,0,0,0.3892827609933885
468,292,random_forest_tuned,3,0,0,0.08079569641228337
475,325,random_forest_tuned,3,0,0,0.1646077597559369
490,513,random_forest_tuned,3,1,1,0.7009990371070868
491,371,random_forest_tuned,3,1,1,0.7047915386788575
494,124,random_forest_tuned,3,1,1,0.7712498285095396
504,33,random_forest_tuned,3,0,0,0.0765447182202216
523,324,random_forest_tuned,3,1,1,0.8553722097453033
524,261,random_forest_tuned,3,0,0,0.04585392503200168
526,529,random_forest_tuned,3,0,0,0.06671610284786177
528,150,random_forest_tuned,3,0,0,0.06068829673711347
531,446,random_forest_tuned,3,1,1,0.7746039693944285
536,470,random_forest_tuned,3,1,0,0.4631175170498406
546,235,random_forest_tuned,3,0,0,0.2352251936197727
547,292,random_forest_tuned,3,0,0,0.08398974896625853
548,33,random_forest_tuned,3,0,0,0.0858064195960802
559,424,random_forest_tuned,3,0,0,0.20106736137856807
562,89,random_forest_tuned,3,1,0,0.397845060102815
571,447,random_forest_tuned,3,0,0,0.46345915774120416
575,292,random_forest_tuned,3,0,0,0.07881731392567642
578,324,random_forest_tuned,3,1,1,0.8141547801766555
581,290,random_forest_tuned,3,0,0,0.37686250583007563
585,515,random_forest_tuned,3,0,0,0.2939606243939909
587,323,random_forest_tuned,3,0,0,0.45877320817350153
590,424,random_forest_tuned,3,0,0,0.20359899757672648
594,434,random_forest_tuned,3,0,0,0.10329472296648155
599,499,random_forest_tuned,3,0,0,0.07403792021723582
600,330,random_forest_tuned,3,0,0,0.08873835885376552
603,17,random_forest_tuned,3,0,0,0.10579806476102381
604,107,random_forest_tuned,3,0,0,0.4773000781335072
605,165,random_forest_tuned,3,0,0,0.17247736036834002
608,196,random_forest_tuned,3,1,1,0.8104352965707322
613,148,random_forest_tuned,3,0,0,0.1716294844283496
616,121,random_forest_tuned,3,0,0,0.1905374894134598
618,427,random_forest_tuned,3,0,0,0.12894090622849383
621,325,random_forest_tuned,3,0,0,0.16320400589425546
622,535,random_forest_tuned,3,0,0,0.21842866234345634
628,424,random_forest_tuned,3,0,0,0.19512772195893555
629,283,random_forest_tuned,3,1,0,0.360231492895663
630,434,random_forest_tuned,3,0,0,0.09062080999246919
639,54,random_forest_tuned,3,0,0,0.06828247220208292
642,337,random_forest_tuned,3,1,1,0.9177981558328883
643,107,random_forest_tuned,3,0,0,0.47163509695840494
647,535,random_forest_tuned,3,0,0,0.2158824981899598
652,401,random_forest_tuned,3,0,0,0.06649652773696958
657,344,random_forest_tuned,3,0,0,0.41201860266233836
658,154,random_forest_tuned,3,1,0,0.2859190314258664
664,8,random_forest_tuned,3,0,0,0.16778389732941013
669,325,random_forest_tuned,3,0,0,0.1708852756275403
692,324,random_forest_tuned,3,1,1,0.8551589565218445
699,150,random_forest_tuned,3,0,0,0.06524742415976936
704,90,random_forest_tuned,3,0,0,0.37519603342677893
706,500,random_forest_tuned,3,0,0,0.2250444000804905
707,344,random_forest_tuned,3,0,0,0.4100907937590557
709,283,random_forest_tuned,3,1,0,0.3654414440254428
710,33,random_forest_tuned,3,0,0,0.07874026156262909
721,517,random_forest_tuned,3,0,1,0.5243606264690074
723,499,random_forest_tuned,3,0,0,0.07403792021723582
729,23,random_forest_tuned,3,0,0,0.040129613607661985
730,461,random_forest_tuned,3,0,0,0.27805472830096684
733,105,random_forest_tuned,3,0,1,0.5352793102851496
736,519,random_forest_tuned,3,0,0,0.030973489454972154
742,310,random_forest_tuned,3,1,0,0.4001812396339309
743,221,random_forest_tuned,3,0,0,0.05483829065016803
754,121,random_forest_tuned,3,0,0,0.19050301317070692
755,322,random_forest_tuned,3,0,0,0.3915929184713645
762,330,random_forest_tuned,3,0,0,0.09312233644522502
773,401,random_forest_tuned,3,0,0,0.06602444474361371
774,154,random_forest_tuned,3,1,0,0.28885557178422483
783,452,random_forest_tuned,3,1,0,0.31493830693866687
793,165,random_forest_tuned,3,0,0,0.1751583255157931
799,158,random_forest_tuned,3,0,0,0.1944615016848056
805,499,random_forest_tuned,3,0,0,0.07403792021723582
810,117,random_forest_tuned,3,0,0,0.2395658020884306
815,434,random_forest_tuned,3,0,0,0.10888250057833
819,322,random_forest_tuned,3,0,0,0.398883714882721
821,43,random_forest_tuned,3,0,0,0.14459187122332276
822,499,random_forest_tuned,3,0,0,0.07147660205703514
826,305,random_forest_tuned,3,0,0,0.029504343382789032
827,259,random_forest_tuned,3,0,0,0.327665924360619
828,373,random_forest_tuned,3,1,1,0.8438565480747117
831,69,random_forest_tuned,3,1,0,0.4849365625018381
832,13,random_forest_tuned,3,1,1,0.889510775714248
835,168,random_forest_tuned,3,1,1,0.6237181090852028
837,290,random_forest_tuned,3,0,0,0.37860947468903755
840,307,random_forest_tuned,3,1,0,0.4330601328916834
843,235,random_forest_tuned,3,0,0,0.23700477512578844
849,163,random_forest_tuned,3,1,1,0.6985517499301815
854,485,random_forest_tuned,3,0,1,0.5628234455290616
864,371,random_forest_tuned,3,1,1,0.6973987140503682
866,383,random_forest_tuned,3,0,0,0.2021516398580017
867,371,random_forest_tuned,3,1,1,0.6806796506550286
868,259,random_forest_tuned,3,0,0,0.3196230289182598
875,121,random_forest_tuned,3,0,0,0.19732673466719844
881,519,random_forest_tuned,3,0,0,0.032720842491747254
882,159,random_forest_tuned,3,1,1,0.6726557437609917
885,38,random_forest_tuned,3,0,0,0.06587094550363348
893,414,random_forest_tuned,3,0,0,0.03431090152339174
899,485,random_forest_tuned,3,0,1,0.5629728687982056
900,461,random_forest_tuned,3,0,0,0.28444932076785256
904,414,random_forest_tuned,3,0,0,0.03520867368991845
906,324,random_forest_tuned,3,1,1,0.8343579465216593
909,117,random_forest_tuned,3,0,0,0.24867354226197677
915,207,random_forest_tuned,3,1,1,0.9050182265415962
919,8,random_forest_tuned,3,0,0,0.17224022547895
921,159,random_forest_tuned,3,1,1,0.6688977581336916
929,69,random_forest_tuned,3,1,0,0.4885331083482874
937,158,random_forest_tuned,3,0,0,0.1942503610168973
938,231,random_forest_tuned,3,1,0,0.18127313537548054
940,31,random_forest_tuned,3,0,0,0.25265223289412
942,124,random_forest_tuned,3,1,1,0.7685688633620865
943,452,random_forest_tuned,3,1,0,0.3173986036945767
952,383,random_forest_tuned,3,0,0,0.20087675399239552
953,168,random_forest_tuned,3,1,1,0.6294501996312567
955,201,random_forest_tuned,3,0,0,0.025699687025926572
970,283,random_forest_tuned,3,1,0,0.3691035028308143
973,515,random_forest_tuned,3,0,0,0.2733545176697013
981,89,random_forest_tuned,3,1,0,0.3881102092723607
982,371,random_forest_tuned,3,1,1,0.659739265919095
987,485,random_forest_tuned,3,0,1,0.561921587871399
992,245,random_forest_tuned,3,1,1,0.574731080303107
993,470,random_forest_tuned,3,1,0,0.46938049875166954
994,184,random_forest_tuned,3,0,0,0.18224057740840946
1004,17,random_forest_tuned,3,0,0,0.10800694691512103
1006,414,random_forest_tuned,3,0,0,0.03045527072173667
1012,452,random_forest_tuned,3,1,0,0.31890490318782777
1034,107,random_forest_tuned,3,0,0,0.478249331215726
1042,529,random_forest_tuned,3,0,0,0.06714890837927408
1047,107,random_forest_tuned,3,0,0,0.4796415936781466
1049,325,random_forest_tuned,3,0,0,0.16503183556343004
1060,337,random_forest_tuned,3,1,1,0.9160661414983325
1073,414,random_forest_tuned,3,0,0,0.036978696465223816
1077,344,random_forest_tuned,3,0,0,0.4154021504706376
1078,475,random_forest_tuned,3,0,0,0.44818611329579167
1084,163,random_forest_tuned,3,1,1,0.7060923687328607
1087,427,random_forest_tuned,3,0,0,0.1336249797049229
1089,305,random_forest_tuned,3,0,0,0.027626181107586224
1090,325,random_forest_tuned,3,0,0,0.15847483211378363
1093,159,random_forest_tuned,3,1,1,0.6712708064080344
1096,478,random_forest_tuned,3,1,1,0.7124539660627766
1097,245,random_forest_tuned,3,1,1,0.5783137471758715
1103,196,random_forest_tuned,3,1,1,0.8059279380091185
1105,446,random_forest_tuned,3,1,1,0.784684977388321
1107,33,random_forest_tuned,3,0,0,0.07733565292544013
1116,8,random_forest_tuned,3,0,0,0.17530763933101307
1118,76,random_forest_tuned,3,0,0,0.0431475479921541
1127,337,random_forest_tuned,3,1,1,0.9179443037735353
1131,292,random_forest_tuned,3,0,0,0.0833764413483323
1136,500,random_forest_tuned,3,0,0,0.2345529635732226
1140,148,random_forest_tuned,3,0,0,0.19525861529684643
1158,259,random_forest_tuned,3,0,0,0.309712562812274
1159,148,random_forest_tuned,3,0,0,0.17092167278319592
1160,461,random_forest_tuned,3,0,0,0.28043854823623804
1161,470,random_forest_tuned,3,1,0,0.48206351288838384
1162,283,random_forest_tuned,3,1,0,0.35689816603432784
1173,310,random_forest_tuned,3,1,0,0.3976605234871879
1175,158,random_forest_tuned,3,0,0,0.1922526195307084
1182,43,random_forest_tuned,3,0,0,0.14396447465540504
1187,148,random_forest_tuned,3,0,0,0.18185528171313614
1191,296,random_forest_tuned,3,1,0,0.4872516723022117
1192,105,random_forest_tuned,3,0,1,0.5436191442739492
1193,383,random_forest_tuned,3,0,0,0.20120747387128993
1194,117,random_forest_tuned,3,0,0,0.2507904692575087
1195,17,random_forest_tuned,3,0,0,0.10767622703622662
1207,245,random_forest_tuned,3,1,1,0.558410927462597
1208,69,random_forest_tuned,3,1,0,0.4933008528750334
1210,371,random_forest_tuned,3,1,1,0.6808069382025703
1220,337,random_forest_tuned,3,1,1,0.9190337642365508
1221,235,random_forest_tuned,3,0,0,0.23011273059893375
1222,452,random_forest_tuned,3,1,0,0.3129004190213814
1224,373,random_forest_tuned,3,1,1,0.8390261343383282
1236,371,random_forest_tuned,3,1,1,0.6724552760972896
1240,148,random_forest_tuned,3,0,0,0.1863481160881941
1242,305,random_forest_tuned,3,0,0,0.029504343382789032
1247,107,random_forest_tuned,3,0,0,0.4788271981572037
1249,46,random_forest_tuned,3,0,0,0.04164248613067154
1250,23,random_forest_tuned,3,0,0,0.052483848684724096
1254,401,random_forest_tuned,3,0,0,0.0701507666348573
1260,199,random_forest_tuned,3,0,0,0.036286797387537956
1262,485,random_forest_tuned,3,0,1,0.5615723558270613
1263,485,random_forest_tuned,3,0,1,0.5651073479400247
1264,499,random_forest_tuned,3,0,0,0.07415756720448823
1287,330,random_forest_tuned,3,0,0,0.09222212687346885
1291,344,random_forest_tuned,3,0,0,0.3991473808612898
1302,121,random_forest_tuned,3,0,0,0.20115494932660133
1306,90,random_forest_tuned,3,0,0,0.38512694192963254
1315,89,random_forest_tuned,3,1,0,0.3970208022470337
1320,409,random_forest_tuned,3,0,0,0.1243326569963131
1329,517,random_forest_tuned,3,0,1,0.5199728701685107
1334,535,random_forest_tuned,3,0,0,0.20564561151673252
1338,121,random_forest_tuned,3,0,0,0.19720388371818026
1343,90,random_forest_tuned,3,0,0,0.39578244892288345
1355,46,random_forest_tuned,3,0,0,0.041134189086707205
1356,123,random_forest_tuned,3,1,1,0.7682570246287393
1357,535,random_forest_tuned,3,0,0,0.2077652211444773
1359,322,random_forest_tuned,3,0,0,0.4124724722739896
1363,485,random_forest_tuned,3,0,1,0.5644273994304145
1365,123,random_forest_tuned,3,1,1,0.7509356253403583
1368,90,random_forest_tuned,3,0,0,0.3957824489228835
1388,279,random_forest_tuned,3,1,1,0.5741297462806165
1396,424,random_forest_tuned,3,0,0,0.21085416226855425
1420,43,random_forest_tuned,3,0,0,0.14396447465540504
1444,148,random_forest_tuned,3,0,0,0.18228808724454842
1461,235,random_forest_tuned,3,0,0,0.24058712391467887
1463,90,random_forest_tuned,3,0,0,0.38201839447945446
1473,461,random_forest_tuned,3,0,0,0.27500542931987776
1474,296,random_forest_tuned,3,1,1,0.5027919758262678
1476,76,random_forest_tuned,3,0,0,0.04878203481776251
1479,261,random_forest_tuned,3,0,0,0.047732087307204484
1481,383,random_forest_tuned,3,0,0,0.19939656175546697
1488,517,random_forest_tuned,3,0,1,0.5171850574883936
1507,475,random_forest_tuned,3,0,0,0.45773530823140207
1509,86,random_forest_tuned,3,0,0,0.028918704018751216
1510,107,random_forest_tuned,3,0,0,0.4776431018227346
1514,13,random_forest_tuned,3,1,1,0.8983047051678155
1517,373,random_forest_tuned,3,1,1,0.8432620013890343
1519,325,random_forest_tuned,3,0,0,0.166206501217632
1522,199,random_forest_tuned,3,0,0,0.03326828159264384
1527,470,random_forest_tuned,3,1,0,0.4683644442888421
1529,165,random_forest_tuned,3,0,0,0.1751583255157931
1534,515,random_forest_tuned,3,0,0,0.29620078368497166
1538,310,random_forest_tuned,3,1,0,0.3916401406273087
1549,383,random_forest_tuned,3,0,0,0.2007542903000739
1556,123,random_forest_tuned,3,1,1,0.7565893368605835
1559,513,random_forest_tuned,3,1,1,0.6972514422806003
1561,17,random_forest_tuned,3,0,0,0.10767622703622662
1562,283,random_forest_tuned,3,1,0,0.36900504399215595
1566,324,random_forest_tuned,3,1,1,0.8181627069244781
1580,279,random_forest_tuned,3,1,1,0.5830519629628736
1583,475,random_forest_tuned,3,0,0,0.4365333645252729
1587,159,random_forest_tuned,3,1,1,0.6617453133161807
1589,43,random_forest_tuned,3,0,0,0.14417561532331336
1602,168,random_forest_tuned,3,1,1,0.6140778777339266
1604,325,random_forest_tuned,3,0,0,0.150781720358276
1607,371,random_forest_tuned,3,1,1,0.7085170938880024
1610,459,random_forest_tuned,3,1,0,0.3290391439154961
1620,8,random_forest_tuned,3,0,0,0.17625024426345604
1622,337,random_forest_tuned,3,1,1,0.9190337642365508
1629,31,random_forest_tuned,3,0,0,0.25632257076882203
1635,414,random_forest_tuned,3,0,0,0.02840138665122179
1646,499,random_forest_tuned,3,0,0,0.07906550381938802
1654,201,random_forest_tuned,3,0,0,0.014547358449678232
1663,158,random_forest_tuned,3,0,0,0.19978276218998783
1674,158,random_forest_tuned,3,0,0,0.19058679717095126
1691,76,random_forest_tuned,3,0,0,0.042987298991444045
1692,207,random_forest_tuned,3,1,1,0.9087565093070438
1694,459,random_forest_tuned,3,1,0,0.32812423408971836
1695,33,random_forest_tuned,3,0,0,0.08191857651170191
1697,199,random_forest_tuned,3,0,0,0.04222884665096863
1699,124,random_forest_tuned,3,1,1,0.7653406705532886
1700,292,random_forest_tuned,3,0,0,0.0833764413483323
1702,158,random_forest_tuned,3,0,0,0.20156757937266237
1718,323,random_forest_tuned,3,0,0,0.44328171590365983
1719,17,random_forest_tuned,3,0,0,0.10341657706843778
1727,33,random_forest_tuned,3,0,0,0.08105207678183532
1729,121,random_forest_tuned,3,0,0,0.19894606717250413
1730,76,random_forest_tuned,3,0,0,0.0483492292863502
1737,150,random_forest_tuned,3,0,0,0.06434616244886075
1745,221,random_forest_tuned,3,0,0,0.05534866527980094
1746,283,random_forest_tuned,3,1,0,0.3592853389740931
1752,434,random_forest_tuned,3,0,0,0.09720224971422356
1753,478,random_forest_tuned,3,1,1,0.6770723790149059
1760,475,random_forest_tuned,3,0,0,0.4408257038886222
1761,446,random_forest_tuned,3,1,1,0.7707510514464784
1779,163,random_forest_tuned,3,1,1,0.7011696575975837
1785,221,random_forest_tuned,3,0,0,0.05594321196547842
1787,124,random_forest_tuned,3,1,1,0.7225119409832459
1793,513,random_forest_tuned,3,1,1,0.7002521799474112
1794,8,random_forest_tuned,3,0,0,0.17735753812025218
1795,373,random_forest_tuned,3,1,1,0.8323206669933874
1800,201,random_forest_tuned,3,0,0,0.025699687025926572
1802,69,random_forest_tuned,3,1,0,0.48621757031772567
1808,529,random_forest_tuned,3,0,0,0.07081924625397615
1810,279,random_forest_tuned,3,1,1,0.5781067392225654
1819,459,random_forest_tuned,3,1,0,0.3193870159147767
1840,427,random_forest_tuned,3,0,0,0.12601466698825023
1846,148,random_forest_tuned,3,0,0,0.16870928574576788
1848,245,random_forest_tuned,3,1,1,0.580955434861381
1850,123,random_forest_tuned,3,1,1,0.750025733411178
1859,403,random_forest_tuned,3,1,1,0.9384496300410696
1871,475,random_forest_tuned,3,0,0,0.45444167029379584
1876,519,random_forest_tuned,3,0,0,0.032720842491747254
1881,165,random_forest_tuned,3,0,0,0.1871722439663699
1890,38,random_forest_tuned,3,0,0,0.06569265471796543
1894,76,random_forest_tuned,3,0,0,0.051030194433803286
1896,414,random_forest_tuned,3,0,0,0.02966145046805929
1898,283,random_forest_tuned,3,1,0,0.3633072241267033
1911,535,random_forest_tuned,3,0,0,0.20565478540515092
1917,28,random_forest_tuned,3,0,0,0.09403853277847649
1921,159,random_forest_tuned,3,1,1,0.6667116789853785
1925,261,random_forest_tuned,3,0,0,0.04585392503200168
1926,373,random_forest_tuned,3,1,1,0.8269587366984812
1927,485,random_forest_tuned,3,0,1,0.5626709056917765
1928,201,random_forest_tuned,3,0,0,0.014547358449678232
1936,76,random_forest_tuned,3,0,0,0.04610106967030943
1952,401,random_forest_tuned,3,0,0,0.06548709589128736
1962,207,random_forest_tuned,3,1,1,0.9014245606590672
1969,124,random_forest_tuned,3,1,1,0.7381256488746086
1974,207,random_forest_tuned,3,1,1,0.9087565093070438
1980,519,random_forest_tuned,3,0,0,0.036669766442632284
1984,475,random_forest_tuned,3,0,0,0.4291421722205737
1987,148,random_forest_tuned,3,0,0,0.1844710991038687
1996,245,random_forest_tuned,3,1,1,0.5629700548852529
1998,470,random_forest_tuned,3,1,0,0.48206351288838384
2000,292,random_forest_tuned,3,0,0,0.08623977402341307
2002,325,random_forest_tuned,3,0,0,0.16815254161904505
2009,324,random_forest_tuned,3,1,1,0.8262810774199028
2011,485,random_forest_tuned,3,0,1,0.5617892290291665
2015,107,random_forest_tuned,3,0,0,0.472467007594378
2018,414,random_forest_tuned,3,0,0,0.0351668272376189
2023,529,random_forest_tuned,3,0,0,0.06714890837927408
2028,89,random_forest_tuned,3,1,0,0.4020127352011019
1,3,random_forest_tuned,4,1,1,0.6053597863588217
4,6,random_forest_tuned,4,0,0,0.36434122678039277
5,7,random_forest_tuned,4,0,0,0.04534045443801586
41,50,random_forest_tuned,4,1,1,0.7233480756985516
42,51,random_forest_tuned,4,1,1,0.685513150229452
46,55,random_forest_tuned,4,0,0,0.11155716830297677
49,59,random_forest_tuned,4,0,0,0.08563533070887167
51,62,random_forest_tuned,4,1,1,0.759677418666087
52,65,random_forest_tuned,4,0,0,0.3964150685404253
63,81,random_forest_tuned,4,0,0,0.3712568925360435
65,83,random_forest_tuned,4,0,0,0.10660387519866321
72,91,random_forest_tuned,4,0,0,0.08652106154649435
73,92,random_forest_tuned,4,0,0,0.013084364491257544
74,93,random_forest_tuned,4,0,0,0.07998043426194279
75,94,random_forest_tuned,4,0,0,0.06257100693254125
77,96,random_forest_tuned,4,1,1,0.7281638933847536
82,103,random_forest_tuned,4,1,1,0.8148334164770604
83,104,random_forest_tuned,4,0,0,0.012423426328725265
88,109,random_forest_tuned,4,1,1,0.8389690733123663
89,110,random_forest_tuned,4,0,0,0.4520792976019779
104,128,random_forest_tuned,4,0,0,0.011137178086848836
107,132,random_forest_tuned,4,0,0,0.18693121311554933
109,135,random_forest_tuned,4,0,0,0.06574459126740631
110,137,random_forest_tuned,4,0,0,0.225201677219806
112,141,random_forest_tuned,4,0,0,0.0981556596055902
122,152,random_forest_tuned,4,1,1,0.8892076549871564
127,157,random_forest_tuned,4,0,0,0.4162842936445716
138,169,random_forest_tuned,4,1,1,0.9216814834972762
149,182,random_forest_tuned,4,0,1,0.662078036691159
155,192,random_forest_tuned,4,1,1,0.9790255455307503
174,216,random_forest_tuned,4,0,1,0.5508568646018753
178,222,random_forest_tuned,4,1,1,0.5624093325119278
187,233,random_forest_tuned,4,1,1,0.832872828323497
191,238,random_forest_tuned,4,1,0,0.3219092238780275
192,239,random_forest_tuned,4,0,0,0.47418801331954225
194,242,random_forest_tuned,4,0,0,0.11883273122010177
195,243,random_forest_tuned,4,0,0,0.3033107606089753
199,248,random_forest_tuned,4,1,1,0.8509845456883607
201,250,random_forest_tuned,4,0,0,0.11995627241198456
202,251,random_forest_tuned,4,1,1,0.8063803573361
214,264,random_forest_tuned,4,0,0,0.04750130140486604
218,268,random_forest_tuned,4,1,1,0.548686413012578
221,271,random_forest_tuned,4,0,0,0.4249365325051422
223,278,random_forest_tuned,4,1,0,0.224350563544574
228,284,random_forest_tuned,4,0,0,0.16496501437080782
241,299,random_forest_tuned,4,0,0,0.18216641904796851
246,306,random_forest_tuned,4,0,0,0.05074623547987885
250,311,random_forest_tuned,4,0,0,0.055825064690868814
252,315,random_forest_tuned,4,1,0,0.3281959491132145
263,329,random_forest_tuned,4,1,1,0.7610909768707594
270,336,random_forest_tuned,4,0,0,0.07824936842615325
272,338,random_forest_tuned,4,1,1,0.838062336906704
294,369,random_forest_tuned,4,1,1,0.7506012456452427
296,372,random_forest_tuned,4,0,0,0.13055168748001397
302,379,random_forest_tuned,4,0,0,0.16862381423473047
303,381,random_forest_tuned,4,0,0,0.12978275882326618
307,387,random_forest_tuned,4,0,0,0.09237896123954872
310,390,random_forest_tuned,4,0,0,0.2275235454256616
314,396,random_forest_tuned,4,1,1,0.9620963753480708
322,407,random_forest_tuned,4,0,0,0.03207717498155574
326,411,random_forest_tuned,4,0,0,0.11824692843535568
331,416,random_forest_tuned,4,1,1,0.7744098361094582
332,417,random_forest_tuned,4,0,0,0.04514511944581617
335,420,random_forest_tuned,4,0,0,0.021866642836357593
338,423,random_forest_tuned,4,1,1,0.819790542402753
340,425,random_forest_tuned,4,0,0,0.05164199723626152
345,430,random_forest_tuned,4,1,1,0.7923719483179795
349,435,random_forest_tuned,4,1,1,0.8487522323606851
352,438,random_forest_tuned,4,1,1,0.8782802514913738
369,460,random_forest_tuned,4,0,0,0.08007677900459453
372,463,random_forest_tuned,4,1,1,0.841245195775804
375,469,random_forest_tuned,4,0,1,0.5265089059354093
377,471,random_forest_tuned,4,1,1,0.6424585503616571
378,472,random_forest_tuned,4,1,0,0.40234361484563086
382,477,random_forest_tuned,4,0,0,0.12570592586541526
384,480,random_forest_tuned,4,0,0,0.42028615625055904
387,484,random_forest_tuned,4,1,1,0.6661187285960536
390,488,random_forest_tuned,4,0,0,0.37164116075306963
393,491,random_forest_tuned,4,0,0,0.287478490686658
405,506,random_forest_tuned,4,0,0,0.09461821655185661
406,507,random_forest_tuned,4,0,0,0.37151591765096614
410,511,random_forest_tuned,4,0,0,0.4940597728360914
416,518,random_forest_tuned,4,0,0,0.26548093135650164
421,526,random_forest_tuned,4,0,0,0.10680058644704993
426,532,random_forest_tuned,4,0,0,0.12650241146310787
429,537,random_forest_tuned,4,0,0,0.05679763391052871
435,278,random_forest_tuned,4,1,0,0.23341318007465936
439,315,random_forest_tuned,4,1,0,0.323643982891675
452,152,random_forest_tuned,4,1,1,0.898524622305216
453,511,random_forest_tuned,4,0,0,0.4856783662375837
454,460,random_forest_tuned,4,0,0,0.08558991964391828
461,336,random_forest_tuned,4,0,0,0.08129235158066515
471,83,random_forest_tuned,4,0,0,0.10303756107726078
472,92,random_forest_tuned,4,0,0,0.013084364491257544
477,132,random_forest_tuned,4,0,0,0.183401909349352
481,306,random_forest_tuned,4,0,0,0.04575988003424331
484,96,random_forest_tuned,4,1,1,0.7134485296951154
488,369,random_forest_tuned,4,1,1,0.748255404413348
497,59,random_forest_tuned,4,0,0,0.09704233041031463
503,81,random_forest_tuned,4,0,0,0.37213983596645483
508,372,random_forest_tuned,4,0,0,0.12730837307649628
517,329,random_forest_tuned,4,1,1,0.7534642760118453
519,411,random_forest_tuned,4,0,0,0.13764295522401354
538,526,random_forest_tuned,4,0,0,0.11050544411790912
558,430,random_forest_tuned,4,1,1,0.7890652289689616
560,62,random_forest_tuned,4,1,1,0.7689539636462119
564,233,random_forest_tuned,4,1,1,0.8405381486399616
566,460,random_forest_tuned,4,0,0,0.08773814744391228
570,81,random_forest_tuned,4,0,0,0.3643502737086509
572,137,random_forest_tuned,4,0,0,0.2239981876120668
574,369,random_forest_tuned,4,1,1,0.7501540159792809
577,169,random_forest_tuned,4,1,1,0.9258139356900971
583,222,random_forest_tuned,4,1,1,0.5709058109705949
588,92,random_forest_tuned,4,0,0,0.013084364491257544
595,94,random_forest_tuned,4,0,0,0.06479462364079565
606,537,random_forest_tuned,4,0,0,0.06484052935288796
607,192,random_forest_tuned,4,1,1,0.974299866081568
610,137,random_forest_tuned,4,0,0,0.23222383397102025
611,94,random_forest_tuned,4,0,0,0.06333531125082871
615,315,random_forest_tuned,4,1,0,0.33066715724630824
619,471,random_forest_tuned,4,1,1,0.6575594100422609
623,518,random_forest_tuned,4,0,0,0.2711961415415279
625,137,random_forest_tuned,4,0,0,0.21793783069548558
634,438,random_forest_tuned,4,1,1,0.8709129480086046
638,491,random_forest_tuned,4,0,0,0.2942023042641697
650,469,random_forest_tuned,4,0,1,0.5360761980000127
656,306,random_forest_tuned,4,0,0,0.05929861506944846
663,372,random_forest_tuned,4,0,0,0.12373370345848145
670,238,random_forest_tuned,4,1,0,0.3192585035919208
674,420,random_forest_tuned,4,0,0,0.028862811093225627
681,135,random_forest_tuned,4,0,0,0.08840019167848745
689,438,random_forest_tuned,4,1,1,0.8643254874184206
693,103,random_forest_tuned,4,1,1,0.8109069157484506
700,477,random_forest_tuned,4,0,0,0.11530437734507286
716,94,random_forest_tuned,4,0,0,0.06421803649320272
717,420,random_forest_tuned,4,0,0,0.025705090968937357
726,420,random_forest_tuned,4,0,0,0.01502723700173755
747,416,random_forest_tuned,4,1,1,0.7595562720350924
748,222,random_forest_tuned,4,1,1,0.555067769519479
759,239,random_forest_tuned,4,0,0,0.4685382611146654
761,110,random_forest_tuned,4,0,0,0.45596375235717024
765,238,random_forest_tuned,4,1,0,0.32574720331918655
767,251,random_forest_tuned,4,1,1,0.8117422876310062
771,430,random_forest_tuned,4,1,1,0.7958517916529676
777,390,random_forest_tuned,4,0,0,0.2275235454256616
792,425,random_forest_tuned,4,0,0,0.048961032088808434
795,463,random_forest_tuned,4,1,1,0.8426766646929053
798,338,random_forest_tuned,4,1,1,0.8359758189372335
812,110,random_forest_tuned,4,0,0,0.4494990940129676
818,491,random_forest_tuned,4,0,0,0.28645459816325186
824,411,random_forest_tuned,4,0,0,0.12298155025732643
829,381,random_forest_tuned,4,0,0,0.1264489167462197
830,91,random_forest_tuned,4,0,0,0.09097332128933988
836,379,random_forest_tuned,4,0,0,0.17857177973876512
850,51,random_forest_tuned,4,1,1,0.6833550801696349
851,243,random_forest_tuned,4,0,0,0.3068737860889421
858,152,random_forest_tuned,4,1,1,0.8936181258500796
861,7,random_forest_tuned,4,0,0,0.04964630429917708
870,390,random_forest_tuned,4,0,0,0.22435171410731714
871,182,random_forest_tuned,4,0,1,0.656105019479067
877,526,random_forest_tuned,4,0,0,0.10469756832654253
883,390,random_forest_tuned,4,0,0,0.2275235454256616
886,96,random_forest_tuned,4,1,1,0.7061800573442805
897,390,random_forest_tuned,4,0,0,0.22873018886566196
898,128,random_forest_tuned,4,0,0,0.017200688835691202
925,91,random_forest_tuned,4,0,0,0.08906825122766447
930,438,random_forest_tuned,4,1,1,0.8757181947493771
935,381,random_forest_tuned,4,0,0,0.13085637277451156
941,532,random_forest_tuned,4,0,0,0.1344382585608336
944,251,random_forest_tuned,4,1,1,0.8031345044607054
949,491,random_forest_tuned,4,0,0,0.308531036427992
951,239,random_forest_tuned,4,0,0,0.4727159360150064
957,411,random_forest_tuned,4,0,0,0.11108882724686969
959,135,random_forest_tuned,4,0,0,0.06129105544634696
972,511,random_forest_tuned,4,0,0,0.4728394305677107
985,387,random_forest_tuned,4,0,0,0.09785334761365846
986,268,random_forest_tuned,4,1,1,0.5378849706761439
997,239,random_forest_tuned,4,0,0,0.45887900729458964
1007,420,random_forest_tuned,4,0,0,0.02748422583070187
1010,264,random_forest_tuned,4,0,0,0.04777528733684071
1011,396,random_forest_tuned,4,1,1,0.95863951511484
1018,372,random_forest_tuned,4,0,0,0.13042777519509657
1019,471,random_forest_tuned,4,1,1,0.65151243327048
1027,104,random_forest_tuned,4,0,0,0.015334910569930646
1030,396,random_forest_tuned,4,1,1,0.9606412343937839
1031,477,random_forest_tuned,4,0,0,0.12066630763997901
1033,132,random_forest_tuned,4,0,0,0.18610441876216133
1037,268,random_forest_tuned,4,1,1,0.5594756236337874
1046,329,random_forest_tuned,4,1,1,0.7534694847081261
1048,417,random_forest_tuned,4,0,0,0.034495573487845335
1050,416,random_forest_tuned,4,1,1,0.780412368135743
1051,65,random_forest_tuned,4,0,0,0.38816839060484387
1055,506,random_forest_tuned,4,0,0,0.09536812314328806
1062,407,random_forest_tuned,4,0,0,0.034758140129008824
1065,284,random_forest_tuned,4,0,0,0.1612712980990373
1071,92,random_forest_tuned,4,0,0,0.013084364491257544
1072,511,random_forest_tuned,4,0,0,0.4947590326778095
1076,50,random_forest_tuned,4,1,1,0.7464262066654189
1091,472,random_forest_tuned,4,1,0,0.3839698842711738
1098,472,random_forest_tuned,4,1,0,0.40011233080154046
1102,132,random_forest_tuned,4,0,0,0.1864584493460757
1106,135,random_forest_tuned,4,0,0,0.048438777911109926
1110,284,random_forest_tuned,4,0,0,0.1860981145589287
1114,477,random_forest_tuned,4,0,0,0.12493003077963759
1115,248,random_forest_tuned,4,1,1,0.8483354053165297
1119,222,random_forest_tuned,4,1,1,0.5513459654154361
1123,110,random_forest_tuned,4,0,0,0.45228930262036315
1125,104,random_forest_tuned,4,0,0,0.016411451324885605
1134,51,random_forest_tuned,4,1,1,0.6833290916752887
1141,423,random_forest_tuned,4,1,1,0.8176527291257362
1144,338,random_forest_tuned,4,1,1,0.8369085436346169
1146,132,random_forest_tuned,4,0,0,0.1895861897686561
1152,278,random_forest_tuned,4,1,0,0.21111915568934717
1154,242,random_forest_tuned,4,0,0,0.10515054648631472
1163,372,random_forest_tuned,4,0,0,0.12713229537930754
1164,141,random_forest_tuned,4,0,0,0.09710804965070126
1165,242,random_forest_tuned,4,0,0,0.12228793060030912
1169,511,random_forest_tuned,4,0,0,0.4819424980952336
1179,132,random_forest_tuned,4,0,0,0.18979894897404748
1185,407,random_forest_tuned,4,0,0,0.029396209834102655
1203,338,random_forest_tuned,4,1,1,0.8332205391579388
1206,390,random_forest_tuned,4,0,0,0.222284248230681
1212,484,random_forest_tuned,4,1,1,0.6639374122327766
1227,390,random_forest_tuned,4,0,0,0.22228052353621183
1230,3,random_forest_tuned,4,1,1,0.5987317465312024
1232,109,random_forest_tuned,4,1,1,0.8383491737492347
1241,420,random_forest_tuned,4,0,0,0.021866642836357593
1246,251,random_forest_tuned,4,1,1,0.8100834491148172
1258,182,random_forest_tuned,4,0,1,0.6584327047363999
1265,182,random_forest_tuned,4,0,1,0.6655320931631823
1276,438,random_forest_tuned,4,1,1,0.8724710915305057
1279,469,random_forest_tuned,4,0,1,0.5226752778222221
1280,390,random_forest_tuned,4,0,0,0.2215274631125193
1281,379,random_forest_tuned,4,0,0,0.16939970932050813
1283,242,random_forest_tuned,4,0,0,0.12298951105424534
1284,338,random_forest_tuned,4,1,1,0.8323334700517566
1285,416,random_forest_tuned,4,1,1,0.7737382639443191
1289,417,random_forest_tuned,4,0,0,0.04514511944581617
1290,271,random_forest_tuned,4,0,0,0.42403130038316666
1292,417,random_forest_tuned,4,0,0,0.03865401417501229
1295,109,random_forest_tuned,4,1,1,0.8389690733123663
1297,3,random_forest_tuned,4,1,1,0.6029177952350074
1301,94,random_forest_tuned,4,0,0,0.06299638373571657
1305,110,random_forest_tuned,4,0,0,0.4517244008478348
1319,435,random_forest_tuned,4,1,1,0.8590484984285359
1325,242,random_forest_tuned,4,0,0,0.11840347584511683
1332,480,random_forest_tuned,4,0,0,0.42733499916657114
1336,469,random_forest_tuned,4,0,1,0.5299966679474013
1351,299,random_forest_tuned,4,0,0,0.1865276952754767
1358,511,random_forest_tuned,4,0,0,0.4786551918829505
1361,435,random_forest_tuned,4,1,1,0.8379540571390314
1364,152,random_forest_tuned,4,1,1,0.8838457246922502
1366,83,random_forest_tuned,4,0,0,0.10826812144942215
1367,103,random_forest_tuned,4,1,1,0.8113283085612955
1375,396,random_forest_tuned,4,1,1,0.9589517338928149
1376,65,random_forest_tuned,4,0,0,0.38580788670339866
1377,248,random_forest_tuned,4,1,1,0.856444630192592
1378,506,random_forest_tuned,4,0,0,0.09504581107381814
1379,55,random_forest_tuned,4,0,0,0.11927960249932813
1380,469,random_forest_tuned,4,0,1,0.5581926387421285
1389,132,random_forest_tuned,4,0,0,0.18518692527057268
1392,103,random_forest_tuned,4,1,1,0.8151684569734434
1393,96,random_forest_tuned,4,1,1,0.7264825720515043
1394,109,random_forest_tuned,4,1,1,0.8462397910033395
1395,92,random_forest_tuned,4,0,0,0.01498943455293295
1397,59,random_forest_tuned,4,0,0,0.09118402221543097
1398,6,random_forest_tuned,4,0,0,0.3580940991527665
1399,141,random_forest_tuned,4,0,0,0.10973422382730011
1404,329,random_forest_tuned,4,1,1,0.7566715359880114
1406,336,random_forest_tuned,4,0,0,0.07556840327870017
1409,396,random_forest_tuned,4,1,1,0.9556413886771199
1412,242,random_forest_tuned,4,0,0,0.10189927183176327
1418,6,random_forest_tuned,4,0,0,0.3637102285944177
1421,50,random_forest_tuned,4,1,1,0.7246236195685053
1425,338,random_forest_tuned,4,1,1,0.8313137489640307
1428,169,random_forest_tuned,4,1,1,0.9212292706791254
1432,104,random_forest_tuned,4,0,0,0.01755480967022776
1433,268,random_forest_tuned,4,1,1,0.5364878806442593
1442,51,random_forest_tuned,4,1,1,0.6871205014256596
1447,93,random_forest_tuned,4,0,0,0.07652357402871203
1453,152,random_forest_tuned,4,1,1,0.8971780866211362
1454,62,random_forest_tuned,4,1,1,0.7656968848900616
1455,182,random_forest_tuned,4,0,1,0.6803519387366578
1457,430,random_forest_tuned,4,1,1,0.8071526381756595
1459,507,random_forest_tuned,4,0,0,0.3595442216838255
1462,463,random_forest_tuned,4,1,1,0.8432231676203232
1475,369,random_forest_tuned,4,1,1,0.7307079383687488
1478,92,random_forest_tuned,4,0,0,0.013084364491257544
1482,268,random_forest_tuned,4,1,1,0.5402487416923695
1489,416,random_forest_tuned,4,1,1,0.7706829672544369
1491,299,random_forest_tuned,4,0,0,0.18405970255957718
1492,311,random_forest_tuned,4,0,0,0.05895961285462966
1500,417,random_forest_tuned,4,0,0,0.03865401417501229
1504,381,random_forest_tuned,4,0,0,0.12875886629986003
1512,471,random_forest_tuned,4,1,1,0.6455771323528424
1531,65,random_forest_tuned,4,0,0,0.3964451255770198
1536,491,random_forest_tuned,4,0,0,0.29128863081000883
1542,128,random_forest_tuned,4,0,0,0.01700097488471731
1552,372,random_forest_tuned,4,0,0,0.12469652089653344
1554,251,random_forest_tuned,4,1,1,0.7969966790800217
1557,238,random_forest_tuned,4,1,0,0.3250770190941667
1564,268,random_forest_tuned,4,1,1,0.5371657008141589
1565,338,random_forest_tuned,4,1,1,0.8356275183734172
1568,477,random_forest_tuned,4,0,0,0.12493188160309965
1569,271,random_forest_tuned,4,0,0,0.42073659583024586
1570,271,random_forest_tuned,4,0,0,0.42673316628206487
1571,81,random_forest_tuned,4,0,0,0.36962928651000826
1572,484,random_forest_tuned,4,1,1,0.6651409018405159
1586,251,random_forest_tuned,4,1,1,0.811179805446603
1594,491,random_forest_tuned,4,0,0,0.28951596592885354
1595,132,random_forest_tuned,4,0,0,0.18277277242838236
1596,250,random_forest_tuned,4,0,0,0.1141389932086287
1606,7,random_forest_tuned,4,0,0,0.046817929977729746
1608,62,random_forest_tuned,4,1,1,0.7659828559765701
1616,278,random_forest_tuned,4,1,0,0.23724808189285834
1617,284,random_forest_tuned,4,0,0,0.1945013636940317
1623,460,random_forest_tuned,4,0,0,0.07729138924408327
1624,387,random_forest_tuned,4,0,0,0.0950599263870018
1625,311,random_forest_tuned,4,0,0,0.05895961285462966
1626,518,random_forest_tuned,4,0,0,0.26948744834941146
1642,407,random_forest_tuned,4,0,0,0.0374391052764619
1645,268,random_forest_tuned,4,1,1,0.5296456710484319
1652,329,random_forest_tuned,4,1,1,0.7565429340808744
1657,3,random_forest_tuned,4,1,1,0.600227759120563
1659,222,random_forest_tuned,4,1,1,0.5489127497015855
1660,506,random_forest_tuned,4,0,0,0.09268715799583498
1666,396,random_forest_tuned,4,1,1,0.9585598022478203
1667,306,random_forest_tuned,4,0,0,0.05432618697481007
1668,329,random_forest_tuned,4,1,1,0.7591681608768358
1671,435,random_forest_tuned,4,1,1,0.8426144069800012
1672,132,random_forest_tuned,4,0,0,0.18602404708293377
1673,511,random_forest_tuned,4,0,0,0.47675012182127513
1687,251,random_forest_tuned,4,1,1,0.813860770594056
1693,268,random_forest_tuned,4,1,1,0.535552306092507
1701,469,random_forest_tuned,4,0,1,0.5450806564884705
1705,91,random_forest_tuned,4,0,0,0.08638728608021139
1712,6,random_forest_tuned,4,0,0,0.36479796362896166
1713,477,random_forest_tuned,4,0,0,0.1184389255088337
1721,268,random_forest_tuned,4,1,1,0.549066901486733
1722,416,random_forest_tuned,4,1,1,0.7855454817461864
1726,271,random_forest_tuned,4,0,0,0.4218248190034664
1741,526,random_forest_tuned,4,0,0,0.10469997387008069
1743,59,random_forest_tuned,4,0,0,0.09461489395431551
1748,506,random_forest_tuned,4,0,0,0.09211319457981737
1749,7,random_forest_tuned,4,0,0,0.042379303942595516
1751,94,random_forest_tuned,4,0,0,0.05861490392792352
1755,152,random_forest_tuned,4,1,1,0.8872301211171015
1757,51,random_forest_tuned,4,1,1,0.6730669704945585
1766,91,random_forest_tuned,4,0,0,0.08038323616581049
1769,128,random_forest_tuned,4,0,0,0.015295618774015796
1773,396,random_forest_tuned,4,1,1,0.9555309554454253
1777,83,random_forest_tuned,4,0,0,0.10558715630196906
1780,81,random_forest_tuned,4,0,0,0.3748208011139079
1791,284,random_forest_tuned,4,0,0,0.1714891603851469
1792,284,random_forest_tuned,4,0,0,0.19224536933696482
1803,92,random_forest_tuned,4,0,0,0.01498943455293295
1804,329,random_forest_tuned,4,1,1,0.7549409183315159
1806,141,random_forest_tuned,4,0,0,0.09561013684065502
1807,233,random_forest_tuned,4,1,1,0.8353021421244022
1822,526,random_forest_tuned,4,0,0,0.10366603828328907
1834,460,random_forest_tuned,4,0,0,0.08232838373794416
1837,518,random_forest_tuned,4,0,0,0.2654809313565017
1842,278,random_forest_tuned,4,1,0,0.22944082543694294
1844,109,random_forest_tuned,4,1,1,0.8427829307701087
1851,488,random_forest_tuned,4,0,0,0.3710686693313055
1854,81,random_forest_tuned,4,0,0,0.3678000323028127
1855,511,random_forest_tuned,4,0,0,0.47206668931419415
1856,135,random_forest_tuned,4,0,0,0.04575781276365685
1857,507,random_forest_tuned,4,0,0,0.36256803809065713
1860,135,random_forest_tuned,4,0,0,0.04883909814761697
1863,239,random_forest_tuned,4,0,0,0.4743556252493414
1865,526,random_forest_tuned,4,0,0,0.10712289851651985
1878,192,random_forest_tuned,4,1,1,0.9760335593007647
1880,278,random_forest_tuned,4,1,0,0.22614617971807777
1882,242,random_forest_tuned,4,0,0,0.11304320640323408
1883,62,random_forest_tuned,4,1,1,0.7623583838135403
1884,329,random_forest_tuned,4,1,1,0.7546859952712014
1891,7,random_forest_tuned,4,0,0,0.04534045443801586
1892,315,random_forest_tuned,4,1,0,0.3286200655315105
1895,268,random_forest_tuned,4,1,1,0.5448047620185932
1900,81,random_forest_tuned,4,0,0,0.3725934189827625
1905,336,random_forest_tuned,4,0,0,0.07557155711096128
1906,284,random_forest_tuned,4,0,0,0.17010267185678765
1907,104,random_forest_tuned,4,0,0,0.014599858590800006
1908,242,random_forest_tuned,4,0,0,0.10327785709428701
1909,438,random_forest_tuned,4,1,1,0.8718986001087415
1913,7,random_forest_tuned,4,0,0,0.04817198259172434
1915,425,random_forest_tuned,4,0,0,0.05509885746949228
1920,216,random_forest_tuned,4,0,1,0.5581212412268816
1922,526,random_forest_tuned,4,0,0,0.10342360022145991
1930,315,random_forest_tuned,4,1,0,0.32319588518413794
1935,110,random_forest_tuned,4,0,0,0.44974984563760223
1941,372,random_forest_tuned,4,0,0,0.12705702479797865
1946,109,random_forest_tuned,4,1,1,0.8445329352770327
1948,477,random_forest_tuned,4,0,0,0.11918883210026515
1949,104,random_forest_tuned,4,0,0,0.01390090186843914
1953,65,random_forest_tuned,4,0,0,0.3888923482950478
1957,233,random_forest_tuned,4,1,1,0.8193231056864291
1975,435,random_forest_tuned,4,1,1,0.8532354150360136
1979,83,random_forest_tuned,4,0,0,0.10871234892435212
1991,438,random_forest_tuned,4,1,1,0.874698473661651
1994,390,random_forest_tuned,4,0,0,0.22273783124698873
1995,169,random_forest_tuned,4,1,1,0.9231589590369901
2010,284,random_forest_tuned,4,0,0,0.17099998762221336
2020,55,random_forest_tuned,4,0,0,0.11258106082638288
0,1,gradient_boosting_tuned,0,0,0,6.679640437544959e-09
9,11,gradient_boosting_tuned,0,0,1,0.9999958367339234
12,14,gradient_boosting_tuned,0,0,0,7.815737252527467e-09
18,21,gradient_boosting_tuned,0,0,0,1.932527235480319e-08
21,25,gradient_boosting_tuned,0,1,0,2.5041182181933467e-07
23,29,gradient_boosting_tuned,0,0,0,3.014572256170267e-08
29,36,gradient_boosting_tuned,0,0,0,5.128165694551722e-10
32,39,gradient_boosting_tuned,0,0,0,6.24139921727285e-10
33,40,gradient_boosting_tuned,0,0,1,0.8958602843969136
34,41,gradient_boosting_tuned,0,0,0,1.9460745847628623e-09
43,52,gradient_boosting_tuned,0,0,0,1.684241248349013e-05
57,75,gradient_boosting_tuned,0,0,0,5.716373675153883e-10
59,77,gradient_boosting_tuned,0,1,0,0.015100445889730144
60,78,gradient_boosting_tuned,0,0,0,2.6292470261289076e-09
61,79,gradient_boosting_tuned,0,0,0,4.925879621556327e-10
64,82,gradient_boosting_tuned,0,0,0,1.750122906021429e-08
76,95,gradient_boosting_tuned,0,0,0,9.934881343127888e-10
78,97,gradient_boosting_tuned,0,1,1,0.9999999709024896
90,111,gradient_boosting_tuned,0,0,0,0.003054970397983711
92,115,gradient_boosting_tuned,0,1,1,0.9945419399823942
102,126,gradient_boosting_tuned,0,0,0,7.246355057147285e-07
103,127,gradient_boosting_tuned,0,0,0,1.7462523115483982e-10
116,145,gradient_boosting_tuned,0,0,0,9.121638463747037e-10
118,147,gradient_boosting_tuned,0,0,0,6.106179522100013e-08
125,155,gradient_boosting_tuned,0,0,0,3.066624542199902e-10
130,160,gradient_boosting_tuned,0,0,0,1.4964603278784703e-05
132,162,gradient_boosting_tuned,0,0,0,0.00023984623135625283
139,170,gradient_boosting_tuned,0,1,1,0.9999996838155378
145,176,gradient_boosting_tuned,0,1,1,0.9999999978417238
153,189,gradient_boosting_tuned,0,0,0,1.8413447316587274e-07
157,194,gradient_boosting_tuned,0,0,0,0.0024444257583117225
161,198,gradient_boosting_tuned,0,0,0,0.002734688913705601
164,202,gradient_boosting_tuned,0,0,0,7.435425143046572e-08
165,203,gradient_boosting_tuned,0,0,0,0.000534328382461708
167,205,gradient_boosting_tuned,0,0,0,2.1933802213045274e-10
169,208,gradient_boosting_tuned,0,0,0,1.894067792175296e-05
180,224,gradient_boosting_tuned,0,0,0,1.0852637745910164e-07
184,229,gradient_boosting_tuned,0,0,0,6.865780485044222e-07
196,244,gradient_boosting_tuned,0,1,0,0.10503373807328595
200,249,gradient_boosting_tuned,0,1,1,0.9999999988418147
203,252,gradient_boosting_tuned,0,0,0,1.4345910001085315e-07
206,255,gradient_boosting_tuned,0,0,0,3.6048052398656415e-10
213,263,gradient_boosting_tuned,0,0,0,1.4125692207835773e-09
225,281,gradient_boosting_tuned,0,0,0,1.11112317982129e-06
226,282,gradient_boosting_tuned,0,0,0,1.576476789020543e-06
230,286,gradient_boosting_tuned,0,0,0,1.8177389581653141e-09
233,289,gradient_boosting_tuned,0,0,0,1.269908868954169e-05
235,291,gradient_boosting_tuned,0,1,0,3.5915976344161e-06
240,298,gradient_boosting_tuned,0,0,0,0.0004295633324442353
261,327,gradient_boosting_tuned,0,0,0,6.463193021296496e-12
266,332,gradient_boosting_tuned,0,0,0,3.2071243307685735e-08
267,333,gradient_boosting_tuned,0,0,0,1.6335612299849932e-10
269,335,gradient_boosting_tuned,0,0,0,0.00026850948344937374
273,340,gradient_boosting_tuned,0,0,0,2.4601544521308045e-05
274,342,gradient_boosting_tuned,0,1,1,0.9977083134602883
280,350,gradient_boosting_tuned,0,0,0,0.00026020911179633766
283,353,gradient_boosting_tuned,0,1,0,7.908741710022707e-07
286,358,gradient_boosting_tuned,0,0,0,6.918584464844759e-09
289,362,gradient_boosting_tuned,0,0,0,1.7595249264153276e-09
292,365,gradient_boosting_tuned,0,0,0,4.015799193451026e-08
298,374,gradient_boosting_tuned,0,0,0,2.0037499339560628e-06
306,386,gradient_boosting_tuned,0,0,1,0.5440537912546772
308,388,gradient_boosting_tuned,0,1,1,0.999999921793966
311,391,gradient_boosting_tuned,0,1,1,0.9999706829798358
313,395,gradient_boosting_tuned,0,0,0,0.0007612434684917331
319,404,gradient_boosting_tuned,0,1,1,0.9959070282957031
325,410,gradient_boosting_tuned,0,0,0,1.9959334559123534e-08
328,413,gradient_boosting_tuned,0,1,1,0.9999999999684224
333,418,gradient_boosting_tuned,0,0,0,8.965021858979906e-08
341,426,gradient_boosting_tuned,0,1,1,0.9999999964696056
343,428,gradient_boosting_tuned,0,1,1,0.9999843861393712
353,439,gradient_boosting_tuned,0,1,1,0.9999996363253879
354,441,gradient_boosting_tuned,0,0,0,5.592074244486906e-06
361,450,gradient_boosting_tuned,0,1,0,0.002801534009960864
364,454,gradient_boosting_tuned,0,1,1,0.9972574291382542
366,457,gradient_boosting_tuned,0,1,1,0.9999944771275766
391,489,gradient_boosting_tuned,0,0,0,0.02053302100473208
397,495,gradient_boosting_tuned,0,0,0,0.010324239968620577
398,496,gradient_boosting_tuned,0,1,1,0.9999999999963112
399,497,gradient_boosting_tuned,0,0,0,3.413676316670524e-09
411,512,gradient_boosting_tuned,0,0,0,0.00024121578513988965
418,520,gradient_boosting_tuned,0,0,0,1.4463881923289034e-07
420,525,gradient_boosting_tuned,0,1,0,0.12431868659460049
422,527,gradient_boosting_tuned,0,0,0,6.409632729488015e-08
428,536,gradient_boosting_tuned,0,0,0,0.13917711602586483
430,539,gradient_boosting_tuned,0,0,0,8.005602086977857e-10
449,289,gradient_boosting_tuned,0,0,0,1.269908868954169e-05
456,29,gradient_boosting_tuned,0,0,0,3.014572256170267e-08
460,489,gradient_boosting_tuned,0,0,0,0.02053302100473208
480,374,gradient_boosting_tuned,0,0,0,1.140494230321235e-06
482,170,gradient_boosting_tuned,0,1,1,0.9999996838155378
485,198,gradient_boosting_tuned,0,0,0,0.0027265240252992476
487,388,gradient_boosting_tuned,0,1,1,0.999999921793966
489,202,gradient_boosting_tuned,0,0,0,8.376831125502803e-08
510,489,gradient_boosting_tuned,0,0,0,0.02053302100473208
512,281,gradient_boosting_tuned,0,0,0,9.639814709730205e-07
513,95,gradient_boosting_tuned,0,0,0,9.934881343127888e-10
521,249,gradient_boosting_tuned,0,1,1,0.9999999988418167
529,111,gradient_boosting_tuned,0,0,0,0.003054970397983711
532,229,gradient_boosting_tuned,0,0,0,6.865780485044222e-07
535,327,gradient_boosting_tuned,0,0,0,9.507391701553114e-12
540,439,gradient_boosting_tuned,0,1,1,0.9999996079831186
541,208,gradient_boosting_tuned,0,0,0,1.894067792175296e-05
543,350,gradient_boosting_tuned,0,0,0,0.00026020911179633766
545,25,gradient_boosting_tuned,0,1,0,2.5041182181933467e-07
552,489,gradient_boosting_tuned,0,0,0,0.02053302100473208
556,298,gradient_boosting_tuned,0,0,0,0.0003802585814295267
557,395,gradient_boosting_tuned,0,0,0,0.0006289133887934598
561,342,gradient_boosting_tuned,0,1,1,0.9965817148952423
567,291,gradient_boosting_tuned,0,1,0,1.0136443455544122e-06
568,198,gradient_boosting_tuned,0,0,0,0.003109639974299839
569,255,gradient_boosting_tuned,0,0,0,3.6048052398656415e-10
580,115,gradient_boosting_tuned,0,1,1,0.9945419399823942
582,147,gradient_boosting_tuned,0,0,0,1.4715717157115534e-08
586,358,gradient_boosting_tuned,0,0,0,6.918584464844759e-09
589,342,gradient_boosting_tuned,0,1,1,0.9977083134602883
598,202,gradient_boosting_tuned,0,0,0,7.435425143046572e-08
614,14,gradient_boosting_tuned,0,0,0,7.815737252527467e-09
617,282,gradient_boosting_tuned,0,0,0,1.826823099273702e-06
626,208,gradient_boosting_tuned,0,0,0,1.894067792175296e-05
632,374,gradient_boosting_tuned,0,0,0,1.0324423112320761e-06
633,291,gradient_boosting_tuned,0,1,0,4.139815861373753e-06
636,450,gradient_boosting_tuned,0,1,0,0.002801534009960864
637,327,gradient_boosting_tuned,0,0,0,6.463193021296496e-12
640,95,gradient_boosting_tuned,0,0,0,6.617816487303133e-10
644,202,gradient_boosting_tuned,0,0,0,1.1065941454999258e-07
646,14,gradient_boosting_tuned,0,0,0,7.815737252527467e-09
654,281,gradient_boosting_tuned,0,0,0,8.879364829038146e-07
660,358,gradient_boosting_tuned,0,0,0,7.818096149098324e-09
668,127,gradient_boosting_tuned,0,0,0,1.7462523115483982e-10
675,340,gradient_boosting_tuned,0,0,0,2.8596903830622516e-05
678,229,gradient_boosting_tuned,0,0,0,6.865780485044222e-07
680,25,gradient_boosting_tuned,0,1,0,2.5041182181933467e-07
684,418,gradient_boosting_tuned,0,0,0,1.0302503616149171e-07
686,249,gradient_boosting_tuned,0,1,1,0.9999999976354779
688,202,gradient_boosting_tuned,0,0,0,7.435425143046572e-08
690,198,gradient_boosting_tuned,0,0,0,0.0022353922458843473
695,224,gradient_boosting_tuned,0,0,0,1.0663294941020841e-07
698,520,gradient_boosting_tuned,0,0,0,1.6344386357543514e-07
702,1,gradient_boosting_tuned,0,0,0,7.862555208277533e-09
705,75,gradient_boosting_tuned,0,0,0,5.716373675153883e-10
708,97,gradient_boosting_tuned,0,1,1,0.9999999753930914
727,539,gradient_boosting_tuned,0,0,0,9.841019620015283e-10
732,52,gradient_boosting_tuned,0,0,0,1.956781943973206e-05
734,395,gradient_boosting_tuned,0,0,0,0.00048230526317923745
740,170,gradient_boosting_tuned,0,1,1,0.9999994422741365
744,115,gradient_boosting_tuned,0,1,1,0.9913849379704702
745,335,gradient_boosting_tuned,0,0,0,0.00021436801363273144
751,457,gradient_boosting_tuned,0,1,1,0.9999941975962939
752,126,gradient_boosting_tuned,0,0,0,6.431994827238284e-07
757,291,gradient_boosting_tuned,0,1,0,1.8310404167901293e-06
764,36,gradient_boosting_tuned,0,0,0,5.25268362696555e-10
766,244,gradient_boosting_tuned,0,1,0,0.11884137872063089
769,282,gradient_boosting_tuned,0,0,0,1.980223396390314e-06
776,386,gradient_boosting_tuned,0,0,1,0.5440537912546772
780,79,gradient_boosting_tuned,0,0,0,5.578706248583962e-10
785,388,gradient_boosting_tuned,0,1,1,0.999999921793966
786,126,gradient_boosting_tuned,0,0,0,4.3458141307370463e-07
787,198,gradient_boosting_tuned,0,0,0,0.003548367795469019
797,497,gradient_boosting_tuned,0,0,0,3.3540963431947623e-09
800,525,gradient_boosting_tuned,0,1,0,0.09349301945120235
801,289,gradient_boosting_tuned,0,0,0,1.269908868954169e-05
803,410,gradient_boosting_tuned,0,0,0,1.9959334559123534e-08
806,333,gradient_boosting_tuned,0,0,0,1.3526180376889102e-10
807,147,gradient_boosting_tuned,0,0,0,1.5180948467697668e-08
809,77,gradient_boosting_tuned,0,1,0,0.016968864675827817
816,286,gradient_boosting_tuned,0,0,0,1.8177389581653141e-09
817,75,gradient_boosting_tuned,0,0,0,5.716373675153883e-10
823,29,gradient_boosting_tuned,0,0,0,3.014572256170267e-08
842,410,gradient_boosting_tuned,0,0,0,1.776576522116541e-08
847,1,gradient_boosting_tuned,0,0,0,8.674176867160795e-09
852,21,gradient_boosting_tuned,0,0,0,2.2208388728899787e-08
859,39,gradient_boosting_tuned,0,0,0,6.970956627649999e-10
862,263,gradient_boosting_tuned,0,0,0,1.4125692207835773e-09
863,332,gradient_boosting_tuned,0,0,0,3.887978694653801e-08
865,342,gradient_boosting_tuned,0,1,1,0.9960620034897991
869,333,gradient_boosting_tuned,0,0,0,1.3526180376889102e-10
873,194,gradient_boosting_tuned,0,0,0,0.0021704252193553626
874,333,gradient_boosting_tuned,0,0,0,1.3526180376889102e-10
887,353,gradient_boosting_tuned,0,1,0,9.08863724198101e-07
888,497,gradient_boosting_tuned,0,0,0,3.3540963431947623e-09
890,289,gradient_boosting_tuned,0,0,0,1.269908868954169e-05
891,395,gradient_boosting_tuned,0,0,0,0.0009620547065960796
896,404,gradient_boosting_tuned,0,1,1,0.9972108430532153
901,155,gradient_boosting_tuned,0,0,0,3.066624542199902e-10
905,1,gradient_boosting_tuned,0,0,0,7.699218948722988e-09
907,145,gradient_boosting_tuned,0,0,0,9.121638463747037e-10
916,418,gradient_boosting_tuned,0,0,0,7.324530436783272e-08
917,229,gradient_boosting_tuned,0,0,0,6.865780485044222e-07
923,496,gradient_boosting_tuned,0,1,1,0.9999999999957501
926,291,gradient_boosting_tuned,0,1,0,3.7051440889351847e-06
931,14,gradient_boosting_tuned,0,0,0,7.169914771591192e-09
934,198,gradient_boosting_tuned,0,0,0,0.0025680315647541837
936,386,gradient_boosting_tuned,0,0,0,0.48068038469321783
945,189,gradient_boosting_tuned,0,0,0,2.1293625534661265e-07
962,298,gradient_boosting_tuned,0,0,0,0.0004295633324442353
964,111,gradient_boosting_tuned,0,0,0,0.003054970397983711
965,454,gradient_boosting_tuned,0,1,1,0.9949357004988019
978,450,gradient_boosting_tuned,0,1,0,0.002801534009960864
980,39,gradient_boosting_tuned,0,0,0,7.172546801479943e-10
984,25,gradient_boosting_tuned,0,1,0,2.277741433470415e-07
988,82,gradient_boosting_tuned,0,0,0,1.9200789291003817e-08
989,155,gradient_boosting_tuned,0,0,0,3.066624542199902e-10
998,404,gradient_boosting_tuned,0,1,1,0.9959070282957031
1003,52,gradient_boosting_tuned,0,0,0,1.8945566125207127e-05
1021,350,gradient_boosting_tuned,0,0,0,0.00026020911179633766
1025,79,gradient_boosting_tuned,0,0,0,5.578706248583962e-10
1032,374,gradient_boosting_tuned,0,0,0,1.2432229135533453e-06
1038,282,gradient_boosting_tuned,0,0,0,1.826823099273702e-06
1057,11,gradient_boosting_tuned,0,0,1,0.9999963772115552
1067,79,gradient_boosting_tuned,0,0,0,6.430238468700984e-10
1074,111,gradient_boosting_tuned,0,0,0,0.003054970397983711
1080,21,gradient_boosting_tuned,0,0,0,2.2747634679601396e-08
1083,75,gradient_boosting_tuned,0,0,0,6.569193267855987e-10
1085,374,gradient_boosting_tuned,0,0,0,1.6640269875520074e-06
1092,286,gradient_boosting_tuned,0,0,0,1.8177389581653141e-09
1099,244,gradient_boosting_tuned,0,1,0,0.11972788785838488
1108,82,gradient_boosting_tuned,0,0,0,1.750122906021429e-08
1111,52,gradient_boosting_tuned,0,0,0,1.702849745294165e-05
1117,289,gradient_boosting_tuned,0,0,0,1.269908868954169e-05
1120,41,gradient_boosting_tuned,0,0,0,2.2364073422831805e-09
1121,1,gradient_boosting_tuned,0,0,0,7.3893196432998455e-09
1126,495,gradient_boosting_tuned,0,0,0,0.007587999970959428
1129,374,gradient_boosting_tuned,0,0,0,1.6552112264093809e-06
1130,495,gradient_boosting_tuned,0,0,0,0.010324239968620577
1135,525,gradient_boosting_tuned,0,1,1,0.9955859301425539
1143,36,gradient_boosting_tuned,0,0,0,5.794898176877736e-10
1150,229,gradient_boosting_tuned,0,0,0,6.535019326791916e-07
1155,115,gradient_boosting_tuned,0,1,1,0.9922238353776951
1157,14,gradient_boosting_tuned,0,0,0,7.815737252527467e-09
1168,289,gradient_boosting_tuned,0,0,0,1.269908868954169e-05
1171,340,gradient_boosting_tuned,0,0,0,2.4601544521308045e-05
1176,36,gradient_boosting_tuned,0,0,0,4.734501270655661e-10
1178,536,gradient_boosting_tuned,0,0,0,0.13917711602586483
1180,82,gradient_boosting_tuned,0,0,0,1.3422248845576915e-08
1181,39,gradient_boosting_tuned,0,0,0,6.970956627649999e-10
1186,395,gradient_boosting_tuned,0,0,0,0.0004724482379182893
1188,25,gradient_boosting_tuned,0,1,0,2.5041182181933467e-07
1190,365,gradient_boosting_tuned,0,0,0,3.48400207548136e-08
1209,457,gradient_boosting_tuned,0,1,1,0.9999944771275766
1217,97,gradient_boosting_tuned,0,1,1,0.9999999584222732
1225,97,gradient_boosting_tuned,0,1,1,0.999999942322426
1228,342,gradient_boosting_tuned,0,1,1,0.997359434719631
1229,281,gradient_boosting_tuned,0,0,0,9.639814709730205e-07
1234,244,gradient_boosting_tuned,0,1,0,0.1355263449688108
1237,198,gradient_boosting_tuned,0,0,0,0.003168894305456487
1252,333,gradient_boosting_tuned,0,0,0,1.6335612299849932e-10
1259,82,gradient_boosting_tuned,0,0,0,2.0172611900842846e-08
1261,29,gradient_boosting_tuned,0,0,0,3.464313008332409e-08
1271,450,gradient_boosting_tuned,0,1,0,0.002801534009960864
1273,289,gradient_boosting_tuned,0,0,0,1.269908868954169e-05
1274,52,gradient_boosting_tuned,0,0,0,1.805469087970369e-05
1278,155,gradient_boosting_tuned,0,0,0,2.6950592189465653e-10
1288,365,gradient_boosting_tuned,0,0,0,4.015799193451026e-08
1293,413,gradient_boosting_tuned,0,1,1,0.9999999999487037
1299,342,gradient_boosting_tuned,0,1,1,0.9969005642060834
1300,497,gradient_boosting_tuned,0,0,0,2.9727418963381744e-09
1303,520,gradient_boosting_tuned,0,0,0,1.4463881923289034e-07
1307,244,gradient_boosting_tuned,0,1,0,0.10503373807328595
1311,388,gradient_boosting_tuned,0,1,1,0.9999998825833001
1312,52,gradient_boosting_tuned,0,0,0,1.8945566125207127e-05
1321,205,gradient_boosting_tuned,0,0,0,2.1933802213045274e-10
1324,41,gradient_boosting_tuned,0,0,0,1.9460745847628623e-09
1326,395,gradient_boosting_tuned,0,0,0,0.0006289133887934598
1328,335,gradient_boosting_tuned,0,0,0,0.00020632963456927074
1335,111,gradient_boosting_tuned,0,0,0,0.003054970397983711
1341,111,gradient_boosting_tuned,0,0,0,0.003054970397983711
1345,160,gradient_boosting_tuned,0,0,0,1.4964603278784703e-05
1348,340,gradient_boosting_tuned,0,0,0,2.4601544521308045e-05
1352,39,gradient_boosting_tuned,0,0,0,6.24139921727285e-10
1354,194,gradient_boosting_tuned,0,0,0,0.0010572796065010134
1360,342,gradient_boosting_tuned,0,1,1,0.9960620034897991
1362,327,gradient_boosting_tuned,0,0,0,6.463193021296496e-12
1381,127,gradient_boosting_tuned,0,0,0,1.967346933406448e-10
1384,170,gradient_boosting_tuned,0,1,1,0.9999996838155378
1387,97,gradient_boosting_tuned,0,1,1,0.999999942322426
1391,170,gradient_boosting_tuned,0,1,1,0.9999996838155378
1411,539,gradient_boosting_tuned,0,0,0,9.841019620015283e-10
1414,281,gradient_boosting_tuned,0,0,0,1.263943434403795e-06
1415,512,gradient_boosting_tuned,0,0,0,0.00024121578513988965
1422,358,gradient_boosting_tuned,0,0,0,7.950760574673564e-09
1423,428,gradient_boosting_tuned,0,1,1,0.9999839486468618
1426,147,gradient_boosting_tuned,0,0,0,6.106179522100013e-08
1431,224,gradient_boosting_tuned,0,0,0,7.815586796245381e-08
1436,289,gradient_boosting_tuned,0,0,0,1.269908868954169e-05
1437,194,gradient_boosting_tuned,0,0,0,0.0024932641134811574
1439,374,gradient_boosting_tuned,0,0,0,1.6552112264093809e-06
1443,525,gradient_boosting_tuned,0,1,0,0.11039055474801927
1445,395,gradient_boosting_tuned,0,0,0,0.000799074569090349
1446,520,gradient_boosting_tuned,0,0,0,1.4463881923289034e-07
1448,527,gradient_boosting_tuned,0,0,0,7.365878819285087e-08
1449,457,gradient_boosting_tuned,0,1,1,0.9999939796636822
1451,36,gradient_boosting_tuned,0,0,0,4.189772840801365e-10
1456,525,gradient_boosting_tuned,0,1,0,0.09942499882169906
1458,520,gradient_boosting_tuned,0,0,0,1.6344386357543514e-07
1460,111,gradient_boosting_tuned,0,0,0,0.003054970397983711
1472,224,gradient_boosting_tuned,0,0,0,1.0663294941020841e-07
1477,52,gradient_boosting_tuned,0,0,0,1.702849745294165e-05
1480,145,gradient_boosting_tuned,0,0,0,9.121638463747037e-10
1495,198,gradient_boosting_tuned,0,0,0,0.003298613208087271
1499,155,gradient_boosting_tuned,0,0,0,3.066624542199902e-10
1502,97,gradient_boosting_tuned,0,1,1,0.9999999603004419
1508,203,gradient_boosting_tuned,0,0,0,0.001282155887278195
1523,263,gradient_boosting_tuned,0,0,0,1.4125692207835773e-09
1526,78,gradient_boosting_tuned,0,0,0,2.6292470261289076e-09
1528,111,gradient_boosting_tuned,0,0,0,0.003054970397983711
1537,29,gradient_boosting_tuned,0,0,0,3.014572256170267e-08
1540,198,gradient_boosting_tuned,0,0,0,0.002734688913705601
1545,203,gradient_boosting_tuned,0,0,0,0.0006452385261768389
1553,170,gradient_boosting_tuned,0,1,1,0.9999996574435123
1563,263,gradient_boosting_tuned,0,0,0,1.0136842411282585e-09
1567,512,gradient_boosting_tuned,0,0,0,0.0002470713427948245
1574,374,gradient_boosting_tuned,0,0,0,1.2432229135533453e-06
1577,536,gradient_boosting_tuned,0,0,0,0.1441200223522664
1578,291,gradient_boosting_tuned,0,1,0,1.8310404167901293e-06
1579,289,gradient_boosting_tuned,0,0,0,1.1780972919399166e-05
1592,340,gradient_boosting_tuned,0,0,0,2.7876001977351295e-05
1597,162,gradient_boosting_tuned,0,0,0,0.00014043233666052543
1598,520,gradient_boosting_tuned,0,0,0,1.4463881923289034e-07
1601,489,gradient_boosting_tuned,0,0,0,0.02352425831449281
1603,202,gradient_boosting_tuned,0,0,0,8.547182789426219e-08
1605,281,gradient_boosting_tuned,0,0,0,1.11112317982129e-06
1611,29,gradient_boosting_tuned,0,0,0,3.464313008332409e-08
1613,388,gradient_boosting_tuned,0,1,1,0.9999998825833001
1614,263,gradient_boosting_tuned,0,0,0,1.4125692207835773e-09
1619,388,gradient_boosting_tuned,0,1,1,0.9999998825833001
1627,82,gradient_boosting_tuned,0,0,0,2.0172611900842846e-08
1628,111,gradient_boosting_tuned,0,0,0,0.003054970397983711
1633,255,gradient_boosting_tuned,0,0,0,4.1550417414684514e-10
1634,1,gradient_boosting_tuned,0,0,0,7.699218948722988e-09
1636,229,gradient_boosting_tuned,0,0,0,6.865780485044222e-07
1639,39,gradient_boosting_tuned,0,0,0,6.318701144542924e-10
1644,176,gradient_boosting_tuned,0,1,1,0.9999999978417238
1649,255,gradient_boosting_tuned,0,0,0,3.306936439520351e-10
1658,198,gradient_boosting_tuned,0,0,0,0.002800904412950084
1686,286,gradient_boosting_tuned,0,0,0,2.0889254627248953e-09
1689,127,gradient_boosting_tuned,0,0,0,1.873199765758285e-10
1696,41,gradient_boosting_tuned,0,0,0,2.699639238266083e-09
1706,539,gradient_boosting_tuned,0,0,0,8.166039379585213e-10
1707,224,gradient_boosting_tuned,0,0,0,1.2290937211484473e-07
1708,202,gradient_boosting_tuned,0,0,0,8.376831125502803e-08
1715,39,gradient_boosting_tuned,0,0,0,6.24139921727285e-10
1717,194,gradient_boosting_tuned,0,0,0,0.002170449019127211
1723,395,gradient_boosting_tuned,0,0,0,0.0009620547065960796
1724,21,gradient_boosting_tuned,0,0,0,1.9794512830621343e-08
1733,454,gradient_boosting_tuned,0,1,1,0.9972574291382542
1747,126,gradient_boosting_tuned,0,0,0,4.994161107167949e-07
1754,441,gradient_boosting_tuned,0,0,0,5.494474538262124e-06
1756,404,gradient_boosting_tuned,0,1,1,0.9939503860048505
1767,40,gradient_boosting_tuned,0,0,1,0.8958602843969136
1770,208,gradient_boosting_tuned,0,0,0,1.894067792175296e-05
1771,14,gradient_boosting_tuned,0,0,0,7.815737252527467e-09
1775,332,gradient_boosting_tuned,0,0,0,3.63216437341861e-08
1790,525,gradient_boosting_tuned,0,1,0,0.12431868659460049
1796,512,gradient_boosting_tuned,0,0,0,0.00035286320130764246
1799,512,gradient_boosting_tuned,0,0,0,0.00027719253144782937
1811,358,gradient_boosting_tuned,0,0,0,6.918584464844759e-09
1812,536,gradient_boosting_tuned,0,0,0,0.11038824408909953
1813,252,gradient_boosting_tuned,0,0,0,1.6963945600279202e-07
1815,391,gradient_boosting_tuned,0,1,1,0.999974778946223
1818,1,gradient_boosting_tuned,0,0,0,8.152090995764365e-09
1824,205,gradient_boosting_tuned,0,0,0,2.0121389359001561e-10
1826,52,gradient_boosting_tuned,0,0,0,2.034056551066647e-05
1828,145,gradient_boosting_tuned,0,0,0,8.68220034319369e-10
1830,527,gradient_boosting_tuned,0,0,0,7.902549630436702e-08
1831,115,gradient_boosting_tuned,0,1,1,0.9951986926823525
1833,255,gradient_boosting_tuned,0,0,0,3.6048052398656415e-10
1836,495,gradient_boosting_tuned,0,0,0,0.009479224049970557
1839,95,gradient_boosting_tuned,0,0,0,9.934881343127888e-10
1847,160,gradient_boosting_tuned,0,0,0,1.8072744171954642e-05
1849,439,gradient_boosting_tuned,0,1,1,0.9999996079831186
1853,205,gradient_boosting_tuned,0,0,0,2.1933802213045274e-10
1858,418,gradient_boosting_tuned,0,0,0,1.1058858059127571e-07
1862,155,gradient_boosting_tuned,0,0,0,3.066624542199902e-10
1864,282,gradient_boosting_tuned,0,0,0,1.980223396390314e-06
1872,145,gradient_boosting_tuned,0,0,0,9.238528265612555e-10
1879,194,gradient_boosting_tuned,0,0,0,0.0022183397802719826
1889,426,gradient_boosting_tuned,0,1,1,0.9999999966688096
1897,79,gradient_boosting_tuned,0,0,0,6.430238468700984e-10
1901,395,gradient_boosting_tuned,0,0,0,0.0005777744751151377
1902,189,gradient_boosting_tuned,0,0,0,1.984472828234552e-07
1904,155,gradient_boosting_tuned,0,0,0,3.066624542199902e-10
1919,208,gradient_boosting_tuned,0,0,0,1.894067792175296e-05
1931,525,gradient_boosting_tuned,0,1,0,0.12668926905301375
1933,78,gradient_boosting_tuned,0,0,0,2.6292470261289076e-09
1938,439,gradient_boosting_tuned,0,1,1,0.9999996079831186
1940,255,gradient_boosting_tuned,0,0,0,3.6048052398656415e-10
1942,115,gradient_boosting_tuned,0,1,1,0.9898287359104628
1944,282,gradient_boosting_tuned,0,0,0,1.5489620830588566e-06
1947,457,gradient_boosting_tuned,0,1,1,0.9999944771275766
1954,439,gradient_boosting_tuned,0,1,1,0.9999996363253879
1955,332,gradient_boosting_tuned,0,0,0,3.63216437341861e-08
1964,358,gradient_boosting_tuned,0,0,0,8.984469429948812e-09
1965,263,gradient_boosting_tuned,0,0,0,1.0136842411282585e-09
1967,176,gradient_boosting_tuned,0,1,1,0.9999999978285754
1981,428,gradient_boosting_tuned,0,1,1,0.9999822211525023
1986,255,gradient_boosting_tuned,0,0,0,3.6048052398656415e-10
1990,14,gradient_boosting_tuned,0,0,0,7.169914771591192e-09
1992,327,gradient_boosting_tuned,0,0,0,6.463193021296496e-12
1999,1,gradient_boosting_tuned,0,0,0,8.315317643508652e-09
2004,489,gradient_boosting_tuned,0,0,0,0.02053302100473208
2005,426,gradient_boosting_tuned,0,1,1,0.9999999966688096
2013,82,gradient_boosting_tuned,0,0,0,1.3422248845576915e-08
2014,350,gradient_boosting_tuned,0,0,0,0.00029402994876731847
2019,365,gradient_boosting_tuned,0,0,0,4.015799193451026e-08
2021,162,gradient_boosting_tuned,0,0,0,0.0003293674145785701
3,5,gradient_boosting_tuned,1,0,0,8.432390664532032e-06
7,9,gradient_boosting_tuned,1,0,0,4.2747616002108923e-08
8,10,gradient_boosting_tuned,1,0,0,3.355556376980507e-05
10,12,gradient_boosting_tuned,1,0,0,1.7979803379847876e-07
15,18,gradient_boosting_tuned,1,0,0,1.9238027692005138e-08
16,19,gradient_boosting_tuned,1,0,0,1.4798599442317974e-07
17,20,gradient_boosting_tuned,1,1,1,0.9999992376991109
19,22,gradient_boosting_tuned,1,0,0,0.0029097280891490574
27,34,gradient_boosting_tuned,1,0,0,2.6912860546477146e-08
36,44,gradient_boosting_tuned,1,0,0,5.6059946528514866e-08
38,47,gradient_boosting_tuned,1,1,1,0.8692723589561115
40,49,gradient_boosting_tuned,1,0,0,1.4423203664640617e-06
47,57,gradient_boosting_tuned,1,0,0,2.718887791337991e-09
48,58,gradient_boosting_tuned,1,0,0,8.444926923015872e-09
50,60,gradient_boosting_tuned,1,0,0,1.9486573170170044e-05
54,71,gradient_boosting_tuned,1,0,0,4.950173495033389e-08
55,72,gradient_boosting_tuned,1,0,0,1.0603982036831966e-07
66,84,gradient_boosting_tuned,1,0,0,3.965367549308479e-09
69,87,gradient_boosting_tuned,1,0,0,0.003859408487729295
79,99,gradient_boosting_tuned,1,0,0,3.9033969131105276e-09
85,106,gradient_boosting_tuned,1,1,0,0.12585464911737923
95,118,gradient_boosting_tuned,1,1,1,0.9999999417224262
96,120,gradient_boosting_tuned,1,0,0,1.4850447006873496e-06
108,134,gradient_boosting_tuned,1,1,1,0.9997852049897936
111,138,gradient_boosting_tuned,1,0,0,1.924161387241916e-06
113,142,gradient_boosting_tuned,1,1,1,0.9999999809617767
114,143,gradient_boosting_tuned,1,1,0,0.39976599957551817
115,144,gradient_boosting_tuned,1,0,0,1.1207391608208342e-11
123,153,gradient_boosting_tuned,1,1,1,0.7121261842313588
135,166,gradient_boosting_tuned,1,0,0,2.3501343959623724e-09
141,172,gradient_boosting_tuned,1,1,1,0.999995483228857
144,175,gradient_boosting_tuned,1,0,0,3.190550865756881e-07
147,180,gradient_boosting_tuned,1,0,0,9.614328187850848e-07
148,181,gradient_boosting_tuned,1,1,1,0.9982517710485833
151,185,gradient_boosting_tuned,1,0,0,0.000304824615427037
152,186,gradient_boosting_tuned,1,0,0,0.0006445429679167948
160,197,gradient_boosting_tuned,1,1,1,0.9999964936840323
166,204,gradient_boosting_tuned,1,1,1,0.9999999984415329
172,212,gradient_boosting_tuned,1,1,1,0.999984328302846
173,213,gradient_boosting_tuned,1,0,0,3.305424176481443e-05
179,223,gradient_boosting_tuned,1,1,1,0.9999999956188403
183,227,gradient_boosting_tuned,1,0,1,0.9999989714786737
193,241,gradient_boosting_tuned,1,1,1,0.9989001113765715
198,246,gradient_boosting_tuned,1,1,1,0.9994345835571646
204,253,gradient_boosting_tuned,1,1,1,0.9802620597826999
216,266,gradient_boosting_tuned,1,0,0,6.44070075219039e-09
217,267,gradient_boosting_tuned,1,0,0,2.2984200952008223e-10
219,269,gradient_boosting_tuned,1,0,0,1.3656635612239797e-05
220,270,gradient_boosting_tuned,1,1,0,0.00044434383087181545
229,285,gradient_boosting_tuned,1,0,0,1.2704048402013988e-08
231,287,gradient_boosting_tuned,1,0,0,1.7910425761723984e-08
237,295,gradient_boosting_tuned,1,1,1,0.9999999989607633
242,301,gradient_boosting_tuned,1,1,0,3.018755981701122e-08
253,316,gradient_boosting_tuned,1,0,0,5.865180389915266e-06
255,319,gradient_boosting_tuned,1,0,0,9.381491709646635e-05
268,334,gradient_boosting_tuned,1,0,0,2.9414317173367027e-07
278,346,gradient_boosting_tuned,1,0,0,4.4193585584045033e-07
279,347,gradient_boosting_tuned,1,1,1,0.999999999266286
281,351,gradient_boosting_tuned,1,0,0,0.0005992959255019648
284,354,gradient_boosting_tuned,1,0,0,1.7767983844804834e-05
285,355,gradient_boosting_tuned,1,0,0,0.0906823489606982
287,360,gradient_boosting_tuned,1,0,0,9.090857983726257e-09
290,363,gradient_boosting_tuned,1,0,0,2.0767195973397242e-08
291,364,gradient_boosting_tuned,1,0,0,6.416094068199715e-08
293,366,gradient_boosting_tuned,1,0,0,0.00034589554941968215
299,375,gradient_boosting_tuned,1,0,0,3.391291848940005e-07
300,376,gradient_boosting_tuned,1,1,1,0.9999762369860183
323,408,gradient_boosting_tuned,1,0,0,7.923717547472783e-08
330,415,gradient_boosting_tuned,1,1,1,0.9999999877667257
336,421,gradient_boosting_tuned,1,1,1,0.9860509274582295
350,436,gradient_boosting_tuned,1,0,0,6.809917339628789e-09
355,442,gradient_boosting_tuned,1,0,0,0.001784742432080527
359,448,gradient_boosting_tuned,1,1,0,0.004781175027213811
362,451,gradient_boosting_tuned,1,1,1,0.9999999292537604
379,473,gradient_boosting_tuned,1,1,1,0.9999996434149961
389,487,gradient_boosting_tuned,1,1,1,0.9996815598688173
395,493,gradient_boosting_tuned,1,0,0,2.655505480070369e-06
396,494,gradient_boosting_tuned,1,1,1,0.9999970469011656
400,498,gradient_boosting_tuned,1,0,0,8.588087799023026e-06
404,505,gradient_boosting_tuned,1,0,0,0.00035514986523116994
407,508,gradient_boosting_tuned,1,0,0,0.004144865391407217
408,509,gradient_boosting_tuned,1,0,0,5.814262095608551e-09
409,510,gradient_boosting_tuned,1,1,1,0.9999047750118183
413,514,gradient_boosting_tuned,1,0,0,6.158442849052322e-09
419,524,gradient_boosting_tuned,1,1,0,0.23754721889315927
425,531,gradient_boosting_tuned,1,0,1,0.967570478818642
433,360,gradient_boosting_tuned,1,0,0,9.090857983726257e-09
434,10,gradient_boosting_tuned,1,0,0,3.355556376980507e-05
436,71,gradient_boosting_tuned,1,0,0,4.950173495033389e-08
437,473,gradient_boosting_tuned,1,1,1,0.9999996434149961
440,487,gradient_boosting_tuned,1,1,1,0.9996815598688173
441,175,gradient_boosting_tuned,1,0,0,3.190550865756881e-07
450,266,gradient_boosting_tuned,1,0,0,6.44070075219039e-09
467,58,gradient_boosting_tuned,1,0,0,8.444926923015872e-09
469,120,gradient_boosting_tuned,1,0,0,1.4850447006873496e-06
474,204,gradient_boosting_tuned,1,1,1,0.9999999984415329
478,181,gradient_boosting_tuned,1,1,1,0.9982517710485833
479,144,gradient_boosting_tuned,1,0,0,9.241024298667401e-12
493,99,gradient_boosting_tuned,1,0,0,3.9033969131105276e-09
499,87,gradient_boosting_tuned,1,0,0,0.003859408487729295
500,44,gradient_boosting_tuned,1,0,0,6.546568156688309e-08
501,12,gradient_boosting_tuned,1,0,0,1.7979803379847876e-07
507,175,gradient_boosting_tuned,1,0,0,3.190550865756881e-07
509,185,gradient_boosting_tuned,1,0,0,0.000304824615427037
511,287,gradient_boosting_tuned,1,0,0,2.2089262899418366e-08
514,227,gradient_boosting_tuned,1,0,1,0.9999986940909099
515,270,gradient_boosting_tuned,1,1,0,0.00044434383087181545
518,20,gradient_boosting_tuned,1,1,1,0.9999992376991109
520,451,gradient_boosting_tuned,1,1,1,0.9999999292537604
522,181,gradient_boosting_tuned,1,1,1,0.9980272921210461
527,153,gradient_boosting_tuned,1,1,1,0.708383982872652
530,118,gradient_boosting_tuned,1,1,1,0.9999999417224262
533,508,gradient_boosting_tuned,1,0,0,0.004144865391407217
539,153,gradient_boosting_tuned,1,1,1,0.7121261842313588
549,12,gradient_boosting_tuned,1,0,0,1.7979803379847876e-07
550,213,gradient_boosting_tuned,1,0,0,2.3739573099650948e-05
555,175,gradient_boosting_tuned,1,0,0,3.190550865756881e-07
563,34,gradient_boosting_tuned,1,0,0,2.6912860546477146e-08
579,509,gradient_boosting_tuned,1,0,0,8.234447152062008e-09
584,510,gradient_boosting_tuned,1,1,1,0.9999047750118183
591,415,gradient_boosting_tuned,1,1,1,0.9999999877667257
592,44,gradient_boosting_tuned,1,0,0,6.546568156688309e-08
593,84,gradient_boosting_tuned,1,0,0,3.965367549308479e-09
596,175,gradient_boosting_tuned,1,0,0,3.190550865756881e-07
620,285,gradient_boosting_tuned,1,0,0,1.2704048402013988e-08
627,5,gradient_boosting_tuned,1,0,0,9.847162911524683e-06
635,509,gradient_boosting_tuned,1,0,0,8.234447152062008e-09
641,60,gradient_boosting_tuned,1,0,0,1.9486573170170044e-05
645,301,gradient_boosting_tuned,1,1,0,3.018755981701122e-08
648,505,gradient_boosting_tuned,1,0,0,0.0007590878810804212
653,57,gradient_boosting_tuned,1,0,0,2.718887791337991e-09
655,5,gradient_boosting_tuned,1,0,0,6.13855166964003e-06
659,354,gradient_boosting_tuned,1,0,0,1.7767983844804834e-05
661,408,gradient_boosting_tuned,1,0,0,1.2224550335045453e-07
665,138,gradient_boosting_tuned,1,0,0,1.924161387241916e-06
673,266,gradient_boosting_tuned,1,0,0,6.44070075219039e-09
676,227,gradient_boosting_tuned,1,0,1,0.9999989714786737
683,227,gradient_boosting_tuned,1,0,1,0.9999989714786737
685,285,gradient_boosting_tuned,1,0,0,1.2704048402013988e-08
687,366,gradient_boosting_tuned,1,0,0,0.0003060474176485998
715,442,gradient_boosting_tuned,1,0,0,0.001784742432080527
719,186,gradient_boosting_tuned,1,0,0,0.0006445429679167948
720,376,gradient_boosting_tuned,1,1,1,0.9999762369860183
722,498,gradient_boosting_tuned,1,0,0,9.58194522960434e-06
724,415,gradient_boosting_tuned,1,1,1,0.9999999877667257
725,366,gradient_boosting_tuned,1,0,0,0.00034589554941968215
728,375,gradient_boosting_tuned,1,0,0,5.97370087921565e-07
731,355,gradient_boosting_tuned,1,0,0,0.0906823489606982
737,246,gradient_boosting_tuned,1,1,1,0.9994345835571646
738,415,gradient_boosting_tuned,1,1,1,0.9999999877667257
749,509,gradient_boosting_tuned,1,0,0,8.234447152062008e-09
750,175,gradient_boosting_tuned,1,0,0,3.190550865756881e-07
760,172,gradient_boosting_tuned,1,1,1,0.999995483228857
763,508,gradient_boosting_tuned,1,0,0,0.004144865391407217
770,22,gradient_boosting_tuned,1,0,0,0.00249271704902213
775,120,gradient_boosting_tuned,1,0,0,1.4850447006873496e-06
779,347,gradient_boosting_tuned,1,1,1,0.9999999992662427
781,134,gradient_boosting_tuned,1,1,1,0.9997852049897936
784,346,gradient_boosting_tuned,1,0,0,4.514107567235269e-07
788,18,gradient_boosting_tuned,1,0,0,1.7824289906757235e-08
789,448,gradient_boosting_tuned,1,1,0,0.005457851307230723
790,351,gradient_boosting_tuned,1,0,0,0.0005992959255019648
796,47,gradient_boosting_tuned,1,1,1,0.9040062126429397
804,175,gradient_boosting_tuned,1,0,0,3.190550865756881e-07
808,49,gradient_boosting_tuned,1,0,0,1.4423203664640617e-06
811,494,gradient_boosting_tuned,1,1,1,0.9999976761902325
813,180,gradient_boosting_tuned,1,0,0,9.614328187850848e-07
814,72,gradient_boosting_tuned,1,0,0,1.0603982036831966e-07
825,181,gradient_boosting_tuned,1,1,1,0.9980272921210461
844,285,gradient_boosting_tuned,1,0,0,1.2704048402013988e-08
848,442,gradient_boosting_tuned,1,0,0,0.001784742432080527
855,366,gradient_boosting_tuned,1,0,0,0.00046038659388769203
856,106,gradient_boosting_tuned,1,1,0,0.12585464911737923
860,267,gradient_boosting_tuned,1,0,0,2.540663135001472e-10
876,346,gradient_boosting_tuned,1,0,0,4.514107567235269e-07
878,223,gradient_boosting_tuned,1,1,1,0.9999999956188403
880,106,gradient_boosting_tuned,1,1,0,0.12585464911737923
884,144,gradient_boosting_tuned,1,0,0,1.1207391608208342e-11
894,347,gradient_boosting_tuned,1,1,1,0.9999999992662427
902,84,gradient_boosting_tuned,1,0,0,3.965367549308479e-09
903,181,gradient_boosting_tuned,1,1,1,0.9980272921210461
910,319,gradient_boosting_tuned,1,0,0,7.923403628824108e-05
912,493,gradient_boosting_tuned,1,0,0,3.6483534731101077e-06
918,319,gradient_boosting_tuned,1,0,0,9.381491709646635e-05
920,510,gradient_boosting_tuned,1,1,1,0.9999047750118183
924,524,gradient_boosting_tuned,1,1,0,0.23754721889315927
927,72,gradient_boosting_tuned,1,0,0,1.0603982036831966e-07
939,505,gradient_boosting_tuned,1,0,0,0.00040243151467321623
948,60,gradient_boosting_tuned,1,0,0,1.9486573170170044e-05
954,509,gradient_boosting_tuned,1,0,0,8.234447152062008e-09
956,448,gradient_boosting_tuned,1,1,0,0.004781175027213811
958,346,gradient_boosting_tuned,1,0,0,4.514107567235269e-07
963,44,gradient_boosting_tuned,1,0,0,6.546568156688309e-08
966,375,gradient_boosting_tuned,1,0,0,6.975967481846273e-07
967,366,gradient_boosting_tuned,1,0,0,0.00034589554941968215
968,524,gradient_boosting_tuned,1,1,0,0.21060564020641315
969,120,gradient_boosting_tuned,1,0,0,1.4850447006873496e-06
975,267,gradient_boosting_tuned,1,0,0,2.540663135001472e-10
977,295,gradient_boosting_tuned,1,1,1,0.9999999989607633
983,266,gradient_boosting_tuned,1,0,0,6.44070075219039e-09
990,442,gradient_boosting_tuned,1,0,0,0.001784742432080527
995,197,gradient_boosting_tuned,1,1,1,0.9999980536748857
996,227,gradient_boosting_tuned,1,0,1,0.9999989714786737
999,12,gradient_boosting_tuned,1,0,0,1.7979803379847876e-07
1002,494,gradient_boosting_tuned,1,1,1,0.9999970469011656
1008,181,gradient_boosting_tuned,1,1,1,0.9982517710485833
1009,360,gradient_boosting_tuned,1,0,0,9.090857983726257e-09
1014,508,gradient_boosting_tuned,1,0,0,0.003551469721395042
1015,253,gradient_boosting_tuned,1,1,1,0.9802620597826999
1016,505,gradient_boosting_tuned,1,0,0,0.0004024078124207109
1017,118,gradient_boosting_tuned,1,1,1,0.9999999417224262
1020,186,gradient_boosting_tuned,1,0,0,0.0006445429679167948
1024,166,gradient_boosting_tuned,1,0,0,2.3501343959623724e-09
1026,524,gradient_boosting_tuned,1,1,0,0.21060564020641315
1028,285,gradient_boosting_tuned,1,0,0,1.2704048402013988e-08
1035,473,gradient_boosting_tuned,1,1,1,0.9999996434149961
1036,285,gradient_boosting_tuned,1,0,0,1.2704048402013988e-08
1039,360,gradient_boosting_tuned,1,0,0,9.090857983726257e-09
1043,34,gradient_boosting_tuned,1,0,0,2.6912860546477146e-08
1045,487,gradient_boosting_tuned,1,1,1,0.9996815598688173
1054,84,gradient_boosting_tuned,1,0,0,3.965367549308479e-09
1058,71,gradient_boosting_tuned,1,0,0,4.950173495033389e-08
1059,22,gradient_boosting_tuned,1,0,0,0.0029097280891490574
1061,364,gradient_boosting_tuned,1,0,0,7.492586001440042e-08
1066,270,gradient_boosting_tuned,1,1,0,0.00044434383087181545
1068,301,gradient_boosting_tuned,1,1,0,4.923575178903944e-08
1070,246,gradient_boosting_tuned,1,1,1,0.9994345835571646
1088,301,gradient_boosting_tuned,1,1,0,3.018755981701122e-08
1094,204,gradient_boosting_tuned,1,1,1,0.9999999984415329
1095,451,gradient_boosting_tuned,1,1,1,0.9999999292537604
1100,144,gradient_boosting_tuned,1,0,0,1.1207391608208342e-11
1101,267,gradient_boosting_tuned,1,0,0,2.540663135001472e-10
1104,227,gradient_boosting_tuned,1,0,1,0.9999986940909099
1109,375,gradient_boosting_tuned,1,0,0,6.975967481846273e-07
1112,9,gradient_boosting_tuned,1,0,0,4.2747616002108923e-08
1122,213,gradient_boosting_tuned,1,0,0,2.3739573099650948e-05
1124,166,gradient_boosting_tuned,1,0,0,2.3501343959623724e-09
1128,166,gradient_boosting_tuned,1,0,0,2.3501343959623724e-09
1132,186,gradient_boosting_tuned,1,0,0,0.0006445429679167948
1133,266,gradient_boosting_tuned,1,0,0,6.44070075219039e-09
1139,287,gradient_boosting_tuned,1,0,0,2.2089262899418366e-08
1147,34,gradient_boosting_tuned,1,0,0,2.6912860546477146e-08
1148,436,gradient_boosting_tuned,1,0,0,6.809917339628789e-09
1151,57,gradient_boosting_tuned,1,0,0,2.718887791337991e-09
1167,421,gradient_boosting_tuned,1,1,1,0.9860509274582295
1170,285,gradient_boosting_tuned,1,0,0,1.2704048402013988e-08
1172,421,gradient_boosting_tuned,1,1,1,0.9860344483027964
1183,363,gradient_boosting_tuned,1,0,0,2.0767195973397242e-08
1184,436,gradient_boosting_tuned,1,0,0,6.809917339628789e-09
1199,120,gradient_boosting_tuned,1,0,0,1.4850447006873496e-06
1200,355,gradient_boosting_tuned,1,0,0,0.0906823489606982
1211,375,gradient_boosting_tuned,1,0,0,5.97370087921565e-07
1214,72,gradient_boosting_tuned,1,0,0,1.0603982036831966e-07
1215,514,gradient_boosting_tuned,1,0,0,6.158442849052322e-09
1218,355,gradient_boosting_tuned,1,0,0,0.0906823489606982
1223,212,gradient_boosting_tuned,1,1,1,0.999984328302846
1231,510,gradient_boosting_tuned,1,1,1,0.9999047750118183
1233,204,gradient_boosting_tuned,1,1,1,0.9999999984415329
1235,375,gradient_boosting_tuned,1,0,0,6.975967481846273e-07
1239,376,gradient_boosting_tuned,1,1,1,0.9999698283886753
1243,185,gradient_boosting_tuned,1,0,0,0.000304824615427037
1244,473,gradient_boosting_tuned,1,1,1,0.9999996434149961
1255,316,gradient_boosting_tuned,1,0,0,9.412243762273447e-06
1256,197,gradient_boosting_tuned,1,1,1,0.9999980536748857
1257,143,gradient_boosting_tuned,1,1,0,0.39976599957551817
1266,415,gradient_boosting_tuned,1,1,1,0.9999999877667257
1267,143,gradient_boosting_tuned,1,1,0,0.39976599957551817
1270,57,gradient_boosting_tuned,1,0,0,2.718887791337991e-09
1272,144,gradient_boosting_tuned,1,0,0,1.3087767337500638e-11
1286,351,gradient_boosting_tuned,1,0,0,0.0010139439043419375
1294,172,gradient_boosting_tuned,1,1,1,0.999995483228857
1298,144,gradient_boosting_tuned,1,0,0,1.3087767337500638e-11
1310,493,gradient_boosting_tuned,1,0,0,2.8734092200316522e-06
1314,269,gradient_boosting_tuned,1,0,0,1.3656635612239797e-05
1318,166,gradient_boosting_tuned,1,0,0,2.3501343959623724e-09
1322,5,gradient_boosting_tuned,1,0,0,8.432390664532032e-06
1323,175,gradient_boosting_tuned,1,0,0,3.190550865756881e-07
1331,204,gradient_boosting_tuned,1,1,1,0.9999999984415329
1340,185,gradient_boosting_tuned,1,0,0,0.0002574566772638829
1344,319,gradient_boosting_tuned,1,0,0,9.381491709646635e-05
1346,316,gradient_boosting_tuned,1,0,0,9.412243762273447e-06
1347,505,gradient_boosting_tuned,1,0,0,0.0004024078124207109
1372,514,gradient_boosting_tuned,1,0,0,6.158442849052322e-09
1373,266,gradient_boosting_tuned,1,0,0,6.44070075219039e-09
1382,20,gradient_boosting_tuned,1,1,1,0.9999992376991109
1383,197,gradient_boosting_tuned,1,1,1,0.9999980536748857
1386,186,gradient_boosting_tuned,1,0,0,0.0006445429679167948
1402,5,gradient_boosting_tuned,1,0,0,8.432390664532032e-06
1403,366,gradient_boosting_tuned,1,0,0,0.00034589554941968215
1417,44,gradient_boosting_tuned,1,0,0,4.7346320206107166e-08
1419,408,gradient_boosting_tuned,1,0,0,1.2224550335045453e-07
1424,153,gradient_boosting_tuned,1,1,1,0.7121261842313588
1427,346,gradient_boosting_tuned,1,0,0,4.4193585584045033e-07
1429,498,gradient_boosting_tuned,1,0,0,9.58194522960434e-06
1430,363,gradient_boosting_tuned,1,0,0,2.433902776586745e-08
1434,448,gradient_boosting_tuned,1,1,0,0.004781175027213811
1435,143,gradient_boosting_tuned,1,1,0,0.39976599957551817
1450,47,gradient_boosting_tuned,1,1,1,0.8154860887471576
1466,185,gradient_boosting_tuned,1,0,0,0.000304824615427037
1468,524,gradient_boosting_tuned,1,1,0,0.21060564020641315
1470,421,gradient_boosting_tuned,1,1,1,0.9860509274582295
1486,295,gradient_boosting_tuned,1,1,1,0.9999999989607633
1490,204,gradient_boosting_tuned,1,1,1,0.9999999984415329
1493,436,gradient_boosting_tuned,1,0,0,6.809917339628789e-09
1494,84,gradient_boosting_tuned,1,0,0,3.965367549308479e-09
1496,346,gradient_boosting_tuned,1,0,0,4.4193585584045033e-07
1498,316,gradient_boosting_tuned,1,0,0,7.924672227356796e-06
1503,514,gradient_boosting_tuned,1,0,0,6.158442849052322e-09
1505,366,gradient_boosting_tuned,1,0,0,0.0007367429448629773
1506,172,gradient_boosting_tuned,1,1,1,0.999995483228857
1521,241,gradient_boosting_tuned,1,1,1,0.9986225193951357
1530,285,gradient_boosting_tuned,1,0,0,1.2704048402013988e-08
1532,142,gradient_boosting_tuned,1,1,1,0.9999999809617767
1539,360,gradient_boosting_tuned,1,0,0,9.090857983726257e-09
1543,172,gradient_boosting_tuned,1,1,1,0.999995483228857
1544,84,gradient_boosting_tuned,1,0,0,3.965367549308479e-09
1550,22,gradient_boosting_tuned,1,0,0,0.0029097280891490574
1551,493,gradient_boosting_tuned,1,0,0,3.6483534731101077e-06
1573,448,gradient_boosting_tuned,1,1,0,0.004781175027213811
1575,44,gradient_boosting_tuned,1,0,0,6.546568156688309e-08
1581,442,gradient_boosting_tuned,1,0,0,0.001784742432080527
1591,493,gradient_boosting_tuned,1,0,0,2.9353828762607964e-06
1599,166,gradient_boosting_tuned,1,0,0,2.3501343959623724e-09
1600,355,gradient_boosting_tuned,1,0,0,0.0906823489606982
1612,153,gradient_boosting_tuned,1,1,1,0.8380841318827613
1631,301,gradient_boosting_tuned,1,1,0,3.018755981701122e-08
1637,22,gradient_boosting_tuned,1,0,0,0.0029097280891490574
1638,505,gradient_boosting_tuned,1,0,0,0.000355128946765238
1640,144,gradient_boosting_tuned,1,0,0,1.3087767337500638e-11
1648,498,gradient_boosting_tuned,1,0,0,9.58194522960434e-06
1650,375,gradient_boosting_tuned,1,0,0,6.975967481846273e-07
1655,493,gradient_boosting_tuned,1,0,0,2.9353828762607964e-06
1656,19,gradient_boosting_tuned,1,0,0,1.6181849387366775e-07
1662,363,gradient_boosting_tuned,1,0,0,2.0767195973397242e-08
1670,12,gradient_boosting_tuned,1,0,0,1.7979803379847876e-07
1675,204,gradient_boosting_tuned,1,1,1,0.9999999984415329
1676,376,gradient_boosting_tuned,1,1,1,0.9999596837888305
1681,12,gradient_boosting_tuned,1,0,0,1.7979803379847876e-07
1683,134,gradient_boosting_tuned,1,1,1,0.9997852049897936
1684,316,gradient_boosting_tuned,1,0,0,7.924672227356796e-06
1685,172,gradient_boosting_tuned,1,1,1,0.999995483228857
1698,287,gradient_boosting_tuned,1,0,0,2.2089262899418366e-08
1703,212,gradient_boosting_tuned,1,1,1,0.999984328302846
1709,49,gradient_boosting_tuned,1,0,0,1.4423203664640617e-06
1710,376,gradient_boosting_tuned,1,1,1,0.9999682470802171
1711,319,gradient_boosting_tuned,1,0,0,9.381491709646635e-05
1728,408,gradient_boosting_tuned,1,0,0,1.2224550335045453e-07
1731,509,gradient_boosting_tuned,1,0,0,5.814262095608551e-09
1735,531,gradient_boosting_tuned,1,0,1,0.9778372635359859
1738,270,gradient_boosting_tuned,1,1,0,0.00044434383087181545
1744,18,gradient_boosting_tuned,1,0,0,1.7824289906757235e-08
1750,505,gradient_boosting_tuned,1,0,0,0.00035514986523116994
1758,415,gradient_boosting_tuned,1,1,1,0.9999999877667257
1759,60,gradient_boosting_tuned,1,0,0,1.9486573170170044e-05
1762,346,gradient_boosting_tuned,1,0,0,4.4193585584045033e-07
1763,204,gradient_boosting_tuned,1,1,1,0.9999999984415329
1768,295,gradient_boosting_tuned,1,1,1,0.9999999989607633
1772,487,gradient_boosting_tuned,1,1,1,0.9996815598688173
1774,360,gradient_boosting_tuned,1,0,0,9.090857983726257e-09
1776,421,gradient_boosting_tuned,1,1,1,0.9860509274582295
1778,204,gradient_boosting_tuned,1,1,1,0.9999999984415329
1782,9,gradient_boosting_tuned,1,0,0,4.2747616002108923e-08
1786,351,gradient_boosting_tuned,1,0,0,0.0010139439043419375
1789,60,gradient_boosting_tuned,1,0,0,1.9486573170170044e-05
1797,421,gradient_boosting_tuned,1,1,1,0.9860509274582295
1805,351,gradient_boosting_tuned,1,0,0,0.0010139439043419375
1817,18,gradient_boosting_tuned,1,0,0,1.7824289906757235e-08
1820,5,gradient_boosting_tuned,1,0,0,9.847162911524683e-06
1821,241,gradient_boosting_tuned,1,1,1,0.9990709127261539
1829,505,gradient_boosting_tuned,1,0,0,0.000355128946765238
1866,58,gradient_boosting_tuned,1,0,0,8.444926923015872e-09
1869,505,gradient_boosting_tuned,1,0,0,0.00035514986523116994
1870,269,gradient_boosting_tuned,1,0,0,1.594790886395294e-05
1875,295,gradient_boosting_tuned,1,1,1,0.9999999989607633
1877,514,gradient_boosting_tuned,1,0,0,6.158442849052322e-09
1885,319,gradient_boosting_tuned,1,0,0,9.381491709646635e-05
1886,49,gradient_boosting_tuned,1,0,0,1.9463057031517336e-06
1887,505,gradient_boosting_tuned,1,0,0,0.0006699307848097142
1899,364,gradient_boosting_tuned,1,0,0,6.416094068199715e-08
1910,364,gradient_boosting_tuned,1,0,0,6.416094068199715e-08
1912,44,gradient_boosting_tuned,1,0,0,6.546568156688309e-08
1923,175,gradient_boosting_tuned,1,0,0,3.190550865756881e-07
1929,120,gradient_boosting_tuned,1,0,0,1.4850447006873496e-06
1937,493,gradient_boosting_tuned,1,0,0,2.9353828762607964e-06
1939,493,gradient_boosting_tuned,1,0,0,2.9353828762607964e-06
1943,12,gradient_boosting_tuned,1,0,0,1.7979803379847876e-07
1951,415,gradient_boosting_tuned,1,1,1,0.9999999877667257
1956,270,gradient_boosting_tuned,1,1,0,0.00044434383087181545
1960,301,gradient_boosting_tuned,1,1,0,5.564858642927815e-08
1961,227,gradient_boosting_tuned,1,0,1,0.9999989714786737
1963,44,gradient_boosting_tuned,1,0,0,6.546568156688309e-08
1970,508,gradient_boosting_tuned,1,0,0,0.003551469721395042
1972,514,gradient_boosting_tuned,1,0,0,6.158442849052322e-09
1973,295,gradient_boosting_tuned,1,1,1,0.9999999989607633
1976,142,gradient_boosting_tuned,1,1,1,0.9999999809617767
1977,47,gradient_boosting_tuned,1,1,1,0.6895234382397608
1978,347,gradient_boosting_tuned,1,1,1,0.9999999992662427
1982,514,gradient_boosting_tuned,1,0,0,6.158442849052322e-09
1989,266,gradient_boosting_tuned,1,0,0,6.44070075219039e-09
2007,363,gradient_boosting_tuned,1,0,0,2.0767195973397242e-08
2008,494,gradient_boosting_tuned,1,1,1,0.9999930079049746
2022,498,gradient_boosting_tuned,1,0,0,9.58194522960434e-06
2024,87,gradient_boosting_tuned,1,0,0,0.003859408487729295
2025,508,gradient_boosting_tuned,1,0,0,0.004144865391407217
2026,166,gradient_boosting_tuned,1,0,0,2.3501343959623724e-09
2027,266,gradient_boosting_tuned,1,0,0,6.44070075219039e-09
2,4,gradient_boosting_tuned,2,0,0,7.0433017698207e-08
13,15,gradient_boosting_tuned,2,0,0,1.0185534951015773e-06
25,32,gradient_boosting_tuned,2,1,1,0.9999205846046307
28,35,gradient_boosting_tuned,2,0,0,6.418017997423786e-07
30,37,gradient_boosting_tuned,2,0,0,8.313245180532657e-07
39,48,gradient_boosting_tuned,2,0,0,3.564642106117349e-08
44,53,gradient_boosting_tuned,2,1,1,0.9977237720809969
56,73,gradient_boosting_tuned,2,0,0,3.5011092114760736e-07
62,80,gradient_boosting_tuned,2,0,0,6.270339959401356e-06
67,85,gradient_boosting_tuned,2,0,0,6.392855301512679e-08
80,100,gradient_boosting_tuned,2,0,0,4.436960874290827e-09
81,102,gradient_boosting_tuned,2,0,0,3.407346040891807e-08
87,108,gradient_boosting_tuned,2,1,1,0.9999999343355014
91,114,gradient_boosting_tuned,2,1,1,0.5719068595756021
93,116,gradient_boosting_tuned,2,0,0,0.0019104670392816507
98,122,gradient_boosting_tuned,2,0,0,2.7735302913796624e-08
105,129,gradient_boosting_tuned,2,0,0,9.833323860533624e-08
106,131,gradient_boosting_tuned,2,1,1,0.9999716948751743
117,146,gradient_boosting_tuned,2,0,0,0.0009803231775306026
121,151,gradient_boosting_tuned,2,1,1,0.999997685483581
126,156,gradient_boosting_tuned,2,0,0,0.14541992297561687
131,161,gradient_boosting_tuned,2,0,0,5.533446315096194e-08
136,167,gradient_boosting_tuned,2,0,0,2.0913259544959536e-06
140,171,gradient_boosting_tuned,2,0,1,0.9977250355206113
142,173,gradient_boosting_tuned,2,0,0,3.812878672627454e-08
143,174,gradient_boosting_tuned,2,1,1,0.9999999116405749
146,178,gradient_boosting_tuned,2,1,1,0.9999999415225657
154,191,gradient_boosting_tuned,2,0,1,0.8202967812385037
156,193,gradient_boosting_tuned,2,0,0,0.028620456505854566
158,195,gradient_boosting_tuned,2,0,1,0.9881120867859474
170,209,gradient_boosting_tuned,2,0,0,1.6462397586564805e-10
171,210,gradient_boosting_tuned,2,1,1,0.9997869910802203
175,218,gradient_boosting_tuned,2,1,1,0.999998411508318
176,220,gradient_boosting_tuned,2,0,0,2.759564580111512e-05
181,225,gradient_boosting_tuned,2,0,0,0.0010208376809619302
182,226,gradient_boosting_tuned,2,0,0,2.688335050309079e-06
185,230,gradient_boosting_tuned,2,0,0,0.0030445819336815637
189,236,gradient_boosting_tuned,2,0,0,0.2989425998128381
190,237,gradient_boosting_tuned,2,0,0,3.983274027519018e-07
205,254,gradient_boosting_tuned,2,0,0,5.950985276107734e-09
207,257,gradient_boosting_tuned,2,0,0,6.841476162024545e-07
208,258,gradient_boosting_tuned,2,0,0,1.9599498987350614e-09
210,260,gradient_boosting_tuned,2,1,1,0.9999964524381315
212,262,gradient_boosting_tuned,2,0,0,1.4629113696342245e-08
215,265,gradient_boosting_tuned,2,0,0,0.0005150444170574232
222,276,gradient_boosting_tuned,2,1,1,0.8371098312731239
232,288,gradient_boosting_tuned,2,1,1,0.9996179508973543
239,297,gradient_boosting_tuned,2,0,0,0.006412473392865493
243,302,gradient_boosting_tuned,2,0,1,0.9999523447832663
244,304,gradient_boosting_tuned,2,1,1,0.9998997331432745
248,308,gradient_boosting_tuned,2,0,0,4.848248994598316e-08
251,312,gradient_boosting_tuned,2,1,1,0.9999996441372793
260,326,gradient_boosting_tuned,2,0,0,1.3659612326802368e-07
262,328,gradient_boosting_tuned,2,0,0,2.9792660706185852e-08
265,331,gradient_boosting_tuned,2,0,0,4.3722475394340764e-07
275,343,gradient_boosting_tuned,2,1,0,0.02952043928488282
277,345,gradient_boosting_tuned,2,0,0,2.6225665105346687e-05
282,352,gradient_boosting_tuned,2,1,1,0.617448798105208
288,361,gradient_boosting_tuned,2,0,0,1.928477914612828e-05
301,377,gradient_boosting_tuned,2,0,0,4.385020271553688e-06
304,382,gradient_boosting_tuned,2,0,0,0.29981916492459443
312,393,gradient_boosting_tuned,2,1,1,0.9995247911958247
315,397,gradient_boosting_tuned,2,0,0,9.420145955220604e-06
316,400,gradient_boosting_tuned,2,0,0,3.8656161914758076e-08
320,405,gradient_boosting_tuned,2,0,0,2.2423427931257763e-05
321,406,gradient_boosting_tuned,2,0,0,1.678572800240436e-06
327,412,gradient_boosting_tuned,2,0,0,1.906147724319999e-08
334,419,gradient_boosting_tuned,2,1,1,0.9070507942510451
337,422,gradient_boosting_tuned,2,0,0,0.000942979440011832
344,429,gradient_boosting_tuned,2,1,0,0.06982132525494571
346,431,gradient_boosting_tuned,2,1,0,0.008505448243779226
347,433,gradient_boosting_tuned,2,0,0,6.6536909280003384e-06
351,437,gradient_boosting_tuned,2,0,0,1.2150307810172638e-08
356,443,gradient_boosting_tuned,2,0,0,2.5714086870428636e-06
360,449,gradient_boosting_tuned,2,0,0,0.13145740139617812
365,455,gradient_boosting_tuned,2,1,0,0.06380283916914983
367,458,gradient_boosting_tuned,2,1,0,0.04877831207118237
371,462,gradient_boosting_tuned,2,0,0,5.263501476579836e-05
374,468,gradient_boosting_tuned,2,1,1,0.9999999538687553
380,474,gradient_boosting_tuned,2,0,0,2.734617508597712e-07
385,482,gradient_boosting_tuned,2,0,0,1.4461432857913016e-06
386,483,gradient_boosting_tuned,2,0,0,9.34880415050184e-09
392,490,gradient_boosting_tuned,2,1,1,0.563893323440316
394,492,gradient_boosting_tuned,2,0,0,0.12112190679747203
403,504,gradient_boosting_tuned,2,0,0,9.035290323647278e-10
423,528,gradient_boosting_tuned,2,0,1,0.5377024551854634
431,541,gradient_boosting_tuned,2,1,1,0.9999999952581984
432,193,gradient_boosting_tuned,2,0,0,0.031680199123325696
438,397,gradient_boosting_tuned,2,0,0,9.420145955220604e-06
442,73,gradient_boosting_tuned,2,0,0,4.82602940243107e-07
443,116,gradient_boosting_tuned,2,0,0,0.0019104670392816507
444,449,gradient_boosting_tuned,2,0,0,0.13145740139617812
445,100,gradient_boosting_tuned,2,0,0,4.436960874290827e-09
446,178,gradient_boosting_tuned,2,1,1,0.9999999723401399
457,129,gradient_boosting_tuned,2,0,0,9.833323860533624e-08
458,129,gradient_boosting_tuned,2,0,0,9.833323860533624e-08
464,443,gradient_boosting_tuned,2,0,0,2.641187226680797e-06
465,258,gradient_boosting_tuned,2,0,0,2.3651385016285014e-09
470,431,gradient_boosting_tuned,2,1,0,0.007833200230068475
473,85,gradient_boosting_tuned,2,0,0,5.008192319889631e-08
476,48,gradient_boosting_tuned,2,0,0,3.564642106117349e-08
483,449,gradient_boosting_tuned,2,0,0,0.13145740139617812
486,257,gradient_boosting_tuned,2,0,0,6.841476162024545e-07
492,131,gradient_boosting_tuned,2,1,1,0.999976108852699
495,210,gradient_boosting_tuned,2,1,1,0.9997869910802203
496,412,gradient_boosting_tuned,2,0,0,2.262305384828868e-08
498,37,gradient_boosting_tuned,2,0,0,8.313245180532657e-07
502,308,gradient_boosting_tuned,2,0,0,4.366198051652935e-08
505,129,gradient_boosting_tuned,2,0,0,9.833323860533624e-08
506,276,gradient_boosting_tuned,2,1,1,0.817467355657954
516,297,gradient_boosting_tuned,2,0,0,0.006412473392865493
525,462,gradient_boosting_tuned,2,0,0,5.263501476579836e-05
534,122,gradient_boosting_tuned,2,0,0,2.7735302913796624e-08
537,288,gradient_boosting_tuned,2,1,1,0.9996179508973543
542,167,gradient_boosting_tuned,2,0,0,2.0913259544959536e-06
544,382,gradient_boosting_tuned,2,0,0,0.29981916492459443
551,422,gradient_boosting_tuned,2,0,0,0.0008679256278676528
553,218,gradient_boosting_tuned,2,1,1,0.999998411508318
554,308,gradient_boosting_tuned,2,0,0,4.848248994598316e-08
565,37,gradient_boosting_tuned,2,0,0,8.313245180532657e-07
573,210,gradient_boosting_tuned,2,1,1,0.9997869910802203
576,377,gradient_boosting_tuned,2,0,0,5.026809977673905e-06
597,406,gradient_boosting_tuned,2,0,0,1.677909045288076e-06
601,541,gradient_boosting_tuned,2,1,1,0.9999999935719459
602,210,gradient_boosting_tuned,2,1,1,0.9997869910802203
609,308,gradient_boosting_tuned,2,0,0,4.848248994598316e-08
612,161,gradient_boosting_tuned,2,0,0,5.533446315096194e-08
624,257,gradient_boosting_tuned,2,0,0,5.962002589231248e-07
631,220,gradient_boosting_tuned,2,0,0,2.759564580111512e-05
649,210,gradient_boosting_tuned,2,1,1,0.9997869910802203
651,474,gradient_boosting_tuned,2,0,0,2.734617508597712e-07
662,412,gradient_boosting_tuned,2,0,0,2.5960253185796575e-08
666,377,gradient_boosting_tuned,2,0,0,9.420281497642524e-06
667,260,gradient_boosting_tuned,2,1,1,0.9999964524381315
671,361,gradient_boosting_tuned,2,0,0,1.928477914612828e-05
672,455,gradient_boosting_tuned,2,1,0,0.06380283916914983
677,226,gradient_boosting_tuned,2,0,0,2.688335050309079e-06
679,129,gradient_boosting_tuned,2,0,0,1.3984791205130015e-07
682,4,gradient_boosting_tuned,2,0,0,7.0433017698207e-08
691,73,gradient_boosting_tuned,2,0,0,3.5011092114760736e-07
694,328,gradient_boosting_tuned,2,0,0,3.058301382355821e-08
696,257,gradient_boosting_tuned,2,0,0,4.53999732192965e-07
697,108,gradient_boosting_tuned,2,1,1,0.9999999343355014
701,393,gradient_boosting_tuned,2,1,1,0.9995247911958247
703,361,gradient_boosting_tuned,2,0,0,1.928477914612828e-05
711,116,gradient_boosting_tuned,2,0,0,0.0019104670392816507
712,455,gradient_boosting_tuned,2,1,0,0.06380283916914983
713,429,gradient_boosting_tuned,2,1,0,0.06982132525494571
714,174,gradient_boosting_tuned,2,1,1,0.9999999126745301
718,405,gradient_boosting_tuned,2,0,0,1.5980484872137625e-05
735,328,gradient_boosting_tuned,2,0,0,3.747287555363849e-08
739,528,gradient_boosting_tuned,2,0,1,0.6309915331757843
741,167,gradient_boosting_tuned,2,0,0,2.0913259544959536e-06
746,220,gradient_boosting_tuned,2,0,0,3.217563832284226e-05
753,156,gradient_boosting_tuned,2,0,0,0.10902644743160114
756,449,gradient_boosting_tuned,2,0,0,0.13145740139617812
758,4,gradient_boosting_tuned,2,0,0,7.012439704289626e-08
768,393,gradient_boosting_tuned,2,1,1,0.9995247911958247
772,230,gradient_boosting_tuned,2,0,0,0.002524309722258413
778,397,gradient_boosting_tuned,2,0,0,8.483529061141788e-06
782,171,gradient_boosting_tuned,2,0,1,0.9977250355206113
791,326,gradient_boosting_tuned,2,0,0,1.3659612326802368e-07
794,178,gradient_boosting_tuned,2,1,1,0.9999999602672973
802,116,gradient_boosting_tuned,2,0,0,0.0021209451722059075
820,209,gradient_boosting_tuned,2,0,0,2.070621979256354e-10
833,226,gradient_boosting_tuned,2,0,0,2.688335050309079e-06
834,422,gradient_boosting_tuned,2,0,0,0.000942979440011832
838,100,gradient_boosting_tuned,2,0,0,4.436960874290827e-09
839,218,gradient_boosting_tuned,2,1,1,0.999998411508318
841,345,gradient_boosting_tuned,2,0,0,2.6225665105346687e-05
845,173,gradient_boosting_tuned,2,0,0,3.812878672627454e-08
846,302,gradient_boosting_tuned,2,0,1,0.9999523447832663
853,129,gradient_boosting_tuned,2,0,0,1.3984791205130015e-07
857,226,gradient_boosting_tuned,2,0,0,3.6613002361792745e-06
872,236,gradient_boosting_tuned,2,0,1,0.5199834725859297
879,237,gradient_boosting_tuned,2,0,0,3.983274027519018e-07
889,209,gradient_boosting_tuned,2,0,0,2.070621979256354e-10
892,397,gradient_boosting_tuned,2,0,0,9.420145955220604e-06
895,151,gradient_boosting_tuned,2,1,1,0.9999968478108199
908,458,gradient_boosting_tuned,2,1,0,0.04877831207118237
911,146,gradient_boosting_tuned,2,0,0,0.00047218417596464076
913,191,gradient_boosting_tuned,2,0,1,0.8202967812385037
914,80,gradient_boosting_tuned,2,0,0,6.270339959401356e-06
922,156,gradient_boosting_tuned,2,0,0,0.14541992297561687
928,422,gradient_boosting_tuned,2,0,0,0.000942979440011832
932,102,gradient_boosting_tuned,2,0,0,1.9028638453013994e-08
933,265,gradient_boosting_tuned,2,0,0,0.0006432341027951901
946,210,gradient_boosting_tuned,2,1,1,0.9997869910802203
947,297,gradient_boosting_tuned,2,0,0,0.006412473392865493
950,226,gradient_boosting_tuned,2,0,0,2.688335050309079e-06
960,504,gradient_boosting_tuned,2,0,0,8.315526950737652e-10
961,102,gradient_boosting_tuned,2,0,0,3.407346040891807e-08
971,406,gradient_boosting_tuned,2,0,0,1.677909045288076e-06
974,265,gradient_boosting_tuned,2,0,0,0.0006432341027951901
976,262,gradient_boosting_tuned,2,0,0,1.4629113696342245e-08
979,262,gradient_boosting_tuned,2,0,0,1.4629113696342245e-08
991,146,gradient_boosting_tuned,2,0,0,0.0008544099717539967
1000,352,gradient_boosting_tuned,2,1,1,0.7000082486650229
1001,302,gradient_boosting_tuned,2,0,1,0.9999523447832663
1005,431,gradient_boosting_tuned,2,1,0,0.008505448243779226
1013,312,gradient_boosting_tuned,2,1,1,0.9999996441372793
1022,237,gradient_boosting_tuned,2,0,0,3.6659611800154516e-07
1023,4,gradient_boosting_tuned,2,0,0,8.460634948873765e-08
1029,449,gradient_boosting_tuned,2,0,0,0.13145740139617812
1040,419,gradient_boosting_tuned,2,1,1,0.9246659674649821
1041,258,gradient_boosting_tuned,2,0,0,2.3651385016285014e-09
1044,173,gradient_boosting_tuned,2,0,0,3.812878672627454e-08
1052,288,gradient_boosting_tuned,2,1,1,0.9996179508973543
1053,80,gradient_boosting_tuned,2,0,0,7.226651752762914e-06
1056,397,gradient_boosting_tuned,2,0,0,9.420145955220604e-06
1063,541,gradient_boosting_tuned,2,1,1,0.9999999952581984
1064,328,gradient_boosting_tuned,2,0,0,3.265572476075224e-08
1069,236,gradient_boosting_tuned,2,0,0,0.2989425998128381
1075,541,gradient_boosting_tuned,2,1,1,0.9999999952581984
1079,195,gradient_boosting_tuned,2,0,1,0.9881120867859474
1081,237,gradient_boosting_tuned,2,0,0,3.983274027519018e-07
1082,80,gradient_boosting_tuned,2,0,0,6.270339959401356e-06
1086,161,gradient_boosting_tuned,2,0,0,5.533446315096194e-08
1113,419,gradient_boosting_tuned,2,1,1,0.9246659674649821
1137,100,gradient_boosting_tuned,2,0,0,4.436960874290827e-09
1138,37,gradient_boosting_tuned,2,0,0,8.313245180532657e-07
1142,429,gradient_boosting_tuned,2,1,0,0.06982132525494571
1145,156,gradient_boosting_tuned,2,0,0,0.14541992297561687
1149,412,gradient_boosting_tuned,2,0,0,1.6611117874395192e-08
1153,331,gradient_boosting_tuned,2,0,0,4.3722475394340764e-07
1156,449,gradient_boosting_tuned,2,0,0,0.13145740139617812
1166,258,gradient_boosting_tuned,2,0,0,2.3651385016285014e-09
1174,528,gradient_boosting_tuned,2,0,1,0.5377024551854634
1177,276,gradient_boosting_tuned,2,1,1,0.8369727183659973
1189,161,gradient_boosting_tuned,2,0,0,5.533446315096194e-08
1196,209,gradient_boosting_tuned,2,0,0,2.070621979256354e-10
1197,225,gradient_boosting_tuned,2,0,0,0.0010208376809619302
1198,173,gradient_boosting_tuned,2,0,0,3.812878672627454e-08
1201,412,gradient_boosting_tuned,2,0,0,2.5960253185796575e-08
1202,302,gradient_boosting_tuned,2,0,1,0.9999523447832663
1204,412,gradient_boosting_tuned,2,0,0,2.262305384828868e-08
1205,433,gradient_boosting_tuned,2,0,0,5.798361646368015e-06
1213,100,gradient_boosting_tuned,2,0,0,5.354232266551045e-09
1216,412,gradient_boosting_tuned,2,0,0,2.262305384828868e-08
1219,302,gradient_boosting_tuned,2,0,1,0.999965008418044
1226,483,gradient_boosting_tuned,2,0,0,9.34880415050184e-09
1238,131,gradient_boosting_tuned,2,1,1,0.9999761399732267
1245,443,gradient_boosting_tuned,2,0,0,2.641187226680797e-06
1248,468,gradient_boosting_tuned,2,1,1,0.9999999538687553
1251,226,gradient_boosting_tuned,2,0,0,2.688335050309079e-06
1253,171,gradient_boosting_tuned,2,0,1,0.9973196966189843
1268,433,gradient_boosting_tuned,2,0,0,4.692491088249774e-06
1269,382,gradient_boosting_tuned,2,0,0,0.29981916492459443
1275,474,gradient_boosting_tuned,2,0,0,1.369179875014134e-07
1277,193,gradient_boosting_tuned,2,0,0,0.019689845618350195
1282,161,gradient_boosting_tuned,2,0,0,5.533446315096194e-08
1296,422,gradient_boosting_tuned,2,0,0,0.0008679256278676528
1304,178,gradient_boosting_tuned,2,1,1,0.9999999726720107
1308,122,gradient_boosting_tuned,2,0,0,2.7735302913796624e-08
1309,405,gradient_boosting_tuned,2,0,0,1.95409449401653e-05
1313,482,gradient_boosting_tuned,2,0,0,1.164953448681185e-06
1316,302,gradient_boosting_tuned,2,0,1,0.999965008418044
1317,220,gradient_boosting_tuned,2,0,0,2.759564580111512e-05
1327,412,gradient_boosting_tuned,2,0,0,1.906147724319999e-08
1330,171,gradient_boosting_tuned,2,0,1,0.9977250355206113
1333,220,gradient_boosting_tuned,2,0,0,2.759564580111512e-05
1337,131,gradient_boosting_tuned,2,1,1,0.9999650346014518
1339,352,gradient_boosting_tuned,2,1,1,0.7000082486650229
1342,191,gradient_boosting_tuned,2,0,1,0.8614346031607301
1349,361,gradient_boosting_tuned,2,0,0,1.928477914612828e-05
1350,53,gradient_boosting_tuned,2,1,1,0.9977237960737834
1353,483,gradient_boosting_tuned,2,0,0,9.34880415050184e-09
1369,80,gradient_boosting_tuned,2,0,0,6.297669052354399e-06
1370,114,gradient_boosting_tuned,2,1,1,0.5719068595756021
1371,156,gradient_boosting_tuned,2,0,0,0.14541992297561687
1374,116,gradient_boosting_tuned,2,0,0,0.00134460381081349
1385,209,gradient_boosting_tuned,2,0,0,2.070621979256354e-10
1390,393,gradient_boosting_tuned,2,1,1,0.9995247911958247
1400,226,gradient_boosting_tuned,2,0,0,3.6613002361792745e-06
1401,528,gradient_boosting_tuned,2,0,1,0.6309915331757843
1405,262,gradient_boosting_tuned,2,0,0,1.4629113696342245e-08
1407,474,gradient_boosting_tuned,2,0,0,2.734617508597712e-07
1408,218,gradient_boosting_tuned,2,1,1,0.999998411508318
1410,100,gradient_boosting_tuned,2,0,0,4.436960874290827e-09
1413,312,gradient_boosting_tuned,2,1,1,0.9999996441372793
1416,352,gradient_boosting_tuned,2,1,1,0.7000082486650229
1438,122,gradient_boosting_tuned,2,0,0,2.7735302913796624e-08
1440,37,gradient_boosting_tuned,2,0,0,8.313245180532657e-07
1441,73,gradient_boosting_tuned,2,0,0,4.346187893218754e-07
1452,210,gradient_boosting_tuned,2,1,1,0.9997869910802203
1464,102,gradient_boosting_tuned,2,0,0,3.407346040891807e-08
1465,377,gradient_boosting_tuned,2,0,0,9.042466423057652e-06
1467,35,gradient_boosting_tuned,2,0,0,6.418017997423786e-07
1469,361,gradient_boosting_tuned,2,0,0,1.4251999725801627e-05
1471,178,gradient_boosting_tuned,2,1,1,0.9999999415398894
1483,151,gradient_boosting_tuned,2,1,1,0.9999968478108199
1484,220,gradient_boosting_tuned,2,0,0,3.217563832284226e-05
1485,73,gradient_boosting_tuned,2,0,0,3.5011092114760736e-07
1487,345,gradient_boosting_tuned,2,0,0,2.732141418309501e-05
1497,302,gradient_boosting_tuned,2,0,1,0.9999240019315803
1501,328,gradient_boosting_tuned,2,0,0,3.265572476075224e-08
1511,492,gradient_boosting_tuned,2,0,0,0.12112190679747203
1513,257,gradient_boosting_tuned,2,0,0,6.841476162024545e-07
1515,220,gradient_boosting_tuned,2,0,0,2.759564580111512e-05
1516,382,gradient_boosting_tuned,2,0,0,0.29981916492459443
1518,35,gradient_boosting_tuned,2,0,0,6.418017997423786e-07
1520,173,gradient_boosting_tuned,2,0,0,3.812878672627454e-08
1524,433,gradient_boosting_tuned,2,0,0,5.798361646368015e-06
1525,541,gradient_boosting_tuned,2,1,1,0.9999999952581984
1533,236,gradient_boosting_tuned,2,0,1,0.5199834725859297
1535,422,gradient_boosting_tuned,2,0,0,0.000942979440011832
1541,541,gradient_boosting_tuned,2,1,1,0.9999999952581984
1546,220,gradient_boosting_tuned,2,0,0,2.759564580111512e-05
1547,167,gradient_boosting_tuned,2,0,0,2.0913259544959536e-06
1548,32,gradient_boosting_tuned,2,1,1,0.9999205846046307
1555,254,gradient_boosting_tuned,2,0,0,5.950985276107734e-09
1558,37,gradient_boosting_tuned,2,0,0,8.313245180532657e-07
1560,288,gradient_boosting_tuned,2,1,1,0.9996179508973543
1576,156,gradient_boosting_tuned,2,0,0,0.14541992297561687
1582,343,gradient_boosting_tuned,2,1,0,0.02952043928488282
1584,226,gradient_boosting_tuned,2,0,0,2.688335050309079e-06
1585,343,gradient_boosting_tuned,2,1,0,0.02952043928488282
1588,328,gradient_boosting_tuned,2,0,0,3.747287555363849e-08
1590,328,gradient_boosting_tuned,2,0,0,3.747287555363849e-08
1593,174,gradient_boosting_tuned,2,1,1,0.9999998992944382
1609,504,gradient_boosting_tuned,2,0,0,7.881719416753209e-10
1615,85,gradient_boosting_tuned,2,0,0,5.008192319889631e-08
1618,449,gradient_boosting_tuned,2,0,0,0.13145740139617812
1621,377,gradient_boosting_tuned,2,0,0,4.518939243016364e-06
1630,129,gradient_boosting_tuned,2,0,0,1.3984791205130015e-07
1632,237,gradient_boosting_tuned,2,0,0,3.6659611800154516e-07
1641,237,gradient_boosting_tuned,2,0,0,3.983274027519018e-07
1643,462,gradient_boosting_tuned,2,0,0,5.263501476579836e-05
1647,48,gradient_boosting_tuned,2,0,0,3.564642106117349e-08
1651,429,gradient_boosting_tuned,2,1,0,0.061396840781945974
1653,393,gradient_boosting_tuned,2,1,1,0.9995247911958247
1661,230,gradient_boosting_tuned,2,0,0,0.0030445819336815637
1664,156,gradient_boosting_tuned,2,0,0,0.14541992297561687
1665,443,gradient_boosting_tuned,2,0,0,2.641187226680797e-06
1669,345,gradient_boosting_tuned,2,0,0,2.6225665105346687e-05
1677,80,gradient_boosting_tuned,2,0,0,5.834620689947568e-06
1678,302,gradient_boosting_tuned,2,0,1,0.9999523447832663
1679,80,gradient_boosting_tuned,2,0,0,6.270339959401356e-06
1680,226,gradient_boosting_tuned,2,0,0,3.6613002361792745e-06
1682,504,gradient_boosting_tuned,2,0,0,7.881719416753209e-10
1688,156,gradient_boosting_tuned,2,0,0,0.23348687450418515
1690,73,gradient_boosting_tuned,2,0,0,4.3976478196319393e-07
1704,361,gradient_boosting_tuned,2,0,0,1.3339353639504325e-05
1714,431,gradient_boosting_tuned,2,1,0,0.008505448243779226
1716,265,gradient_boosting_tuned,2,0,0,0.0006432341027951901
1720,195,gradient_boosting_tuned,2,0,1,0.9947451847331282
1725,53,gradient_boosting_tuned,2,1,1,0.9977237960737834
1732,37,gradient_boosting_tuned,2,0,0,8.313245180532657e-07
1734,443,gradient_boosting_tuned,2,0,0,2.641187226680797e-06
1736,108,gradient_boosting_tuned,2,1,1,0.9999999343355014
1739,262,gradient_boosting_tuned,2,0,0,1.4629113696342245e-08
1740,412,gradient_boosting_tuned,2,0,0,2.5960253185796575e-08
1742,433,gradient_boosting_tuned,2,0,0,6.6536909280003384e-06
1764,32,gradient_boosting_tuned,2,1,1,0.9999205846046307
1765,85,gradient_boosting_tuned,2,0,0,5.008192319889631e-08
1781,541,gradient_boosting_tuned,2,1,1,0.9999999976682135
1783,146,gradient_boosting_tuned,2,0,0,0.0006507560214701774
1784,237,gradient_boosting_tuned,2,0,0,3.983274027519018e-07
1788,102,gradient_boosting_tuned,2,0,0,3.407346040891807e-08
1798,429,gradient_boosting_tuned,2,1,0,0.061396840781945974
1801,167,gradient_boosting_tuned,2,0,0,2.0913259544959536e-06
1809,262,gradient_boosting_tuned,2,0,0,1.4629113696342245e-08
1814,35,gradient_boosting_tuned,2,0,0,6.418017997423786e-07
1816,345,gradient_boosting_tuned,2,0,0,2.6225665105346687e-05
1823,276,gradient_boosting_tuned,2,1,1,0.8369727183659973
1825,429,gradient_boosting_tuned,2,1,0,0.06982132525494571
1827,108,gradient_boosting_tuned,2,1,1,0.9999999343355014
1832,304,gradient_boosting_tuned,2,1,1,0.9999538338019033
1835,361,gradient_boosting_tuned,2,0,0,1.16245951070821e-05
1838,167,gradient_boosting_tuned,2,0,0,2.0913259544959536e-06
1841,48,gradient_boosting_tuned,2,0,0,4.3015753802848066e-08
1843,331,gradient_boosting_tuned,2,0,0,4.3722475394340764e-07
1845,32,gradient_boosting_tuned,2,1,1,0.9999205846046307
1852,191,gradient_boosting_tuned,2,0,1,0.8614346031607301
1861,131,gradient_boosting_tuned,2,1,1,0.9999806659499861
1867,406,gradient_boosting_tuned,2,0,0,1.65530417063935e-06
1868,108,gradient_boosting_tuned,2,1,1,0.9999999343355014
1873,352,gradient_boosting_tuned,2,1,0,0.3964329202287041
1874,230,gradient_boosting_tuned,2,0,0,0.002524309722258413
1888,156,gradient_boosting_tuned,2,0,0,0.14541992297561687
1893,4,gradient_boosting_tuned,2,0,0,7.0433017698207e-08
1903,100,gradient_boosting_tuned,2,0,0,4.436960874290827e-09
1914,146,gradient_boosting_tuned,2,0,0,0.0009803231775306026
1916,131,gradient_boosting_tuned,2,1,1,0.9999809221960838
1918,393,gradient_boosting_tuned,2,1,1,0.9995247911958247
1924,174,gradient_boosting_tuned,2,1,1,0.9999999116405749
1932,361,gradient_boosting_tuned,2,0,0,1.951311128727495e-05
1934,230,gradient_boosting_tuned,2,0,0,0.0030445819336815637
1945,151,gradient_boosting_tuned,2,1,1,0.999997685483581
1950,100,gradient_boosting_tuned,2,0,0,4.436960874290827e-09
1958,146,gradient_boosting_tuned,2,0,0,0.0008829378148721304
1959,171,gradient_boosting_tuned,2,0,1,0.9977250355206113
1966,122,gradient_boosting_tuned,2,0,0,2.7735302913796624e-08
1968,173,gradient_boosting_tuned,2,0,0,3.812878672627454e-08
1971,35,gradient_boosting_tuned,2,0,0,5.592980053409409e-07
1983,458,gradient_boosting_tuned,2,1,0,0.04877831207118237
1985,276,gradient_boosting_tuned,2,1,1,0.817467355657954
1988,412,gradient_boosting_tuned,2,0,0,1.2649176029382902e-08
1993,122,gradient_boosting_tuned,2,0,0,2.7735302913796624e-08
1997,15,gradient_boosting_tuned,2,0,0,1.0185534951015773e-06
2001,4,gradient_boosting_tuned,2,0,0,6.137882977448399e-08
2003,102,gradient_boosting_tuned,2,0,0,3.407346040891807e-08
2006,114,gradient_boosting_tuned,2,1,1,0.5719068595756021
2012,173,gradient_boosting_tuned,2,0,0,3.812878672627454e-08
2016,161,gradient_boosting_tuned,2,0,0,5.533446315096194e-08
2017,492,gradient_boosting_tuned,2,0,0,0.10434004460722106
6,8,gradient_boosting_tuned,3,0,0,8.920710010595988e-08
11,13,gradient_boosting_tuned,3,1,1,0.9999999375927772
14,17,gradient_boosting_tuned,3,0,0,2.982339598307029e-08
20,23,gradient_boosting_tuned,3,0,0,3.387596422957372e-08
22,28,gradient_boosting_tuned,3,0,0,7.358237536218249e-11
24,31,gradient_boosting_tuned,3,0,0,0.0003023418962802572
26,33,gradient_boosting_tuned,3,0,0,5.052212447951434e-07
31,38,gradient_boosting_tuned,3,0,0,5.0680630684229845e-09
35,43,gradient_boosting_tuned,3,0,0,1.7110241629164863e-07
37,46,gradient_boosting_tuned,3,0,0,2.678592345784561e-08
45,54,gradient_boosting_tuned,3,0,0,2.4068983665236853e-07
53,69,gradient_boosting_tuned,3,1,1,0.9962220675393904
58,76,gradient_boosting_tuned,3,0,0,2.616654903290058e-10
68,86,gradient_boosting_tuned,3,0,0,4.2981532254602786e-10
70,89,gradient_boosting_tuned,3,1,1,0.9999189344964521
71,90,gradient_boosting_tuned,3,0,0,0.08142638124682079
84,105,gradient_boosting_tuned,3,0,1,0.9998085015175133
86,107,gradient_boosting_tuned,3,0,1,0.9542331452066773
94,117,gradient_boosting_tuned,3,0,0,0.03691845727147036
97,121,gradient_boosting_tuned,3,0,0,2.693833922896744e-06
99,123,gradient_boosting_tuned,3,1,1,0.9955305349903875
100,124,gradient_boosting_tuned,3,1,1,0.9999999964892266
101,125,gradient_boosting_tuned,3,1,1,0.9999887378180868
119,148,gradient_boosting_tuned,3,0,0,0.00012429961865130398
120,150,gradient_boosting_tuned,3,0,0,3.23136789994556e-09
124,154,gradient_boosting_tuned,3,1,0,0.007556158900614093
128,158,gradient_boosting_tuned,3,0,0,3.079806669173724e-06
129,159,gradient_boosting_tuned,3,1,1,0.9597042946974182
133,163,gradient_boosting_tuned,3,1,1,0.9999998978284828
134,165,gradient_boosting_tuned,3,0,0,4.909869259887292e-07
137,168,gradient_boosting_tuned,3,1,1,0.9999939584232901
150,184,gradient_boosting_tuned,3,0,0,5.800747704993056e-06
159,196,gradient_boosting_tuned,3,1,1,0.9997210329153772
162,199,gradient_boosting_tuned,3,0,0,4.1989867365353955e-09
163,201,gradient_boosting_tuned,3,0,0,5.031635678874911e-09
168,207,gradient_boosting_tuned,3,1,1,0.9999999985312475
177,221,gradient_boosting_tuned,3,0,0,1.0712937552674103e-08
186,231,gradient_boosting_tuned,3,1,0,0.0016631150897410078
188,235,gradient_boosting_tuned,3,0,0,1.5931199957022447e-05
197,245,gradient_boosting_tuned,3,1,1,0.699234748594648
209,259,gradient_boosting_tuned,3,0,1,0.659050716976501
211,261,gradient_boosting_tuned,3,0,0,1.5340709696498613e-10
224,279,gradient_boosting_tuned,3,1,0,0.3125257224563832
227,283,gradient_boosting_tuned,3,1,0,3.462946826034372e-06
234,290,gradient_boosting_tuned,3,0,0,0.23109931140489717
236,292,gradient_boosting_tuned,3,0,0,8.584419353063812e-08
238,296,gradient_boosting_tuned,3,1,0,0.03086862627347697
245,305,gradient_boosting_tuned,3,0,0,2.861484108991225e-09
247,307,gradient_boosting_tuned,3,1,1,0.9381881207274663
249,310,gradient_boosting_tuned,3,1,0,0.005616067191415036
254,318,gradient_boosting_tuned,3,0,0,2.019350202260599e-09
256,322,gradient_boosting_tuned,3,0,1,0.8628269666026036
257,323,gradient_boosting_tuned,3,0,1,0.9998042760693984
258,324,gradient_boosting_tuned,3,1,1,0.9999999994176574
259,325,gradient_boosting_tuned,3,0,0,5.393421249525744e-06
264,330,gradient_boosting_tuned,3,0,0,3.8525850627878715e-06
271,337,gradient_boosting_tuned,3,1,1,0.9999999915993637
276,344,gradient_boosting_tuned,3,0,0,0.0005642520655949548
295,371,gradient_boosting_tuned,3,1,1,0.9999999915126986
297,373,gradient_boosting_tuned,3,1,1,0.9999999872536641
305,383,gradient_boosting_tuned,3,0,0,0.3932164989749087
309,389,gradient_boosting_tuned,3,0,0,8.746531346065318e-09
317,401,gradient_boosting_tuned,3,0,0,7.983898145947448e-08
318,403,gradient_boosting_tuned,3,1,1,0.9999999999657245
324,409,gradient_boosting_tuned,3,0,0,5.7811333469793e-07
329,414,gradient_boosting_tuned,3,0,0,5.8408951366248e-09
339,424,gradient_boosting_tuned,3,0,0,2.2443216783199564e-05
342,427,gradient_boosting_tuned,3,0,0,8.997673291432415e-08
348,434,gradient_boosting_tuned,3,0,0,5.370379655678108e-07
357,446,gradient_boosting_tuned,3,1,1,0.999998258936238
358,447,gradient_boosting_tuned,3,0,0,0.005016160232365857
363,452,gradient_boosting_tuned,3,1,1,0.9338128219417159
368,459,gradient_boosting_tuned,3,1,0,2.4351701408892974e-06
370,461,gradient_boosting_tuned,3,0,0,0.0002151846185093266
373,466,gradient_boosting_tuned,3,0,0,1.5127806081528359e-05
376,470,gradient_boosting_tuned,3,1,0,0.05450171753473402
381,475,gradient_boosting_tuned,3,0,0,0.10532513375591568
383,478,gradient_boosting_tuned,3,1,1,0.9978432874295656
388,485,gradient_boosting_tuned,3,0,1,0.5377233018922848
401,499,gradient_boosting_tuned,3,0,0,1.6164163783453219e-09
402,500,gradient_boosting_tuned,3,0,0,1.462850484596537e-06
412,513,gradient_boosting_tuned,3,1,1,0.9999679854495837
414,515,gradient_boosting_tuned,3,0,0,0.05946418188743727
415,517,gradient_boosting_tuned,3,0,1,0.9367438558913106
417,519,gradient_boosting_tuned,3,0,0,7.407372683551753e-10
424,529,gradient_boosting_tuned,3,0,0,9.363186058922746e-10
427,535,gradient_boosting_tuned,3,0,0,7.121557662566936e-07
447,148,gradient_boosting_tuned,3,0,0,7.373390982535833e-05
448,424,gradient_boosting_tuned,3,0,0,2.2443216783199564e-05
451,245,gradient_boosting_tuned,3,1,1,0.6541483439763951
455,184,gradient_boosting_tuned,3,0,0,5.800747704993056e-06
459,54,gradient_boosting_tuned,3,0,0,2.792707195263144e-07
462,389,gradient_boosting_tuned,3,0,0,9.810114997250478e-09
463,43,gradient_boosting_tuned,3,0,0,1.711820616785426e-07
466,322,gradient_boosting_tuned,3,0,1,0.7420974194470001
468,292,gradient_boosting_tuned,3,0,0,9.628289994815469e-08
475,325,gradient_boosting_tuned,3,0,0,3.897176256066471e-06
490,513,gradient_boosting_tuned,3,1,1,0.9999573047514548
491,371,gradient_boosting_tuned,3,1,1,0.9999999915126986
494,124,gradient_boosting_tuned,3,1,1,0.9999999998034201
504,33,gradient_boosting_tuned,3,0,0,1.9956230085762822e-07
523,324,gradient_boosting_tuned,3,1,1,0.9999999992131605
524,261,gradient_boosting_tuned,3,0,0,2.4168290286311247e-09
526,529,gradient_boosting_tuned,3,0,0,1.1587889176641175e-09
528,150,gradient_boosting_tuned,3,0,0,3.23136789994556e-09
531,446,gradient_boosting_tuned,3,1,1,0.999998258936238
536,470,gradient_boosting_tuned,3,1,0,0.048881639933981494
546,235,gradient_boosting_tuned,3,0,0,1.8380958572407624e-05
547,292,gradient_boosting_tuned,3,0,0,9.628289994815469e-08
548,33,gradient_boosting_tuned,3,0,0,5.052212447951434e-07
559,424,gradient_boosting_tuned,3,0,0,3.240660897792462e-05
562,89,gradient_boosting_tuned,3,1,1,0.9999189344964521
571,447,gradient_boosting_tuned,3,0,0,0.005016160232365857
575,292,gradient_boosting_tuned,3,0,0,9.628289994815469e-08
578,324,gradient_boosting_tuned,3,1,1,0.9999999726802048
581,290,gradient_boosting_tuned,3,0,0,0.23109931140489717
585,515,gradient_boosting_tuned,3,0,0,0.06621626151193782
587,323,gradient_boosting_tuned,3,0,1,0.9998042760693984
590,424,gradient_boosting_tuned,3,0,0,2.5838299952415386e-05
594,434,gradient_boosting_tuned,3,0,0,3.719223257914063e-07
599,499,gradient_boosting_tuned,3,0,0,1.6164163783453219e-09
600,330,gradient_boosting_tuned,3,0,0,3.8525850627878715e-06
603,17,gradient_boosting_tuned,3,0,0,2.982339598307029e-08
604,107,gradient_boosting_tuned,3,0,1,0.9542331452066773
605,165,gradient_boosting_tuned,3,0,0,6.158038214702591e-07
608,196,gradient_boosting_tuned,3,1,1,0.9996820391082657
613,148,gradient_boosting_tuned,3,0,0,6.354831195396412e-05
616,121,gradient_boosting_tuned,3,0,0,2.693833922896744e-06
618,427,gradient_boosting_tuned,3,0,0,7.501291008067394e-08
621,325,gradient_boosting_tuned,3,0,0,3.897176256066471e-06
622,535,gradient_boosting_tuned,3,0,0,7.121557662566936e-07
628,424,gradient_boosting_tuned,3,0,0,2.2443216783199564e-05
629,283,gradient_boosting_tuned,3,1,0,3.462946826034372e-06
630,434,gradient_boosting_tuned,3,0,0,3.719223257914063e-07
639,54,gradient_boosting_tuned,3,0,0,2.792707195263144e-07
642,337,gradient_boosting_tuned,3,1,1,0.9999999915993637
643,107,gradient_boosting_tuned,3,0,1,0.9605108583262759
647,535,gradient_boosting_tuned,3,0,0,7.121557662566936e-07
652,401,gradient_boosting_tuned,3,0,0,6.365646080079257e-08
657,344,gradient_boosting_tuned,3,0,0,0.0005642520655949548
658,154,gradient_boosting_tuned,3,1,0,0.007556158900614093
664,8,gradient_boosting_tuned,3,0,0,8.206304930080003e-08
669,325,gradient_boosting_tuned,3,0,0,3.897176256066471e-06
692,324,gradient_boosting_tuned,3,1,1,0.99999999932303
699,150,gradient_boosting_tuned,3,0,0,3.23136789994556e-09
704,90,gradient_boosting_tuned,3,0,0,0.018155696729873404
706,500,gradient_boosting_tuned,3,0,0,1.462850484596537e-06
707,344,gradient_boosting_tuned,3,0,0,0.0005642520655949548
709,283,gradient_boosting_tuned,3,1,0,3.462946826034372e-06
710,33,gradient_boosting_tuned,3,0,0,1.9956230085762822e-07
721,517,gradient_boosting_tuned,3,0,1,0.9513899370367255
723,499,gradient_boosting_tuned,3,0,0,1.6164163783453219e-09
729,23,gradient_boosting_tuned,3,0,0,2.825705416168127e-08
730,461,gradient_boosting_tuned,3,0,0,0.0002151846185093266
733,105,gradient_boosting_tuned,3,0,1,0.9998085015175133
736,519,gradient_boosting_tuned,3,0,0,9.290448956236577e-10
742,310,gradient_boosting_tuned,3,1,0,0.006400579536545041
743,221,gradient_boosting_tuned,3,0,0,1.3301938009870363e-08
754,121,gradient_boosting_tuned,3,0,0,2.247016324910013e-06
755,322,gradient_boosting_tuned,3,0,1,0.7420974194470001
762,330,gradient_boosting_tuned,3,0,0,3.8525850627878715e-06
773,401,gradient_boosting_tuned,3,0,0,6.365646080079257e-08
774,154,gradient_boosting_tuned,3,1,0,0.007556158900614093
783,452,gradient_boosting_tuned,3,1,1,0.9034620552752126
793,165,gradient_boosting_tuned,3,0,0,3.960045125443085e-07
799,158,gradient_boosting_tuned,3,0,0,3.079806669173724e-06
805,499,gradient_boosting_tuned,3,0,0,1.6164163783453219e-09
810,117,gradient_boosting_tuned,3,0,0,0.03691845727147036
815,434,gradient_boosting_tuned,3,0,0,5.370379655678108e-07
819,322,gradient_boosting_tuned,3,0,1,0.7420974194470001
821,43,gradient_boosting_tuned,3,0,0,1.7110241629164863e-07
822,499,gradient_boosting_tuned,3,0,0,1.6164163783453219e-09
826,305,gradient_boosting_tuned,3,0,0,3.301505839710792e-09
827,259,gradient_boosting_tuned,3,0,1,0.659050716976501
828,373,gradient_boosting_tuned,3,1,1,0.9999999872536641
831,69,gradient_boosting_tuned,3,1,1,0.9967306321015216
832,13,gradient_boosting_tuned,3,1,1,0.9999999375927772
835,168,gradient_boosting_tuned,3,1,1,0.9999939584232901
837,290,gradient_boosting_tuned,3,0,0,0.23109931140489717
840,307,gradient_boosting_tuned,3,1,1,0.9189685092752703
843,235,gradient_boosting_tuned,3,0,0,1.5931199957022447e-05
849,163,gradient_boosting_tuned,3,1,1,0.9999999341771514
854,485,gradient_boosting_tuned,3,0,1,0.5377233018922848
864,371,gradient_boosting_tuned,3,1,1,0.999999990020589
866,383,gradient_boosting_tuned,3,0,0,0.3932164989749087
867,371,gradient_boosting_tuned,3,1,1,0.999999765010467
868,259,gradient_boosting_tuned,3,0,1,0.659050716976501
875,121,gradient_boosting_tuned,3,0,0,1.735473746012492e-06
881,519,gradient_boosting_tuned,3,0,0,9.290448956236577e-10
882,159,gradient_boosting_tuned,3,1,1,0.9597042946974182
885,38,gradient_boosting_tuned,3,0,0,5.0680630684229845e-09
893,414,gradient_boosting_tuned,3,0,0,5.8408951366248e-09
899,485,gradient_boosting_tuned,3,0,0,0.46805959826884325
900,461,gradient_boosting_tuned,3,0,0,0.0002151846185093266
904,414,gradient_boosting_tuned,3,0,0,7.636831964523243e-09
906,324,gradient_boosting_tuned,3,1,1,0.9999999892880987
909,117,gradient_boosting_tuned,3,0,0,0.03691845727147036
915,207,gradient_boosting_tuned,3,1,1,0.9999999985312475
919,8,gradient_boosting_tuned,3,0,0,7.112576059994595e-08
921,159,gradient_boosting_tuned,3,1,1,0.9597042946974182
929,69,gradient_boosting_tuned,3,1,1,0.9972714332443959
937,158,gradient_boosting_tuned,3,0,0,3.079806669173724e-06
938,231,gradient_boosting_tuned,3,1,0,0.0016631150897410078
940,31,gradient_boosting_tuned,3,0,0,0.0003023418962802572
942,124,gradient_boosting_tuned,3,1,1,0.9999999998034201
943,452,gradient_boosting_tuned,3,1,1,0.9034620552752126
952,383,gradient_boosting_tuned,3,0,0,0.3932164989749087
953,168,gradient_boosting_tuned,3,1,1,0.9999939584232901
955,201,gradient_boosting_tuned,3,0,0,5.031635678874911e-09
970,283,gradient_boosting_tuned,3,1,0,3.462946826034372e-06
973,515,gradient_boosting_tuned,3,0,0,0.05271107903868903
981,89,gradient_boosting_tuned,3,1,1,0.9999189344964521
982,371,gradient_boosting_tuned,3,1,1,0.9999997267057347
987,485,gradient_boosting_tuned,3,0,1,0.5377233018922848
992,245,gradient_boosting_tuned,3,1,1,0.6658942680683395
993,470,gradient_boosting_tuned,3,1,0,0.05450171753473402
994,184,gradient_boosting_tuned,3,0,0,3.9960030258130235e-06
1004,17,gradient_boosting_tuned,3,0,0,2.982339598307029e-08
1006,414,gradient_boosting_tuned,3,0,0,5.8408951366248e-09
1012,452,gradient_boosting_tuned,3,1,1,0.8803889814378089
1034,107,gradient_boosting_tuned,3,0,1,0.9605108583262759
1042,529,gradient_boosting_tuned,3,0,0,7.46536674069135e-10
1047,107,gradient_boosting_tuned,3,0,1,0.9542331452066773
1049,325,gradient_boosting_tuned,3,0,0,3.897176256066471e-06
1060,337,gradient_boosting_tuned,3,1,1,0.9999999915993637
1073,414,gradient_boosting_tuned,3,0,0,7.636831964523243e-09
1077,344,gradient_boosting_tuned,3,0,0,0.0005642520655949548
1078,475,gradient_boosting_tuned,3,0,0,0.10532513375591568
1084,163,gradient_boosting_tuned,3,1,1,0.9999998978284828
1087,427,gradient_boosting_tuned,3,0,0,1.0091795859677257e-07
1089,305,gradient_boosting_tuned,3,0,0,2.861484108991225e-09
1090,325,gradient_boosting_tuned,3,0,0,3.897176256066471e-06
1093,159,gradient_boosting_tuned,3,1,1,0.9543273334008386
1096,478,gradient_boosting_tuned,3,1,1,0.9998721248460392
1097,245,gradient_boosting_tuned,3,1,1,0.6969279918968752
1103,196,gradient_boosting_tuned,3,1,1,0.9996636491116833
1105,446,gradient_boosting_tuned,3,1,1,0.999998258936238
1107,33,gradient_boosting_tuned,3,0,0,1.9956230085762822e-07
1116,8,gradient_boosting_tuned,3,0,0,1.0292482740251851e-07
1118,76,gradient_boosting_tuned,3,0,0,2.616654903290058e-10
1127,337,gradient_boosting_tuned,3,1,1,0.9999999915993637
1131,292,gradient_boosting_tuned,3,0,0,9.628289994815469e-08
1136,500,gradient_boosting_tuned,3,0,0,1.462850484596537e-06
1140,148,gradient_boosting_tuned,3,0,0,0.00014341092160839936
1158,259,gradient_boosting_tuned,3,0,1,0.659050716976501
1159,148,gradient_boosting_tuned,3,0,0,0.00012429961865130398
1160,461,gradient_boosting_tuned,3,0,0,0.0002151846185093266
1161,470,gradient_boosting_tuned,3,1,0,0.03580638760989214
1162,283,gradient_boosting_tuned,3,1,0,3.462946826034372e-06
1173,310,gradient_boosting_tuned,3,1,0,0.005616067191415036
1175,158,gradient_boosting_tuned,3,0,0,3.079806669173724e-06
1182,43,gradient_boosting_tuned,3,0,0,1.8416833263053545e-07
1187,148,gradient_boosting_tuned,3,0,0,7.373390982535833e-05
1191,296,gradient_boosting_tuned,3,1,0,0.026515922410816743
1192,105,gradient_boosting_tuned,3,0,1,0.9998340200269368
1193,383,gradient_boosting_tuned,3,0,0,0.3932164989749087
1194,117,gradient_boosting_tuned,3,0,0,0.03691845727147036
1195,17,gradient_boosting_tuned,3,0,0,2.982339598307029e-08
1207,245,gradient_boosting_tuned,3,1,1,0.5857336119352493
1208,69,gradient_boosting_tuned,3,1,1,0.9967306321015216
1210,371,gradient_boosting_tuned,3,1,1,0.999999965411052
1220,337,gradient_boosting_tuned,3,1,1,0.9999999915993637
1221,235,gradient_boosting_tuned,3,0,0,9.695772553894105e-06
1222,452,gradient_boosting_tuned,3,1,1,0.8803889814378089
1224,373,gradient_boosting_tuned,3,1,1,0.9999999824000422
1236,371,gradient_boosting_tuned,3,1,1,0.9999996812101447
1240,148,gradient_boosting_tuned,3,0,0,0.00012429961865130398
1242,305,gradient_boosting_tuned,3,0,0,2.861484108991225e-09
1247,107,gradient_boosting_tuned,3,0,1,0.9542331452066773
1249,46,gradient_boosting_tuned,3,0,0,4.157763695229901e-08
1250,23,gradient_boosting_tuned,3,0,0,3.387596422957372e-08
1254,401,gradient_boosting_tuned,3,0,0,7.983898145947448e-08
1260,199,gradient_boosting_tuned,3,0,0,4.1989867365353955e-09
1262,485,gradient_boosting_tuned,3,0,1,0.5377233018922848
1263,485,gradient_boosting_tuned,3,0,1,0.5635308249544277
1264,499,gradient_boosting_tuned,3,0,0,1.6164163783453219e-09
1287,330,gradient_boosting_tuned,3,0,0,3.8525850627878715e-06
1291,344,gradient_boosting_tuned,3,0,0,0.0005642520655949548
1302,121,gradient_boosting_tuned,3,0,0,2.693833922896744e-06
1306,90,gradient_boosting_tuned,3,0,0,0.08142638124682079
1315,89,gradient_boosting_tuned,3,1,1,0.9999189344964521
1320,409,gradient_boosting_tuned,3,0,0,3.723998760176977e-07
1329,517,gradient_boosting_tuned,3,0,1,0.9367438558913106
1334,535,gradient_boosting_tuned,3,0,0,7.121557662566936e-07
1338,121,gradient_boosting_tuned,3,0,0,2.693833922896744e-06
1343,90,gradient_boosting_tuned,3,0,0,0.08142638124682079
1355,46,gradient_boosting_tuned,3,0,0,6.016626223123452e-08
1356,123,gradient_boosting_tuned,3,1,1,0.9996458252268858
1357,535,gradient_boosting_tuned,3,0,0,7.121557662566936e-07
1359,322,gradient_boosting_tuned,3,0,1,0.8426608488210366
1363,485,gradient_boosting_tuned,3,0,1,0.5377233018922848
1365,123,gradient_boosting_tuned,3,1,1,0.9955305349903875
1368,90,gradient_boosting_tuned,3,0,0,0.08142638124682079
1388,279,gradient_boosting_tuned,3,1,0,0.42978263736637085
1396,424,gradient_boosting_tuned,3,0,0,2.5838299952415386e-05
1420,43,gradient_boosting_tuned,3,0,0,1.8416833263053545e-07
1444,148,gradient_boosting_tuned,3,0,0,7.373390982535833e-05
1461,235,gradient_boosting_tuned,3,0,0,1.5931199957022447e-05
1463,90,gradient_boosting_tuned,3,0,0,0.04995411308164469
1473,461,gradient_boosting_tuned,3,0,0,0.00021518392090372535
1474,296,gradient_boosting_tuned,3,1,0,0.026515922410816743
1476,76,gradient_boosting_tuned,3,0,0,2.616654903290058e-10
1479,261,gradient_boosting_tuned,3,0,0,1.76997113177205e-10
1481,383,gradient_boosting_tuned,3,0,0,0.3932164989749087
1488,517,gradient_boosting_tuned,3,0,1,0.9583097423103144
1507,475,gradient_boosting_tuned,3,0,0,0.10532513375591568
1509,86,gradient_boosting_tuned,3,0,0,4.2981532254602786e-10
1510,107,gradient_boosting_tuned,3,0,1,0.9479091744031833
1514,13,gradient_boosting_tuned,3,1,1,0.9999999375927772
1517,373,gradient_boosting_tuned,3,1,1,0.9999999872536641
1519,325,gradient_boosting_tuned,3,0,0,3.897176256066471e-06
1522,199,gradient_boosting_tuned,3,0,0,3.5025127034119403e-09
1527,470,gradient_boosting_tuned,3,1,0,0.03580638760989214
1529,165,gradient_boosting_tuned,3,0,0,6.158038214702591e-07
1534,515,gradient_boosting_tuned,3,0,1,0.5145208034078758
1538,310,gradient_boosting_tuned,3,1,0,0.005616067191415036
1549,383,gradient_boosting_tuned,3,0,0,0.3932164989749087
1556,123,gradient_boosting_tuned,3,1,1,0.9917506957810693
1559,513,gradient_boosting_tuned,3,1,1,0.9999679854495837
1561,17,gradient_boosting_tuned,3,0,0,2.982339598307029e-08
1562,283,gradient_boosting_tuned,3,1,0,3.462946826034372e-06
1566,324,gradient_boosting_tuned,3,1,1,0.9999999913677181
1580,279,gradient_boosting_tuned,3,1,1,0.5003032234732978
1583,475,gradient_boosting_tuned,3,0,0,0.07839638018321743
1587,159,gradient_boosting_tuned,3,1,1,0.9597042946974182
1589,43,gradient_boosting_tuned,3,0,0,1.7116754867304922e-07
1602,168,gradient_boosting_tuned,3,1,1,0.9999939584232901
1604,325,gradient_boosting_tuned,3,0,0,6.049260666725117e-06
1607,371,gradient_boosting_tuned,3,1,1,0.9999999915126986
1610,459,gradient_boosting_tuned,3,1,0,2.4351701408892974e-06
1620,8,gradient_boosting_tuned,3,0,0,1.0292482740251851e-07
1622,337,gradient_boosting_tuned,3,1,1,0.9999999915993637
1629,31,gradient_boosting_tuned,3,0,0,0.0002559712101358286
1635,414,gradient_boosting_tuned,3,0,0,5.8408951366248e-09
1646,499,gradient_boosting_tuned,3,0,0,1.6164163783453219e-09
1654,201,gradient_boosting_tuned,3,0,0,5.031635678874911e-09
1663,158,gradient_boosting_tuned,3,0,0,3.079806669173724e-06
1674,158,gradient_boosting_tuned,3,0,0,3.079806669173724e-06
1691,76,gradient_boosting_tuned,3,0,0,1.685750371174694e-10
1692,207,gradient_boosting_tuned,3,1,1,0.9999999982865566
1694,459,gradient_boosting_tuned,3,1,0,2.4351701408892974e-06
1695,33,gradient_boosting_tuned,3,0,0,1.5911312817257748e-07
1697,199,gradient_boosting_tuned,3,0,0,4.1989867365353955e-09
1699,124,gradient_boosting_tuned,3,1,1,0.9999999998034201
1700,292,gradient_boosting_tuned,3,0,0,9.628289994815469e-08
1702,158,gradient_boosting_tuned,3,0,0,3.079806669173724e-06
1718,323,gradient_boosting_tuned,3,0,1,0.9998303575537375
1719,17,gradient_boosting_tuned,3,0,0,2.982339598307029e-08
1727,33,gradient_boosting_tuned,3,0,0,5.052212447951434e-07
1729,121,gradient_boosting_tuned,3,0,0,2.693833922896744e-06
1730,76,gradient_boosting_tuned,3,0,0,1.685750371174694e-10
1737,150,gradient_boosting_tuned,3,0,0,3.23136789994556e-09
1745,221,gradient_boosting_tuned,3,0,0,1.0712937552674103e-08
1746,283,gradient_boosting_tuned,3,1,0,3.462946826034372e-06
1752,434,gradient_boosting_tuned,3,0,0,4.281860658386346e-07
1753,478,gradient_boosting_tuned,3,1,1,0.9952704501335117
1760,475,gradient_boosting_tuned,3,0,0,0.07839638018321743
1761,446,gradient_boosting_tuned,3,1,1,0.999998258936238
1779,163,gradient_boosting_tuned,3,1,1,0.9999998978284828
1785,221,gradient_boosting_tuned,3,0,0,1.0712937552674103e-08
1787,124,gradient_boosting_tuned,3,1,1,0.9999999954525134
1793,513,gradient_boosting_tuned,3,1,1,0.9999684541142216
1794,8,gradient_boosting_tuned,3,0,0,8.920710010595988e-08
1795,373,gradient_boosting_tuned,3,1,1,0.9999999576094762
1800,201,gradient_boosting_tuned,3,0,0,5.031635678874911e-09
1802,69,gradient_boosting_tuned,3,1,1,0.9967306321015216
1808,529,gradient_boosting_tuned,3,0,0,9.363186058922746e-10
1810,279,gradient_boosting_tuned,3,1,1,0.5003032234732978
1819,459,gradient_boosting_tuned,3,1,0,2.4351701408892974e-06
1840,427,gradient_boosting_tuned,3,0,0,6.5015257472744e-08
1846,148,gradient_boosting_tuned,3,0,0,7.373390982535833e-05
1848,245,gradient_boosting_tuned,3,1,1,0.7284345748018226
1850,123,gradient_boosting_tuned,3,1,1,0.9917506957810693
1859,403,gradient_boosting_tuned,3,1,1,0.9999999999657245
1871,475,gradient_boosting_tuned,3,0,0,0.10532513375591568
1876,519,gradient_boosting_tuned,3,0,0,9.290448956236577e-10
1881,165,gradient_boosting_tuned,3,0,0,6.158038214702591e-07
1890,38,gradient_boosting_tuned,3,0,0,5.0680630684229845e-09
1894,76,gradient_boosting_tuned,3,0,0,1.685750371174694e-10
1896,414,gradient_boosting_tuned,3,0,0,5.8408951366248e-09
1898,283,gradient_boosting_tuned,3,1,0,3.038143794828541e-06
1911,535,gradient_boosting_tuned,3,0,0,7.121557662566936e-07
1917,28,gradient_boosting_tuned,3,0,0,7.358237536218249e-11
1921,159,gradient_boosting_tuned,3,1,1,0.9543273334008386
1925,261,gradient_boosting_tuned,3,0,0,1.5340709696498613e-10
1926,373,gradient_boosting_tuned,3,1,1,0.9999999576094762
1927,485,gradient_boosting_tuned,3,0,0,0.4910168081217539
1928,201,gradient_boosting_tuned,3,0,0,5.031635678874911e-09
1936,76,gradient_boosting_tuned,3,0,0,2.616654903290058e-10
1952,401,gradient_boosting_tuned,3,0,0,6.659631664576025e-08
1962,207,gradient_boosting_tuned,3,1,1,0.9999999985312475
1969,124,gradient_boosting_tuned,3,1,1,0.9999999954525134
1974,207,gradient_boosting_tuned,3,1,1,0.9999999985312475
1980,519,gradient_boosting_tuned,3,0,0,7.407372683551753e-10
1984,475,gradient_boosting_tuned,3,0,0,0.10532513375591568
1987,148,gradient_boosting_tuned,3,0,0,0.00014341092160839936
1996,245,gradient_boosting_tuned,3,1,1,0.5857336119352493
1998,470,gradient_boosting_tuned,3,1,0,0.03580638760989214
2000,292,gradient_boosting_tuned,3,0,0,6.202917307355791e-08
2002,325,gradient_boosting_tuned,3,0,0,3.897176256066471e-06
2009,324,gradient_boosting_tuned,3,1,1,0.9999999789084353
2011,485,gradient_boosting_tuned,3,0,1,0.5635308249544277
2015,107,gradient_boosting_tuned,3,0,1,0.948452267061742
2018,414,gradient_boosting_tuned,3,0,0,5.8408951366248e-09
2023,529,gradient_boosting_tuned,3,0,0,9.363186058922746e-10
2028,89,gradient_boosting_tuned,3,1,1,0.9999189344964521
1,3,gradient_boosting_tuned,4,1,1,0.9999993517640039
4,6,gradient_boosting_tuned,4,0,0,0.00041197341112993104
5,7,gradient_boosting_tuned,4,0,0,1.7348731025875023e-07
41,50,gradient_boosting_tuned,4,1,1,0.9999962048323034
42,51,gradient_boosting_tuned,4,1,1,0.9999999989868895
46,55,gradient_boosting_tuned,4,0,0,8.754186367784702e-08
49,59,gradient_boosting_tuned,4,0,0,2.425662900030784e-08
51,62,gradient_boosting_tuned,4,1,1,0.9999999842724552
52,65,gradient_boosting_tuned,4,0,0,5.1363960852084295e-05
63,81,gradient_boosting_tuned,4,0,0,0.0009754310760919952
65,83,gradient_boosting_tuned,4,0,0,2.2273050195420354e-08
72,91,gradient_boosting_tuned,4,0,0,6.570353652185499e-10
73,92,gradient_boosting_tuned,4,0,0,8.36517584859591e-09
74,93,gradient_boosting_tuned,4,0,0,4.6867307750072464e-08
75,94,gradient_boosting_tuned,4,0,0,3.6857590222363946e-07
77,96,gradient_boosting_tuned,4,1,1,0.9999999928250172
82,103,gradient_boosting_tuned,4,1,1,0.9999999985030534
83,104,gradient_boosting_tuned,4,0,0,6.91214829915662e-09
88,109,gradient_boosting_tuned,4,1,1,0.9999999684748496
89,110,gradient_boosting_tuned,4,0,0,0.1545833089616529
104,128,gradient_boosting_tuned,4,0,0,1.9600469794989487e-08
107,132,gradient_boosting_tuned,4,0,0,9.215926145561662e-05
109,135,gradient_boosting_tuned,4,0,0,1.0484420775837021e-09
110,137,gradient_boosting_tuned,4,0,0,2.4516183611783296e-05
112,141,gradient_boosting_tuned,4,0,0,8.072818515525802e-08
122,152,gradient_boosting_tuned,4,1,1,0.999999084749219
127,157,gradient_boosting_tuned,4,0,0,0.0006103403752435964
138,169,gradient_boosting_tuned,4,1,1,0.9999999985764041
149,182,gradient_boosting_tuned,4,0,1,0.9999752963614544
155,192,gradient_boosting_tuned,4,1,1,0.9999999998630089
174,216,gradient_boosting_tuned,4,0,0,0.24609655015360066
178,222,gradient_boosting_tuned,4,1,1,0.9999454857056417
187,233,gradient_boosting_tuned,4,1,1,0.9999999970387075
191,238,gradient_boosting_tuned,4,1,0,0.0006032973670638035
192,239,gradient_boosting_tuned,4,0,0,0.21341736891715707
194,242,gradient_boosting_tuned,4,0,0,6.316958950588932e-08
195,243,gradient_boosting_tuned,4,0,0,0.00024073116703600948
199,248,gradient_boosting_tuned,4,1,1,0.9999999991216642
201,250,gradient_boosting_tuned,4,0,0,1.7855552069146228e-05
202,251,gradient_boosting_tuned,4,1,1,0.9999999954901506
214,264,gradient_boosting_tuned,4,0,0,5.459674023965389e-07
218,268,gradient_boosting_tuned,4,1,1,0.7436069294162467
221,271,gradient_boosting_tuned,4,0,0,0.2726977767387934
223,278,gradient_boosting_tuned,4,1,0,6.920448949021607e-08
228,284,gradient_boosting_tuned,4,0,0,1.6421239912463072e-05
241,299,gradient_boosting_tuned,4,0,0,5.19987241924554e-06
246,306,gradient_boosting_tuned,4,0,0,2.7707163514160216e-06
250,311,gradient_boosting_tuned,4,0,0,9.894414566520412e-08
252,315,gradient_boosting_tuned,4,1,0,0.2785850112691411
263,329,gradient_boosting_tuned,4,1,1,0.9999999999919618
270,336,gradient_boosting_tuned,4,0,0,4.901411035293961e-08
272,338,gradient_boosting_tuned,4,1,1,0.9999999998865345
294,369,gradient_boosting_tuned,4,1,1,0.9999974178048296
296,372,gradient_boosting_tuned,4,0,0,9.393129904447613e-06
302,379,gradient_boosting_tuned,4,0,0,1.382725639104669e-06
303,381,gradient_boosting_tuned,4,0,0,3.3865773548414558e-06
307,387,gradient_boosting_tuned,4,0,0,1.5208115491206357e-06
310,390,gradient_boosting_tuned,4,0,0,2.2702560674971024e-05
314,396,gradient_boosting_tuned,4,1,1,0.9999998359743594
322,407,gradient_boosting_tuned,4,0,0,1.9786174410445182e-08
326,411,gradient_boosting_tuned,4,0,0,1.7426828804382675e-07
331,416,gradient_boosting_tuned,4,1,1,0.9999998988852692
332,417,gradient_boosting_tuned,4,0,0,2.6838185865408027e-09
335,420,gradient_boosting_tuned,4,0,0,2.0693483884539014e-08
338,423,gradient_boosting_tuned,4,1,1,0.999509291352876
340,425,gradient_boosting_tuned,4,0,0,2.561491385213052e-10
345,430,gradient_boosting_tuned,4,1,1,0.9999999391325111
349,435,gradient_boosting_tuned,4,1,1,0.9999999569291654
352,438,gradient_boosting_tuned,4,1,1,0.9999914492879598
369,460,gradient_boosting_tuned,4,0,0,1.0105395716584112e-09
372,463,gradient_boosting_tuned,4,1,1,0.9999999829491625
375,469,gradient_boosting_tuned,4,0,1,0.9973221235846061
377,471,gradient_boosting_tuned,4,1,1,0.99666759961277
378,472,gradient_boosting_tuned,4,1,1,0.7156077927599046
382,477,gradient_boosting_tuned,4,0,0,8.584131398446793e-07
384,480,gradient_boosting_tuned,4,0,0,0.005074251109799563
387,484,gradient_boosting_tuned,4,1,1,0.9813584947574079
390,488,gradient_boosting_tuned,4,0,0,0.008461601629693206
393,491,gradient_boosting_tuned,4,0,0,0.00012598656400648818
405,506,gradient_boosting_tuned,4,0,0,7.639918054876288e-09
406,507,gradient_boosting_tuned,4,0,1,0.9279073629303753
410,511,gradient_boosting_tuned,4,0,1,0.999776987643478
416,518,gradient_boosting_tuned,4,0,0,0.03353454646767568
421,526,gradient_boosting_tuned,4,0,0,4.16398444379295e-07
426,532,gradient_boosting_tuned,4,0,0,4.874177895738517e-08
429,537,gradient_boosting_tuned,4,0,0,6.33363405872875e-09
435,278,gradient_boosting_tuned,4,1,0,6.920448949021607e-08
439,315,gradient_boosting_tuned,4,1,0,0.2785850112691411
452,152,gradient_boosting_tuned,4,1,1,0.999999084749219
453,511,gradient_boosting_tuned,4,0,1,0.9995209875166724
454,460,gradient_boosting_tuned,4,0,0,1.0105395716584112e-09
461,336,gradient_boosting_tuned,4,0,0,4.4370619784999254e-08
471,83,gradient_boosting_tuned,4,0,0,2.2273050195420354e-08
472,92,gradient_boosting_tuned,4,0,0,5.9008273005189125e-09
477,132,gradient_boosting_tuned,4,0,0,9.215926145561662e-05
481,306,gradient_boosting_tuned,4,0,0,2.7707163514160216e-06
484,96,gradient_boosting_tuned,4,1,1,0.9999999928250172
488,369,gradient_boosting_tuned,4,1,1,0.9999985262583394
497,59,gradient_boosting_tuned,4,0,0,2.425662900030784e-08
503,81,gradient_boosting_tuned,4,0,0,0.0009754310760919952
508,372,gradient_boosting_tuned,4,0,0,1.0753474663898476e-05
517,329,gradient_boosting_tuned,4,1,1,0.9999999999919618
519,411,gradient_boosting_tuned,4,0,0,1.7426828804382675e-07
538,526,gradient_boosting_tuned,4,0,0,4.16398444379295e-07
558,430,gradient_boosting_tuned,4,1,1,0.9999999185088619
560,62,gradient_boosting_tuned,4,1,1,0.9999999842724552
564,233,gradient_boosting_tuned,4,1,1,0.9999999967288011
566,460,gradient_boosting_tuned,4,0,0,1.0105395716584112e-09
570,81,gradient_boosting_tuned,4,0,0,0.0008514404970872845
572,137,gradient_boosting_tuned,4,0,0,2.4516183611783296e-05
574,369,gradient_boosting_tuned,4,1,1,0.9999985262583394
577,169,gradient_boosting_tuned,4,1,1,0.9999999985764041
583,222,gradient_boosting_tuned,4,1,1,0.9998700872722385
588,92,gradient_boosting_tuned,4,0,0,8.36517584859591e-09
595,94,gradient_boosting_tuned,4,0,0,3.6857590222363946e-07
606,537,gradient_boosting_tuned,4,0,0,6.33363405872875e-09
607,192,gradient_boosting_tuned,4,1,1,0.9999999998630089
610,137,gradient_boosting_tuned,4,0,0,2.4516183611783296e-05
611,94,gradient_boosting_tuned,4,0,0,3.0000589365576817e-07
615,315,gradient_boosting_tuned,4,1,0,0.2785850112691411
619,471,gradient_boosting_tuned,4,1,1,0.99666759961277
623,518,gradient_boosting_tuned,4,0,0,0.0324599582406542
625,137,gradient_boosting_tuned,4,0,0,2.4520968389258877e-05
634,438,gradient_boosting_tuned,4,1,1,0.9999914492879598
638,491,gradient_boosting_tuned,4,0,0,0.00012598656400648818
650,469,gradient_boosting_tuned,4,0,1,0.9988896034532548
656,306,gradient_boosting_tuned,4,0,0,2.422772037547656e-06
663,372,gradient_boosting_tuned,4,0,0,9.393129904447613e-06
670,238,gradient_boosting_tuned,4,1,0,0.0006032973670638035
674,420,gradient_boosting_tuned,4,0,0,2.0693483884539014e-08
681,135,gradient_boosting_tuned,4,0,0,9.150572364569936e-10
689,438,gradient_boosting_tuned,4,1,1,0.9999914492879598
693,103,gradient_boosting_tuned,4,1,1,0.9999999985030534
700,477,gradient_boosting_tuned,4,0,0,5.057501734984848e-07
716,94,gradient_boosting_tuned,4,0,0,3.6857590222363946e-07
717,420,gradient_boosting_tuned,4,0,0,1.809480670048754e-08
726,420,gradient_boosting_tuned,4,0,0,2.0693483884539014e-08
747,416,gradient_boosting_tuned,4,1,1,0.9999998841461141
748,222,gradient_boosting_tuned,4,1,1,0.9998700872722385
759,239,gradient_boosting_tuned,4,0,0,0.19718550361335924
761,110,gradient_boosting_tuned,4,0,0,0.1545833089616529
765,238,gradient_boosting_tuned,4,1,0,0.0006032973670638035
767,251,gradient_boosting_tuned,4,1,1,0.9999999954901506
771,430,gradient_boosting_tuned,4,1,1,0.9999999185088619
777,390,gradient_boosting_tuned,4,0,0,2.2702560674971024e-05
792,425,gradient_boosting_tuned,4,0,0,2.347573499256754e-10
795,463,gradient_boosting_tuned,4,1,1,0.9999999853914445
798,338,gradient_boosting_tuned,4,1,1,0.9999999998865345
812,110,gradient_boosting_tuned,4,0,0,0.17178127698042223
818,491,gradient_boosting_tuned,4,0,0,0.00012598656400648818
824,411,gradient_boosting_tuned,4,0,0,1.7426828804382675e-07
829,381,gradient_boosting_tuned,4,0,0,3.322998839827913e-06
830,91,gradient_boosting_tuned,4,0,0,6.570353652185499e-10
836,379,gradient_boosting_tuned,4,0,0,1.382725639104669e-06
850,51,gradient_boosting_tuned,4,1,1,0.9999999956115175
851,243,gradient_boosting_tuned,4,0,0,0.00024073116703600948
858,152,gradient_boosting_tuned,4,1,1,0.999999084749219
861,7,gradient_boosting_tuned,4,0,0,1.7348731025875023e-07
870,390,gradient_boosting_tuned,4,0,0,1.812424735734306e-05
871,182,gradient_boosting_tuned,4,0,1,0.9999742290468852
877,526,gradient_boosting_tuned,4,0,0,4.16398444379295e-07
883,390,gradient_boosting_tuned,4,0,0,2.2702560674971024e-05
886,96,gradient_boosting_tuned,4,1,1,0.9999999928250172
897,390,gradient_boosting_tuned,4,0,0,2.2702560674971024e-05
898,128,gradient_boosting_tuned,4,0,0,1.9600469794989487e-08
925,91,gradient_boosting_tuned,4,0,0,6.570353652185499e-10
930,438,gradient_boosting_tuned,4,1,1,0.9999914492879598
935,381,gradient_boosting_tuned,4,0,0,3.3565054484196818e-06
941,532,gradient_boosting_tuned,4,0,0,6.794016856891828e-08
944,251,gradient_boosting_tuned,4,1,1,0.9999999954901506
949,491,gradient_boosting_tuned,4,0,0,0.00012598656400648818
951,239,gradient_boosting_tuned,4,0,0,0.2071667244028931
957,411,gradient_boosting_tuned,4,0,0,1.5209754070648002e-07
959,135,gradient_boosting_tuned,4,0,0,1.0484420775837021e-09
972,511,gradient_boosting_tuned,4,0,1,0.9995209875166724
985,387,gradient_boosting_tuned,4,0,0,1.7097816997996882e-06
986,268,gradient_boosting_tuned,4,1,1,0.7436069294162467
997,239,gradient_boosting_tuned,4,0,0,0.176527608841556
1007,420,gradient_boosting_tuned,4,0,0,2.0693483884539014e-08
1010,264,gradient_boosting_tuned,4,0,0,4.942436574451317e-07
1011,396,gradient_boosting_tuned,4,1,1,0.9999998359743594
1018,372,gradient_boosting_tuned,4,0,0,9.393142824914642e-06
1019,471,gradient_boosting_tuned,4,1,1,0.99666759961277
1027,104,gradient_boosting_tuned,4,0,0,7.840649644541345e-09
1030,396,gradient_boosting_tuned,4,1,1,0.9999998359743594
1031,477,gradient_boosting_tuned,4,0,0,8.584131398446793e-07
1033,132,gradient_boosting_tuned,4,0,0,9.215926145561662e-05
1037,268,gradient_boosting_tuned,4,1,1,0.7436069294162467
1046,329,gradient_boosting_tuned,4,1,1,0.9999999999919618
1048,417,gradient_boosting_tuned,4,0,0,1.6034060607110852e-09
1050,416,gradient_boosting_tuned,4,1,1,0.9999998988852692
1051,65,gradient_boosting_tuned,4,0,0,5.1363960852084295e-05
1055,506,gradient_boosting_tuned,4,0,0,7.639918054876288e-09
1062,407,gradient_boosting_tuned,4,0,0,1.9786174410445182e-08
1065,284,gradient_boosting_tuned,4,0,0,1.6421239912463072e-05
1071,92,gradient_boosting_tuned,4,0,0,5.9008273005189125e-09
1072,511,gradient_boosting_tuned,4,0,1,0.9997852432367362
1076,50,gradient_boosting_tuned,4,1,1,0.99999783397486
1091,472,gradient_boosting_tuned,4,1,1,0.7156077927599046
1098,472,gradient_boosting_tuned,4,1,1,0.7156077927599046
1102,132,gradient_boosting_tuned,4,0,0,9.215926145561662e-05
1106,135,gradient_boosting_tuned,4,0,0,1.0484420775837021e-09
1110,284,gradient_boosting_tuned,4,0,0,1.6421239912463072e-05
1114,477,gradient_boosting_tuned,4,0,0,4.827793402047071e-07
1115,248,gradient_boosting_tuned,4,1,1,0.9999999991216642
1119,222,gradient_boosting_tuned,4,1,1,0.9998700872722385
1123,110,gradient_boosting_tuned,4,0,0,0.1545833089616529
1125,104,gradient_boosting_tuned,4,0,0,6.0327713476575875e-09
1134,51,gradient_boosting_tuned,4,1,1,0.999999994532929
1141,423,gradient_boosting_tuned,4,1,1,0.9995591093831986
1144,338,gradient_boosting_tuned,4,1,1,0.9999999998694171
1146,132,gradient_boosting_tuned,4,0,0,9.215926145561662e-05
1152,278,gradient_boosting_tuned,4,1,0,6.920448949021607e-08
1154,242,gradient_boosting_tuned,4,0,0,6.316958950588932e-08
1163,372,gradient_boosting_tuned,4,0,0,9.403084391268475e-06
1164,141,gradient_boosting_tuned,4,0,0,8.072818515525802e-08
1165,242,gradient_boosting_tuned,4,0,0,6.316958950588932e-08
1169,511,gradient_boosting_tuned,4,0,1,0.9995209875166724
1179,132,gradient_boosting_tuned,4,0,0,9.215926145561662e-05
1185,407,gradient_boosting_tuned,4,0,0,1.9786174410445182e-08
1203,338,gradient_boosting_tuned,4,1,1,0.9999999998694171
1206,390,gradient_boosting_tuned,4,0,0,9.12665664896971e-06
1212,484,gradient_boosting_tuned,4,1,1,0.9813584947574079
1227,390,gradient_boosting_tuned,4,0,0,1.812424735734306e-05
1230,3,gradient_boosting_tuned,4,1,1,0.9999992784812654
1232,109,gradient_boosting_tuned,4,1,1,0.9999999701085889
1241,420,gradient_boosting_tuned,4,0,0,2.0693483884539014e-08
1246,251,gradient_boosting_tuned,4,1,1,0.9999999954901506
1258,182,gradient_boosting_tuned,4,0,1,0.9999742290468852
1265,182,gradient_boosting_tuned,4,0,1,0.9999742290468852
1276,438,gradient_boosting_tuned,4,1,1,0.9999914492879598
1279,469,gradient_boosting_tuned,4,0,1,0.997617385712206
1280,390,gradient_boosting_tuned,4,0,0,1.812424735734306e-05
1281,379,gradient_boosting_tuned,4,0,0,5.558624614301379e-07
1283,242,gradient_boosting_tuned,4,0,0,6.316958950588932e-08
1284,338,gradient_boosting_tuned,4,1,1,0.9999999998864677
1285,416,gradient_boosting_tuned,4,1,1,0.9999998988852692
1289,417,gradient_boosting_tuned,4,0,0,1.8502355102190332e-09
1290,271,gradient_boosting_tuned,4,0,0,0.2726977767387934
1292,417,gradient_boosting_tuned,4,0,0,1.6034060607110852e-09
1295,109,gradient_boosting_tuned,4,1,1,0.9999999684748496
1297,3,gradient_boosting_tuned,4,1,1,0.9999993517640039
1301,94,gradient_boosting_tuned,4,0,0,3.6857590222363946e-07
1305,110,gradient_boosting_tuned,4,0,0,0.1545833089616529
1319,435,gradient_boosting_tuned,4,1,1,0.9999999569291654
1325,242,gradient_boosting_tuned,4,0,0,6.316958950588932e-08
1332,480,gradient_boosting_tuned,4,0,0,0.005074251109799563
1336,469,gradient_boosting_tuned,4,0,1,0.997617385712206
1351,299,gradient_boosting_tuned,4,0,0,5.19987241924554e-06
1358,511,gradient_boosting_tuned,4,0,1,0.9994305679565257
1361,435,gradient_boosting_tuned,4,1,1,0.9999999569291654
1364,152,gradient_boosting_tuned,4,1,1,0.999999084749219
1366,83,gradient_boosting_tuned,4,0,0,2.5701779025990713e-08
1367,103,gradient_boosting_tuned,4,1,1,0.9999999985030534
1375,396,gradient_boosting_tuned,4,1,1,0.9999998359743594
1376,65,gradient_boosting_tuned,4,0,0,4.49147657228156e-05
1377,248,gradient_boosting_tuned,4,1,1,0.9999999990223687
1378,506,gradient_boosting_tuned,4,0,0,7.639918054876288e-09
1379,55,gradient_boosting_tuned,4,0,0,7.64046182860522e-08
1380,469,gradient_boosting_tuned,4,0,1,0.9990658419513635
1389,132,gradient_boosting_tuned,4,0,0,9.215926145561662e-05
1392,103,gradient_boosting_tuned,4,1,1,0.9999999985030534
1393,96,gradient_boosting_tuned,4,1,1,0.9999999928250172
1394,109,gradient_boosting_tuned,4,1,1,0.9999999684748496
1395,92,gradient_boosting_tuned,4,0,0,5.9008273005189125e-09
1397,59,gradient_boosting_tuned,4,0,0,2.425662900030784e-08
1398,6,gradient_boosting_tuned,4,0,0,0.0003097078644204502
1399,141,gradient_boosting_tuned,4,0,0,8.072818515525802e-08
1404,329,gradient_boosting_tuned,4,1,1,0.9999999999919618
1406,336,gradient_boosting_tuned,4,0,0,4.4370619784999254e-08
1409,396,gradient_boosting_tuned,4,1,1,0.9999998470284212
1412,242,gradient_boosting_tuned,4,0,0,6.316958950588932e-08
1418,6,gradient_boosting_tuned,4,0,0,0.00041197341112993104
1421,50,gradient_boosting_tuned,4,1,1,0.9999982707936169
1425,338,gradient_boosting_tuned,4,1,1,0.9999999998864677
1428,169,gradient_boosting_tuned,4,1,1,0.9999999985764041
1432,104,gradient_boosting_tuned,4,0,0,6.91214829915662e-09
1433,268,gradient_boosting_tuned,4,1,1,0.7436069294162467
1442,51,gradient_boosting_tuned,4,1,1,0.9999999991535877
1447,93,gradient_boosting_tuned,4,0,0,4.136337210987263e-08
1453,152,gradient_boosting_tuned,4,1,1,0.999999084749219
1454,62,gradient_boosting_tuned,4,1,1,0.9999999842724552
1455,182,gradient_boosting_tuned,4,0,1,0.9999844997963168
1457,430,gradient_boosting_tuned,4,1,1,0.999999967159529
1459,507,gradient_boosting_tuned,4,0,1,0.9180134516211899
1462,463,gradient_boosting_tuned,4,1,1,0.9999999829491625
1475,369,gradient_boosting_tuned,4,1,1,0.9999968337168575
1478,92,gradient_boosting_tuned,4,0,0,5.9008273005189125e-09
1482,268,gradient_boosting_tuned,4,1,1,0.7436069294162467
1489,416,gradient_boosting_tuned,4,1,1,0.9999998988852692
1491,299,gradient_boosting_tuned,4,0,0,5.19987241924554e-06
1492,311,gradient_boosting_tuned,4,0,0,1.1123858149768428e-07
1500,417,gradient_boosting_tuned,4,0,0,1.6034060607110852e-09
1504,381,gradient_boosting_tuned,4,0,0,3.807379452915643e-06
1512,471,gradient_boosting_tuned,4,1,1,0.99666759961277
1531,65,gradient_boosting_tuned,4,0,0,5.1363960852084295e-05
1536,491,gradient_boosting_tuned,4,0,0,0.00012598656400648818
1542,128,gradient_boosting_tuned,4,0,0,1.9600469794989487e-08
1552,372,gradient_boosting_tuned,4,0,0,9.393085295327568e-06
1554,251,gradient_boosting_tuned,4,1,1,0.9999999931387966
1557,238,gradient_boosting_tuned,4,1,0,0.0004911147710342048
1564,268,gradient_boosting_tuned,4,1,1,0.7436069294162467
1565,338,gradient_boosting_tuned,4,1,1,0.9999999998865345
1568,477,gradient_boosting_tuned,4,0,0,8.584131398446793e-07
1569,271,gradient_boosting_tuned,4,0,0,0.2726977767387934
1570,271,gradient_boosting_tuned,4,0,0,0.2726977767387934
1571,81,gradient_boosting_tuned,4,0,0,0.0009754310760919952
1572,484,gradient_boosting_tuned,4,1,1,0.9813584947574079
1586,251,gradient_boosting_tuned,4,1,1,0.9999999948327649
1594,491,gradient_boosting_tuned,4,0,0,0.00012598656400648818
1595,132,gradient_boosting_tuned,4,0,0,9.215926145561662e-05
1596,250,gradient_boosting_tuned,4,0,0,1.7855552069146228e-05
1606,7,gradient_boosting_tuned,4,0,0,1.9840260458802208e-07
1608,62,gradient_boosting_tuned,4,1,1,0.9999999842724552
1616,278,gradient_boosting_tuned,4,1,0,6.920448949021607e-08
1617,284,gradient_boosting_tuned,4,0,0,1.6421239912463072e-05
1623,460,gradient_boosting_tuned,4,0,0,1.0105395716584112e-09
1624,387,gradient_boosting_tuned,4,0,0,2.1300060100594743e-06
1625,311,gradient_boosting_tuned,4,0,0,1.1123858149768428e-07
1626,518,gradient_boosting_tuned,4,0,0,0.0324599582406542
1642,407,gradient_boosting_tuned,4,0,0,1.9786174410445182e-08
1645,268,gradient_boosting_tuned,4,1,1,0.7168169270330274
1652,329,gradient_boosting_tuned,4,1,1,0.9999999999919618
1657,3,gradient_boosting_tuned,4,1,1,0.9999993905488511
1659,222,gradient_boosting_tuned,4,1,1,0.9998700872722385
1660,506,gradient_boosting_tuned,4,0,0,7.639918054876288e-09
1666,396,gradient_boosting_tuned,4,1,1,0.9999998359743594
1667,306,gradient_boosting_tuned,4,0,0,2.4182212781308013e-06
1668,329,gradient_boosting_tuned,4,1,1,0.9999999999919618
1671,435,gradient_boosting_tuned,4,1,1,0.9999999569291654
1672,132,gradient_boosting_tuned,4,0,0,1.879879230630638e-05
1673,511,gradient_boosting_tuned,4,0,1,0.9994307600421004
1687,251,gradient_boosting_tuned,4,1,1,0.9999999954901506
1693,268,gradient_boosting_tuned,4,1,1,0.7436069294162467
1701,469,gradient_boosting_tuned,4,0,1,0.997617385712206
1705,91,gradient_boosting_tuned,4,0,0,6.570353652185499e-10
1712,6,gradient_boosting_tuned,4,0,0,0.000411907185344833
1713,477,gradient_boosting_tuned,4,0,0,5.057501734984848e-07
1721,268,gradient_boosting_tuned,4,1,1,0.7436069294162467
1722,416,gradient_boosting_tuned,4,1,1,0.9999998988852692
1726,271,gradient_boosting_tuned,4,0,0,0.2726977767387934
1741,526,gradient_boosting_tuned,4,0,0,4.16398444379295e-07
1743,59,gradient_boosting_tuned,4,0,0,2.425662900030784e-08
1748,506,gradient_boosting_tuned,4,0,0,5.0365783873193314e-09
1749,7,gradient_boosting_tuned,4,0,0,1.4592623097851313e-07
1751,94,gradient_boosting_tuned,4,0,0,3.1002206344501786e-07
1755,152,gradient_boosting_tuned,4,1,1,0.999999084749219
1757,51,gradient_boosting_tuned,4,1,1,0.9999999989868895
1766,91,gradient_boosting_tuned,4,0,0,6.570353652185499e-10
1769,128,gradient_boosting_tuned,4,0,0,1.9600469794989487e-08
1773,396,gradient_boosting_tuned,4,1,1,0.9999998359743594
1777,83,gradient_boosting_tuned,4,0,0,2.5701779025990713e-08
1780,81,gradient_boosting_tuned,4,0,0,0.0009754310760919952
1791,284,gradient_boosting_tuned,4,0,0,1.6421239912463072e-05
1792,284,gradient_boosting_tuned,4,0,0,1.6421239912463072e-05
1803,92,gradient_boosting_tuned,4,0,0,8.36517584859591e-09
1804,329,gradient_boosting_tuned,4,1,1,0.9999999999919618
1806,141,gradient_boosting_tuned,4,0,0,8.072818515525802e-08
1807,233,gradient_boosting_tuned,4,1,1,0.9999999967288011
1822,526,gradient_boosting_tuned,4,0,0,4.16398444379295e-07
1834,460,gradient_boosting_tuned,4,0,0,1.0105395716584112e-09
1837,518,gradient_boosting_tuned,4,0,0,0.0324599582406542
1842,278,gradient_boosting_tuned,4,1,0,6.920448949021607e-08
1844,109,gradient_boosting_tuned,4,1,1,0.9999999684748496
1851,488,gradient_boosting_tuned,4,0,0,0.008461601629693206
1854,81,gradient_boosting_tuned,4,0,0,0.0009754310760919952
1855,511,gradient_boosting_tuned,4,0,1,0.9995211491157795
1856,135,gradient_boosting_tuned,4,0,0,1.0484420775837021e-09
1857,507,gradient_boosting_tuned,4,0,1,0.9301281883088819
1860,135,gradient_boosting_tuned,4,0,0,1.0484420775837021e-09
1863,239,gradient_boosting_tuned,4,0,0,0.19718550361335924
1865,526,gradient_boosting_tuned,4,0,0,4.16398444379295e-07
1878,192,gradient_boosting_tuned,4,1,1,0.99999999984304
1880,278,gradient_boosting_tuned,4,1,0,6.920448949021607e-08
1882,242,gradient_boosting_tuned,4,0,0,6.316958950588932e-08
1883,62,gradient_boosting_tuned,4,1,1,0.9999999896623296
1884,329,gradient_boosting_tuned,4,1,1,0.9999999999919618
1891,7,gradient_boosting_tuned,4,0,0,1.9840260458802208e-07
1892,315,gradient_boosting_tuned,4,1,0,0.2781796817844751
1895,268,gradient_boosting_tuned,4,1,1,0.7436069294162467
1900,81,gradient_boosting_tuned,4,0,0,0.0009754310760919952
1905,336,gradient_boosting_tuned,4,0,0,3.911618543237385e-08
1906,284,gradient_boosting_tuned,4,0,0,1.6421239912463072e-05
1907,104,gradient_boosting_tuned,4,0,0,6.91214829915662e-09
1908,242,gradient_boosting_tuned,4,0,0,6.316958950588932e-08
1909,438,gradient_boosting_tuned,4,1,1,0.9999914492879598
1913,7,gradient_boosting_tuned,4,0,0,1.7348731025875023e-07
1915,425,gradient_boosting_tuned,4,0,0,2.347573499256754e-10
1920,216,gradient_boosting_tuned,4,0,0,0.24609655015360066
1922,526,gradient_boosting_tuned,4,0,0,5.115713773771584e-07
1930,315,gradient_boosting_tuned,4,1,0,0.2785850112691411
1935,110,gradient_boosting_tuned,4,0,0,0.17178127698042223
1941,372,gradient_boosting_tuned,4,0,0,1.3501545573102098e-05
1946,109,gradient_boosting_tuned,4,1,1,0.9999999684748496
1948,477,gradient_boosting_tuned,4,0,0,7.04288889734573e-07
1949,104,gradient_boosting_tuned,4,0,0,6.91214829915662e-09
1953,65,gradient_boosting_tuned,4,0,0,5.1363960852084295e-05
1957,233,gradient_boosting_tuned,4,1,1,0.9999999967285931
1975,435,gradient_boosting_tuned,4,1,1,0.9999999569291654
1979,83,gradient_boosting_tuned,4,0,0,2.265813632920682e-08
1991,438,gradient_boosting_tuned,4,1,1,0.9999914492879598
1994,390,gradient_boosting_tuned,4,0,0,2.2702560674971024e-05
1995,169,gradient_boosting_tuned,4,1,1,0.9999999985764041
2010,284,gradient_boosting_tuned,4,0,0,1.6421239912463072e-05
2020,55,gradient_boosting_tuned,4,0,0,7.64046182860522e-08
